{
"type": "FeatureCollection",
"name": "noe_pv_zones",
"crs": { "type": "name", "properties": { "name": "urn:ogc:def:crs:OGC:1.3:CRS84" } },
"features": [
{ "type": "Feature", "properties": { "GID": "31c3156c-b962-4108-97c7-a78b1a8bfe54", "ZONENAME": "AM01", "COMMUNITY": "Ennsdorf", "DISTRICT": "Amstetten und Waidhofen an der Ybbs", "LEGALFOUNDATIONDATE": "2022-12-21T00:00:00", "LEGISLATIONCODE": "NÖ LGBl. Nr. 94/2022", "LEGISLATIONTITLE": "Sektorales RO-Programm über PV-Anlagen im Grünland in NÖ", "LASTUPDATE": "2023-01-17T00:00:00" }, "geometry": { "type": "Polygon", "coordinates": [ [ [ 14.49748601, 48.2029447 ], [ 14.49748859, 48.20220802 ], [ 14.49748912, 48.20203507 ], [ 14.49749092, 48.20156722 ], [ 14.49749101, 48.20153583 ], [ 14.4974924, 48.20116889 ], [ 14.49749283, 48.20102103 ], [ 14.49749509, 48.20040703 ], [ 14.49749536, 48.20033562 ], [ 14.49743459, 48.20030143 ], [ 14.49737231, 48.20030782 ], [ 14.49676312, 48.20037054 ], [ 14.49612708, 48.20043604 ], [ 14.49548792, 48.20050068 ], [ 14.494857, 48.20056676 ], [ 14.49422634, 48.20063823 ], [ 14.49358061, 48.20070993 ], [ 14.49292268, 48.20078365 ], [ 14.49231655, 48.20085135 ], [ 14.49186034, 48.20090981 ], [ 14.49187354, 48.20095851 ], [ 14.49187703, 48.20164593 ], [ 14.49187739, 48.20172183 ], [ 14.49185781, 48.20179586 ], [ 14.49174959, 48.20220615 ], [ 14.49177281, 48.20220358 ], [ 14.49167832, 48.20253027 ], [ 14.49159884, 48.20265715 ], [ 14.49159288, 48.20269121 ], [ 14.49161514, 48.20286168 ], [ 14.49175969, 48.20358195 ], [ 14.49748601, 48.2029447 ] ] ] } },
{ "type": "Feature", "properties": { "GID": "dd8c4fd6-8c9d-4e6a-a5e8-9b09d1d9343e", "ZONENAME": "AM02", "COMMUNITY": "St. Valentin", "DISTRICT": "Amstetten und Waidhofen an der Ybbs", "LEGALFOUNDATIONDATE": "2022-12-21T00:00:00", "LEGISLATIONCODE": "NÖ LGBl. Nr. 94/2022", "LEGISLATIONTITLE": "Sektorales RO-Programm über PV-Anlagen im Grünland in NÖ", "LASTUPDATE": "2023-01-17T00:00:00" }, "geometry": { "type": "Polygon", "coordinates": [ [ [ 14.51294926, 48.19550333 ], [ 14.51284125, 48.195735 ], [ 14.51271488, 48.19598642 ], [ 14.51259993, 48.1962166 ], [ 14.51256374, 48.19633382 ], [ 14.51256045, 48.19642657 ], [ 14.51258752, 48.19656621 ], [ 14.51269185, 48.1967856 ], [ 14.51285487, 48.19700591 ], [ 14.51301623, 48.19712269 ], [ 14.51335241, 48.19727794 ], [ 14.513884, 48.19749339 ], [ 14.51421548, 48.19763072 ], [ 14.51441978, 48.19774104 ], [ 14.51452327, 48.19785135 ], [ 14.51485943, 48.19778443 ], [ 14.51535304, 48.19767549 ], [ 14.51590138, 48.1975427 ], [ 14.51646638, 48.19741459 ], [ 14.51698826, 48.19727199 ], [ 14.5175124, 48.19712253 ], [ 14.51804044, 48.19697293 ], [ 14.51845964, 48.19681106 ], [ 14.51842103, 48.19677575 ], [ 14.51799583, 48.19644278 ], [ 14.51754529, 48.196125 ], [ 14.51707375, 48.19582398 ], [ 14.51657512, 48.19553736 ], [ 14.51605886, 48.19526827 ], [ 14.51550881, 48.19500924 ], [ 14.51522902, 48.1948916 ], [ 14.51472679, 48.19515023 ], [ 14.51420406, 48.19543821 ], [ 14.51387327, 48.19558288 ], [ 14.51314993, 48.19580699 ], [ 14.51294926, 48.19550333 ] ] ] } },
{ "type": "Feature", "properties": { "GID": "849bcc2b-3401-45a2-9cee-06ff3192d1c6", "ZONENAME": "AM03", "COMMUNITY": "St. Valentin", "DISTRICT": "Amstetten und Waidhofen an der Ybbs", "LEGALFOUNDATIONDATE": "2022-12-21T00:00:00", "LEGISLATIONCODE": "NÖ LGBl. Nr. 94/2022", "LEGISLATIONTITLE": "Sektorales RO-Programm über PV-Anlagen im Grünland in NÖ", "LASTUPDATE": "2023-01-17T00:00:00" }, "geometry": { "type": "Polygon", "coordinates": [ [ [ 14.53663279, 48.18996792 ], [ 14.53698978, 48.18971013 ], [ 14.537449, 48.1894241 ], [ 14.53747353, 48.18936305 ], [ 14.53724283, 48.18894736 ], [ 14.53678844, 48.18858185 ], [ 14.53655268, 48.18839221 ], [ 14.53638748, 48.18829869 ], [ 14.53618944, 48.18818655 ], [ 14.53612532, 48.18815322 ], [ 14.53594888, 48.18806171 ], [ 14.53576349, 48.18790392 ], [ 14.53559658, 48.18785746 ], [ 14.53524376, 48.18770573 ], [ 14.53506916, 48.18755656 ], [ 14.53504244, 48.18753372 ], [ 14.53500869, 48.18750494 ], [ 14.53495015, 48.18745168 ], [ 14.53467661, 48.18722735 ], [ 14.53455546, 48.1873092 ], [ 14.53406831, 48.18762581 ], [ 14.5336093, 48.18794392 ], [ 14.53316171, 48.18825616 ], [ 14.53269718, 48.18857442 ], [ 14.53224115, 48.18888827 ], [ 14.53200612, 48.18904711 ], [ 14.5317781, 48.1892012 ], [ 14.53129727, 48.18951351 ], [ 14.53122609, 48.18955849 ], [ 14.53115173, 48.1896054 ], [ 14.53117627, 48.18967755 ], [ 14.53180471, 48.19002724 ], [ 14.53237615, 48.19055065 ], [ 14.53275177, 48.19108625 ], [ 14.53289791, 48.19135507 ], [ 14.53292208, 48.19141669 ], [ 14.53308181, 48.19182423 ], [ 14.53319686, 48.19215516 ], [ 14.53328645, 48.1925485 ], [ 14.53337579, 48.19247445 ], [ 14.53344631, 48.19235482 ], [ 14.53356264, 48.19217545 ], [ 14.53367714, 48.19207281 ], [ 14.53429078, 48.19165326 ], [ 14.53493866, 48.19118514 ], [ 14.53600004, 48.19040279 ], [ 14.53597759, 48.19036858 ], [ 14.53598877, 48.19035832 ], [ 14.53601011, 48.19033874 ], [ 14.53612831, 48.19030873 ], [ 14.53663279, 48.18996792 ] ] ] } },
{ "type": "Feature", "properties": { "GID": "2afdfd65-0dc6-45ed-858f-190d1fd51808", "ZONENAME": "AM05", "COMMUNITY": "Winklarn", "DISTRICT": "Amstetten und Waidhofen an der Ybbs", "LEGALFOUNDATIONDATE": "2022-12-21T00:00:00", "LEGISLATIONCODE": "NÖ LGBl. Nr. 94/2022", "LEGISLATIONTITLE": "Sektorales RO-Programm über PV-Anlagen im Grünland in NÖ", "LASTUPDATE": "2023-01-17T00:00:00" }, "geometry": { "type": "Polygon", "coordinates": [ [ [ 14.84804088, 48.0995249 ], [ 14.8486122, 48.1019338 ], [ 14.84935688, 48.10189447 ], [ 14.8519668, 48.10183848 ], [ 14.85199149, 48.10183788 ], [ 14.85205227, 48.10182269 ], [ 14.8521055, 48.10179716 ], [ 14.85212338, 48.10176617 ], [ 14.85212178, 48.10173453 ], [ 14.85206727, 48.10154755 ], [ 14.85204345, 48.10152287 ], [ 14.85201325, 48.10147758 ], [ 14.85195251, 48.101412 ], [ 14.85186293, 48.10131534 ], [ 14.85184635, 48.10117624 ], [ 14.85178565, 48.10066899 ], [ 14.85182401, 48.10051685 ], [ 14.85181733, 48.10049967 ], [ 14.85170996, 48.10025916 ], [ 14.85168883, 48.10021168 ], [ 14.85155021, 48.09992202 ], [ 14.85151917, 48.09985741 ], [ 14.85146745, 48.09973767 ], [ 14.85142176, 48.09962216 ], [ 14.85134609, 48.09940929 ], [ 14.85131214, 48.09930955 ], [ 14.85128836, 48.0992409 ], [ 14.85121092, 48.09901742 ], [ 14.85090334, 48.09901861 ], [ 14.85068748, 48.09901849 ], [ 14.85052772, 48.09901839 ], [ 14.85042559, 48.09949632 ], [ 14.84864095, 48.09956052 ], [ 14.84863506, 48.09953453 ], [ 14.84804088, 48.0995249 ] ] ] } },
{ "type": "Feature", "properties": { "GID": "86e3d62e-f613-400a-869d-be0faadf9ef4", "ZONENAME": "AM06", "COMMUNITY": "Amstetten", "DISTRICT": "Amstetten und Waidhofen an der Ybbs", "LEGALFOUNDATIONDATE": "2022-12-21T00:00:00", "LEGISLATIONCODE": "NÖ LGBl. Nr. 94/2022", "LEGISLATIONTITLE": "Sektorales RO-Programm über PV-Anlagen im Grünland in NÖ", "LASTUPDATE": "2023-01-17T00:00:00" }, "geometry": { "type": "Polygon", "coordinates": [ [ [ 14.89205741, 48.10847435 ], [ 14.89205154, 48.10856905 ], [ 14.89190052, 48.10877534 ], [ 14.89169972, 48.10904535 ], [ 14.89159555, 48.10918913 ], [ 14.89139519, 48.10936704 ], [ 14.89118242, 48.1095569 ], [ 14.89109022, 48.10963864 ], [ 14.89127018, 48.10958116 ], [ 14.89144984, 48.10952711 ], [ 14.89188077, 48.10933996 ], [ 14.89204619, 48.10927251 ], [ 14.89212898, 48.10924351 ], [ 14.89225389, 48.10921763 ], [ 14.89250178, 48.109171 ], [ 14.89255647, 48.10923619 ], [ 14.8927152, 48.10948488 ], [ 14.89274621, 48.10953347 ], [ 14.8927775, 48.10958242 ], [ 14.89283868, 48.10967837 ], [ 14.89297993, 48.10989968 ], [ 14.89302997, 48.10997823 ], [ 14.89315921, 48.11002433 ], [ 14.89351244, 48.11011451 ], [ 14.89366959, 48.11011101 ], [ 14.89377038, 48.11010877 ], [ 14.89405236, 48.11006762 ], [ 14.89432791, 48.10996936 ], [ 14.89454032, 48.10987492 ], [ 14.89456756, 48.10985639 ], [ 14.89496506, 48.10958532 ], [ 14.89499309, 48.10957541 ], [ 14.89504725, 48.10958115 ], [ 14.89509845, 48.10958666 ], [ 14.89529929, 48.10959347 ], [ 14.89545667, 48.10957541 ], [ 14.89547264, 48.10957528 ], [ 14.89552842, 48.10956169 ], [ 14.89560089, 48.10954404 ], [ 14.89570816, 48.10950778 ], [ 14.89575192, 48.1094892 ], [ 14.89586172, 48.10945659 ], [ 14.89595856, 48.10940374 ], [ 14.89599423, 48.10938878 ], [ 14.89620263, 48.10928603 ], [ 14.89639362, 48.10919863 ], [ 14.89646606, 48.10917381 ], [ 14.89662369, 48.10912868 ], [ 14.89678898, 48.10907895 ], [ 14.89697063, 48.10902 ], [ 14.89710585, 48.10893533 ], [ 14.89720697, 48.10885994 ], [ 14.89739132, 48.10873494 ], [ 14.89762015, 48.10857993 ], [ 14.89799648, 48.1083247 ], [ 14.89819307, 48.10819135 ], [ 14.8982682, 48.1081405 ], [ 14.89843347, 48.10802844 ], [ 14.89922056, 48.10745688 ], [ 14.89911853, 48.10732014 ], [ 14.89897018, 48.10725686 ], [ 14.89833403, 48.10698535 ], [ 14.89780809, 48.10676092 ], [ 14.8980111, 48.10660176 ], [ 14.89672717, 48.10608903 ], [ 14.89646447, 48.10599456 ], [ 14.89531422, 48.10723773 ], [ 14.89207229, 48.10829536 ], [ 14.89205741, 48.10847435 ] ] ] } },
{ "type": "Feature", "properties": { "GID": "e55bedee-393c-417b-95af-e0a95d544f99", "ZONENAME": "AM08", "COMMUNITY": "St. Pantaleon-Erla", "DISTRICT": "Amstetten und Waidhofen an der Ybbs", "LEGALFOUNDATIONDATE": "2022-12-21T00:00:00", "LEGISLATIONCODE": "NÖ LGBl. Nr. 94/2022", "LEGISLATIONTITLE": "Sektorales RO-Programm über PV-Anlagen im Grünland in NÖ", "LASTUPDATE": "2023-01-17T00:00:00" }, "geometry": { "type": "Polygon", "coordinates": [ [ [ 14.52992183, 48.21786238 ], [ 14.52977245, 48.21787994 ], [ 14.52971564, 48.21773935 ], [ 14.52958155, 48.21740752 ], [ 14.52914607, 48.21653285 ], [ 14.52886099, 48.21660192 ], [ 14.5285942, 48.21666656 ], [ 14.52800088, 48.21681031 ], [ 14.52738023, 48.2169547 ], [ 14.52736125, 48.21695911 ], [ 14.52757345, 48.21746363 ], [ 14.52768082, 48.21771889 ], [ 14.52780366, 48.21801096 ], [ 14.52814428, 48.21863641 ], [ 14.52861669, 48.21853784 ], [ 14.52874144, 48.2185246 ], [ 14.52893129, 48.21945154 ], [ 14.52902967, 48.21979179 ], [ 14.529024, 48.21980434 ], [ 14.52890366, 48.22007064 ], [ 14.52895724, 48.2201341 ], [ 14.52915328, 48.22010405 ], [ 14.52920729, 48.22009578 ], [ 14.5293798, 48.22035904 ], [ 14.52941653, 48.22035365 ], [ 14.5295409, 48.22005827 ], [ 14.53031212, 48.22012122 ], [ 14.53081917, 48.21998898 ], [ 14.53058314, 48.21978378 ], [ 14.53042575, 48.21957848 ], [ 14.53036131, 48.21933066 ], [ 14.53026003, 48.21908395 ], [ 14.53015494, 48.21883601 ], [ 14.53001679, 48.21839281 ], [ 14.52992183, 48.21786238 ] ] ] } },
{ "type": "Feature", "properties": { "GID": "80587816-5e00-46aa-877a-a0382dbd6fa5", "ZONENAME": "AM09", "COMMUNITY": "Neuhofen an der Ybbs", "DISTRICT": "Amstetten und Waidhofen an der Ybbs", "LEGALFOUNDATIONDATE": "2022-12-21T00:00:00", "LEGISLATIONCODE": "NÖ LGBl. Nr. 94/2022", "LEGISLATIONTITLE": "Sektorales RO-Programm über PV-Anlagen im Grünland in NÖ", "LASTUPDATE": "2023-01-17T00:00:00" }, "geometry": { "type": "Polygon", "coordinates": [ [ [ 14.86616545, 48.07029573 ], [ 14.86609454, 48.0702779 ], [ 14.86547042, 48.07012098 ], [ 14.86546199, 48.07011887 ], [ 14.86531831, 48.07008274 ], [ 14.86514212, 48.07003846 ], [ 14.86507046, 48.07002044 ], [ 14.86503623, 48.07001184 ], [ 14.86499864, 48.07000239 ], [ 14.86498617, 48.06999925 ], [ 14.86498276, 48.0699984 ], [ 14.86462351, 48.06992282 ], [ 14.86435896, 48.06986718 ], [ 14.86391912, 48.06977464 ], [ 14.86385905, 48.06988381 ], [ 14.86378214, 48.07005454 ], [ 14.86348597, 48.07071206 ], [ 14.8637476, 48.07074267 ], [ 14.86362956, 48.07103878 ], [ 14.8635786, 48.07123948 ], [ 14.86350466, 48.07159302 ], [ 14.86340912, 48.07204658 ], [ 14.86332837, 48.07235587 ], [ 14.86316846, 48.07287891 ], [ 14.86309389, 48.07314824 ], [ 14.86324861, 48.07317538 ], [ 14.86355919, 48.07319014 ], [ 14.86379575, 48.07316802 ], [ 14.86411879, 48.07308608 ], [ 14.86428603, 48.0730629 ], [ 14.86500594, 48.07296312 ], [ 14.86522386, 48.07303504 ], [ 14.86545506, 48.07311138 ], [ 14.86553924, 48.07313535 ], [ 14.86576796, 48.0732028 ], [ 14.86585811, 48.07324 ], [ 14.8662265, 48.07338473 ], [ 14.86634389, 48.07343946 ], [ 14.8664783, 48.07346876 ], [ 14.86660208, 48.07350616 ], [ 14.86665013, 48.07351952 ], [ 14.86682515, 48.07356877 ], [ 14.86731664, 48.07283451 ], [ 14.86737958, 48.07274117 ], [ 14.86748492, 48.07257835 ], [ 14.86759192, 48.0722679 ], [ 14.86761849, 48.07219093 ], [ 14.86765927, 48.07207274 ], [ 14.8676752, 48.07202648 ], [ 14.86783347, 48.07156731 ], [ 14.86780379, 48.07139819 ], [ 14.86778502, 48.07129131 ], [ 14.86775252, 48.07110598 ], [ 14.86774513, 48.07106385 ], [ 14.86733677, 48.07058725 ], [ 14.8663464, 48.07034122 ], [ 14.86616545, 48.07029573 ] ] ] } },
{ "type": "Feature", "properties": { "GID": "e32d12be-ac6d-49dc-9523-273043a35d3a", "ZONENAME": "AM10", "COMMUNITY": "Haidershofen", "DISTRICT": "Amstetten und Waidhofen an der Ybbs", "LEGALFOUNDATIONDATE": "2022-12-21T00:00:00", "LEGISLATIONCODE": "NÖ LGBl. Nr. 94/2022", "LEGISLATIONTITLE": "Sektorales RO-Programm über PV-Anlagen im Grünland in NÖ", "LASTUPDATE": "2023-01-17T00:00:00" }, "geometry": { "type": "Polygon", "coordinates": [ [ [ 14.48222945, 48.10139366 ], [ 14.48225835, 48.10140138 ], [ 14.48356682, 48.10152804 ], [ 14.48486198, 48.10151042 ], [ 14.4848477, 48.10145565 ], [ 14.48469497, 48.10108494 ], [ 14.48445923, 48.10048356 ], [ 14.48427065, 48.10004391 ], [ 14.48424439, 48.0999827 ], [ 14.48418677, 48.09983747 ], [ 14.4841562, 48.09976045 ], [ 14.48401227, 48.09962204 ], [ 14.48372148, 48.09944795 ], [ 14.48353198, 48.09934911 ], [ 14.48337609, 48.09925768 ], [ 14.48316036, 48.09911423 ], [ 14.48309232, 48.0990613 ], [ 14.48299583, 48.09897908 ], [ 14.48283776, 48.09884422 ], [ 14.48241812, 48.09847833 ], [ 14.48224233, 48.09831325 ], [ 14.48205347, 48.09813427 ], [ 14.48179494, 48.09785248 ], [ 14.48152413, 48.09748347 ], [ 14.48146707, 48.09739878 ], [ 14.48135284, 48.09717634 ], [ 14.48131805, 48.0969335 ], [ 14.4813191, 48.09676334 ], [ 14.4813563, 48.09666116 ], [ 14.48030711, 48.09679069 ], [ 14.47988795, 48.09684243 ], [ 14.47958243, 48.09687488 ], [ 14.47919809, 48.09690065 ], [ 14.47876598, 48.09690324 ], [ 14.47875619, 48.09687339 ], [ 14.47706859, 48.09562954 ], [ 14.47689778, 48.09593135 ], [ 14.47690523, 48.0960678 ], [ 14.47692461, 48.09614881 ], [ 14.47698394, 48.09639672 ], [ 14.47694266, 48.09647312 ], [ 14.47734499, 48.09713852 ], [ 14.47754369, 48.09709014 ], [ 14.47815452, 48.09865227 ], [ 14.47834059, 48.09866984 ], [ 14.47864304, 48.09871648 ], [ 14.4789034, 48.09876624 ], [ 14.47955982, 48.0989125 ], [ 14.47998851, 48.09900321 ], [ 14.48033942, 48.09907355 ], [ 14.48103338, 48.09919875 ], [ 14.4822406, 48.09940724 ], [ 14.48226403, 48.09941042 ], [ 14.48239722, 48.09942852 ], [ 14.48230854, 48.09955828 ], [ 14.48223402, 48.0997513 ], [ 14.48219983, 48.09983987 ], [ 14.48212078, 48.10004464 ], [ 14.48211722, 48.10005385 ], [ 14.48194737, 48.10052473 ], [ 14.48174635, 48.10110358 ], [ 14.48172421, 48.10121298 ], [ 14.48174693, 48.10125647 ], [ 14.4820201, 48.10134422 ], [ 14.48222945, 48.10139366 ] ] ] } },
{ "type": "Feature", "properties": { "GID": "9ea21f67-0b1d-4e07-8f73-875964493c85", "ZONENAME": "AM11", "COMMUNITY": "St. Georgen am Ybbsfelde", "DISTRICT": "Amstetten und Waidhofen an der Ybbs", "LEGALFOUNDATIONDATE": "2022-12-21T00:00:00", "LEGISLATIONCODE": "NÖ LGBl. Nr. 94/2022", "LEGISLATIONTITLE": "Sektorales RO-Programm über PV-Anlagen im Grünland in NÖ", "LASTUPDATE": "2023-01-17T00:00:00" }, "geometry": { "type": "Polygon", "coordinates": [ [ [ 14.93488374, 48.11929955 ], [ 14.93452807, 48.11933101 ], [ 14.93454445, 48.11936125 ], [ 14.93395184, 48.11938137 ], [ 14.9338349, 48.12026797 ], [ 14.93375981, 48.12084561 ], [ 14.9343309, 48.12090123 ], [ 14.93465154, 48.12092608 ], [ 14.93501375, 48.12093502 ], [ 14.93528962, 48.12096248 ], [ 14.93526878, 48.1210572 ], [ 14.93562489, 48.12107575 ], [ 14.9356472, 48.12096684 ], [ 14.93597993, 48.12097089 ], [ 14.93639001, 48.12097589 ], [ 14.9367645, 48.12098045 ], [ 14.93716666, 48.12098535 ], [ 14.9378986, 48.12099425 ], [ 14.93799391, 48.12047154 ], [ 14.93808242, 48.12009285 ], [ 14.93820545, 48.11956639 ], [ 14.93830673, 48.11914537 ], [ 14.93840395, 48.11863131 ], [ 14.93841022, 48.11859325 ], [ 14.93863631, 48.11856695 ], [ 14.93866671, 48.11831757 ], [ 14.93871036, 48.11809991 ], [ 14.93880097, 48.11779487 ], [ 14.93905941, 48.11707565 ], [ 14.93837559, 48.11701301 ], [ 14.93788001, 48.11696759 ], [ 14.93785053, 48.11705924 ], [ 14.93770443, 48.11703821 ], [ 14.9376865, 48.11703565 ], [ 14.93771321, 48.11695234 ], [ 14.93741778, 48.11692563 ], [ 14.9370638, 48.11689362 ], [ 14.93689376, 48.11740832 ], [ 14.93674569, 48.11787536 ], [ 14.93662548, 48.11829057 ], [ 14.93655543, 48.1185159 ], [ 14.93652164, 48.11865237 ], [ 14.9365, 48.11881103 ], [ 14.93650132, 48.1190098 ], [ 14.93655431, 48.11902682 ], [ 14.93610951, 48.11912887 ], [ 14.9358742, 48.11919768 ], [ 14.93580501, 48.11921789 ], [ 14.93554953, 48.11929266 ], [ 14.93555118, 48.11925962 ], [ 14.93555204, 48.1192423 ], [ 14.93527247, 48.11926796 ], [ 14.93488374, 48.11929955 ] ] ] } },
{ "type": "Feature", "properties": { "GID": "fbf223d9-904d-4d7e-90ef-c6e429d31211", "ZONENAME": "BL01", "COMMUNITY": "Petronell-Carnuntum", "DISTRICT": "Bruck an der Leitha", "LEGALFOUNDATIONDATE": "2022-12-21T00:00:00", "LEGISLATIONCODE": "NÖ LGBl. Nr. 94/2022", "LEGISLATIONTITLE": "Sektorales RO-Programm über PV-Anlagen im Grünland in NÖ", "LASTUPDATE": "2023-01-17T00:00:00" }, "geometry": { "type": "Polygon", "coordinates": [ [ [ 16.85448794, 48.0974322 ], [ 16.8546886, 48.09737892 ], [ 16.85524155, 48.09733969 ], [ 16.85579185, 48.09733999 ], [ 16.85623209, 48.09735662 ], [ 16.85646753, 48.09736551 ], [ 16.8567466, 48.09737262 ], [ 16.85867671, 48.09742175 ], [ 16.85914808, 48.09752628 ], [ 16.85904503, 48.09757109 ], [ 16.85771934, 48.09947697 ], [ 16.85773099, 48.09955426 ], [ 16.85819449, 48.09984866 ], [ 16.85829213, 48.0999106 ], [ 16.85854988, 48.10007422 ], [ 16.85886785, 48.10027621 ], [ 16.8605165, 48.10132308 ], [ 16.86068957, 48.10144244 ], [ 16.86221747, 48.09925384 ], [ 16.86218186, 48.09911648 ], [ 16.8618301, 48.09776141 ], [ 16.86178315, 48.09770434 ], [ 16.86169213, 48.09759365 ], [ 16.86177466, 48.09750054 ], [ 16.86174699, 48.0974343 ], [ 16.86145182, 48.09672768 ], [ 16.86068566, 48.09558129 ], [ 16.86026457, 48.09508471 ], [ 16.85983404, 48.09475481 ], [ 16.85986297, 48.09458983 ], [ 16.85979951, 48.09454326 ], [ 16.85914071, 48.09405981 ], [ 16.858334, 48.09340795 ], [ 16.85813786, 48.09311231 ], [ 16.85435368, 48.09741787 ], [ 16.85448794, 48.0974322 ] ] ] } },
{ "type": "Feature", "properties": { "GID": "69497697-2d65-487c-b67e-fe361fd45b4c", "ZONENAME": "BL05", "COMMUNITY": "Schwechat", "DISTRICT": "Bruck an der Leitha", "LEGALFOUNDATIONDATE": "2022-12-21T00:00:00", "LEGISLATIONCODE": "NÖ LGBl. Nr. 94/2022", "LEGISLATIONTITLE": "Sektorales RO-Programm über PV-Anlagen im Grünland in NÖ", "LASTUPDATE": "2023-01-17T00:00:00" }, "geometry": { "type": "Polygon", "coordinates": [ [ [ 16.51094063, 48.13084488 ], [ 16.51111328, 48.13176239 ], [ 16.51141503, 48.13338351 ], [ 16.51175211, 48.13519514 ], [ 16.51216235, 48.13513273 ], [ 16.51259932, 48.13507234 ], [ 16.51353666, 48.1349432 ], [ 16.51440233, 48.13483852 ], [ 16.5147945, 48.13479879 ], [ 16.51451715, 48.13330966 ], [ 16.51424249, 48.13184065 ], [ 16.51420035, 48.1316153 ], [ 16.51385522, 48.12976904 ], [ 16.51367866, 48.12882474 ], [ 16.51295066, 48.12936187 ], [ 16.51170405, 48.13028173 ], [ 16.51094063, 48.13084488 ] ] ] } },
{ "type": "Feature", "properties": { "GID": "67c1358e-0dce-409e-99e2-c40fc9cf2c49", "ZONENAME": "BL06", "COMMUNITY": "Trautmannsdorf an der Leitha", "DISTRICT": "Bruck an der Leitha", "LEGALFOUNDATIONDATE": "2022-12-21T00:00:00", "LEGISLATIONCODE": "NÖ LGBl. Nr. 94/2022", "LEGISLATIONTITLE": "Sektorales RO-Programm über PV-Anlagen im Grünland in NÖ", "LASTUPDATE": "2023-01-17T00:00:00" }, "geometry": { "type": "Polygon", "coordinates": [ [ [ 16.69554038, 48.0278294 ], [ 16.69477678, 48.02799835 ], [ 16.69447868, 48.02806431 ], [ 16.69349084, 48.02828286 ], [ 16.69297614, 48.02842 ], [ 16.69284559, 48.02846528 ], [ 16.69278995, 48.02848461 ], [ 16.6922934, 48.02866917 ], [ 16.69201093, 48.02880989 ], [ 16.69175246, 48.02897032 ], [ 16.69162427, 48.02906551 ], [ 16.69140808, 48.02929075 ], [ 16.69133902, 48.02946472 ], [ 16.69213401, 48.03184624 ], [ 16.69220637, 48.03185798 ], [ 16.69380174, 48.03151478 ], [ 16.69385958, 48.03150237 ], [ 16.6965719, 48.03091885 ], [ 16.69688197, 48.03085213 ], [ 16.69707527, 48.0307874 ], [ 16.69719994, 48.03074528 ], [ 16.69761983, 48.03060348 ], [ 16.69661413, 48.02759167 ], [ 16.69617906, 48.027688 ], [ 16.69604988, 48.02771656 ], [ 16.69554038, 48.0278294 ] ] ] } },
{ "type": "Feature", "properties": { "GID": "86100f18-9559-4ec9-a388-472dd3260f1b", "ZONENAME": "BL09", "COMMUNITY": "Prellenkirchen", "DISTRICT": "Bruck", "LEGALFOUNDATIONDATE": "2022-12-21T00:00:00", "LEGISLATIONCODE": "NÖ LGBl. Nr. 94/2022", "LEGISLATIONTITLE": "Sektorales RO-Programm über PV-Anlagen im Grünland in NÖ", "LASTUPDATE": "2023-01-17T00:00:00" }, "geometry": { "type": "Polygon", "coordinates": [ [ [ 16.98009745, 48.03439626 ], [ 16.98075421, 48.03456852 ], [ 16.9815037, 48.03477601 ], [ 16.98218601, 48.03496212 ], [ 16.9830581, 48.03520499 ], [ 16.9831072, 48.03521099 ], [ 16.98344692, 48.03536784 ], [ 16.98652654, 48.03678966 ], [ 16.98755289, 48.03739568 ], [ 16.98862762, 48.0368498 ], [ 16.9886354, 48.03684586 ], [ 16.98879015, 48.03677224 ], [ 16.98895087, 48.03670461 ], [ 16.98911703, 48.03664318 ], [ 16.98928811, 48.03658816 ], [ 16.98946355, 48.03653971 ], [ 16.9896428, 48.036498 ], [ 16.98981931, 48.0364643 ], [ 16.98945169, 48.03550228 ], [ 16.98940533, 48.03538094 ], [ 16.98933514, 48.03519728 ], [ 16.9892108, 48.03487192 ], [ 16.98916175, 48.03474355 ], [ 16.98913629, 48.03467692 ], [ 16.98913263, 48.03466734 ], [ 16.98909073, 48.03455765 ], [ 16.98901665, 48.03436375 ], [ 16.98838118, 48.03270081 ], [ 16.98544109, 48.03319659 ], [ 16.9827614, 48.03367863 ], [ 16.98009745, 48.03439626 ] ] ] } },
{ "type": "Feature", "properties": { "GID": "62031a20-5e76-4c4d-b485-b3b9523aedfc", "ZONENAME": "BL12", "COMMUNITY": "Fischamend", "DISTRICT": "Bruck", "LEGALFOUNDATIONDATE": "2022-12-21T00:00:00", "LEGISLATIONCODE": "NÖ LGBl. Nr. 94/2022", "LEGISLATIONTITLE": "Sektorales RO-Programm über PV-Anlagen im Grünland in NÖ", "LASTUPDATE": "2023-01-17T00:00:00" }, "geometry": { "type": "Polygon", "coordinates": [ [ [ 16.58352762, 48.11918557 ], [ 16.58442223, 48.11907906 ], [ 16.58601696, 48.11886993 ], [ 16.58642173, 48.11880663 ], [ 16.58784084, 48.11858473 ], [ 16.58941439, 48.11832194 ], [ 16.58961344, 48.1182887 ], [ 16.58970112, 48.11827405 ], [ 16.59031143, 48.11816838 ], [ 16.5900538, 48.11734444 ], [ 16.58984042, 48.11666204 ], [ 16.58974418, 48.11635424 ], [ 16.58942734, 48.11534112 ], [ 16.58751847, 48.11566035 ], [ 16.58599776, 48.11590793 ], [ 16.58551223, 48.11598695 ], [ 16.58484864, 48.11607902 ], [ 16.58352762, 48.11918557 ] ] ] } },
{ "type": "Feature", "properties": { "GID": "576cf2df-5702-4d20-9baa-220a25582b1d", "ZONENAME": "BL13", "COMMUNITY": "Schwadorf", "DISTRICT": "Bruck", "LEGALFOUNDATIONDATE": "2022-12-21T00:00:00", "LEGISLATIONCODE": "NÖ LGBl. Nr. 94/2022", "LEGISLATIONTITLE": "Sektorales RO-Programm über PV-Anlagen im Grünland in NÖ", "LASTUPDATE": "2023-01-17T00:00:00" }, "geometry": { "type": "Polygon", "coordinates": [ [ [ 16.54306528, 48.07823197 ], [ 16.54413326, 48.07926799 ], [ 16.54451988, 48.07964726 ], [ 16.54459142, 48.07971744 ], [ 16.54465002, 48.07977255 ], [ 16.54467616, 48.07979822 ], [ 16.54476655, 48.07992405 ], [ 16.54581, 48.08137653 ], [ 16.54622603, 48.08197944 ], [ 16.54750063, 48.0814152 ], [ 16.54751238, 48.08143154 ], [ 16.54756043, 48.08149953 ], [ 16.5477548, 48.08176763 ], [ 16.5487314, 48.08148865 ], [ 16.5489395, 48.08140804 ], [ 16.54907516, 48.08136795 ], [ 16.54904763, 48.08129929 ], [ 16.54896194, 48.08121833 ], [ 16.54847123, 48.08098379 ], [ 16.54828959, 48.08080921 ], [ 16.54825027, 48.08071224 ], [ 16.54824868, 48.08065217 ], [ 16.5483118, 48.08056401 ], [ 16.54844933, 48.08032624 ], [ 16.54830317, 48.08016274 ], [ 16.54818511, 48.0801393 ], [ 16.54789953, 48.0801569 ], [ 16.5478647, 48.08015905 ], [ 16.54791646, 48.07982134 ], [ 16.54789358, 48.07957865 ], [ 16.54782658, 48.07937454 ], [ 16.54776249, 48.07915899 ], [ 16.54770421, 48.07908653 ], [ 16.54761372, 48.07884596 ], [ 16.5475386, 48.07875385 ], [ 16.54710487, 48.07846219 ], [ 16.54577056, 48.07756722 ], [ 16.54583832, 48.07736708 ], [ 16.54446461, 48.07779551 ], [ 16.54410674, 48.07790714 ], [ 16.54306528, 48.07823197 ] ] ] } },
{ "type": "Feature", "properties": { "GID": "59f8f5a4-a804-42ad-a522-59292ec18ebf", "ZONENAME": "BL14", "COMMUNITY": "Götzendorf an der Leitha", "DISTRICT": "Bruck an der Leitha", "LEGALFOUNDATIONDATE": "2022-12-21T00:00:00", "LEGISLATIONCODE": "NÖ LGBl. Nr. 94/2022", "LEGISLATIONTITLE": "Sektorales RO-Programm über PV-Anlagen im Grünland in NÖ", "LASTUPDATE": "2023-01-17T00:00:00" }, "geometry": { "type": "Polygon", "coordinates": [ [ [ 16.58080468, 48.02639997 ], [ 16.58161631, 48.0269016 ], [ 16.5820946, 48.02719718 ], [ 16.58289281, 48.02769056 ], [ 16.58292585, 48.02770335 ], [ 16.58338926, 48.02788249 ], [ 16.58376497, 48.02802783 ], [ 16.58405081, 48.02813837 ], [ 16.58430815, 48.02834466 ], [ 16.58481274, 48.02874909 ], [ 16.58493038, 48.02884344 ], [ 16.58499121, 48.02889224 ], [ 16.58508234, 48.02896525 ], [ 16.58510801, 48.02897805 ], [ 16.58525141, 48.0290496 ], [ 16.58554897, 48.02919797 ], [ 16.58614841, 48.02949705 ], [ 16.5862691, 48.02955723 ], [ 16.58637453, 48.02962193 ], [ 16.58687519, 48.02992931 ], [ 16.58710892, 48.03007288 ], [ 16.58718332, 48.03007011 ], [ 16.58788331, 48.02953823 ], [ 16.58908671, 48.02853542 ], [ 16.58929465, 48.02836876 ], [ 16.5899011, 48.02788268 ], [ 16.59047972, 48.02749306 ], [ 16.59033803, 48.02740365 ], [ 16.5903147, 48.02738892 ], [ 16.59037443, 48.02734715 ], [ 16.59034319, 48.02731988 ], [ 16.59026179, 48.02720809 ], [ 16.59010143, 48.02698846 ], [ 16.59004501, 48.0269108 ], [ 16.58993205, 48.02675861 ], [ 16.58978939, 48.02656646 ], [ 16.58942634, 48.02607721 ], [ 16.58942189, 48.02607128 ], [ 16.58936597, 48.02598678 ], [ 16.58929966, 48.02597584 ], [ 16.58927178, 48.02597125 ], [ 16.58906896, 48.02597709 ], [ 16.58882834, 48.02598391 ], [ 16.58859643, 48.02599063 ], [ 16.58847056, 48.02599423 ], [ 16.58822699, 48.02600115 ], [ 16.58718274, 48.02603105 ], [ 16.58621141, 48.02605889 ], [ 16.58563459, 48.02607543 ], [ 16.58503887, 48.02609247 ], [ 16.58492305, 48.02609577 ], [ 16.58451545, 48.02642393 ], [ 16.58300414, 48.02646505 ], [ 16.58212917, 48.02648887 ], [ 16.5820455, 48.02645748 ], [ 16.581857, 48.02623233 ], [ 16.5817372, 48.02618762 ], [ 16.58108383, 48.02620646 ], [ 16.58099172, 48.02623265 ], [ 16.58080363, 48.0263497 ], [ 16.58080468, 48.02639997 ] ] ] } },
{ "type": "Feature", "properties": { "GID": "eedaa6f0-003f-46d4-85ef-05a6d69b87c4", "ZONENAME": "BN01", "COMMUNITY": "Trumau", "DISTRICT": "Baden", "LEGALFOUNDATIONDATE": "2022-12-21T00:00:00", "LEGISLATIONCODE": "NÖ LGBl. Nr. 94/2022", "LEGISLATIONTITLE": "Sektorales RO-Programm über PV-Anlagen im Grünland in NÖ", "LASTUPDATE": "2023-01-17T00:00:00" }, "geometry": { "type": "Polygon", "coordinates": [ [ [ 16.37777668, 47.9881657 ], [ 16.38082172, 47.99080892 ], [ 16.38092416, 47.99090574 ], [ 16.37852504, 47.99273333 ], [ 16.37857695, 47.99279869 ], [ 16.38056833, 47.9932674 ], [ 16.38115574, 47.99344587 ], [ 16.38169502, 47.99359018 ], [ 16.38221533, 47.99364178 ], [ 16.38225064, 47.99236846 ], [ 16.38210754, 47.99100582 ], [ 16.38198888, 47.99059756 ], [ 16.38194912, 47.99033254 ], [ 16.38200677, 47.99008097 ], [ 16.38215097, 47.98983035 ], [ 16.3823341, 47.98966201 ], [ 16.3824171, 47.9895858 ], [ 16.3823622, 47.98917194 ], [ 16.382152, 47.98842242 ], [ 16.3811443, 47.98754244 ], [ 16.38058945, 47.98705071 ], [ 16.37996583, 47.98649803 ], [ 16.37933016, 47.9869823 ], [ 16.37919654, 47.98708407 ], [ 16.37777668, 47.9881657 ] ] ] } },
{ "type": "Feature", "properties": { "GID": "f0de345e-6ae7-4736-8d62-7a8db546972a", "ZONENAME": "BN04", "COMMUNITY": "Baden", "DISTRICT": "Baden", "LEGALFOUNDATIONDATE": "2022-12-21T00:00:00", "LEGISLATIONCODE": "NÖ LGBl. Nr. 94/2022", "LEGISLATIONTITLE": "Sektorales RO-Programm über PV-Anlagen im Grünland in NÖ", "LASTUPDATE": "2023-01-17T00:00:00" }, "geometry": { "type": "Polygon", "coordinates": [ [ [ 16.25002266, 47.97444759 ], [ 16.24987765, 47.97466252 ], [ 16.24964285, 47.97523073 ], [ 16.25004146, 47.97538482 ], [ 16.2506082, 47.97559803 ], [ 16.25118796, 47.97579533 ], [ 16.25133469, 47.97584041 ], [ 16.2541265, 47.97686545 ], [ 16.25444084, 47.97696856 ], [ 16.25477605, 47.97707852 ], [ 16.25534781, 47.9772748 ], [ 16.25593283, 47.97747181 ], [ 16.25596523, 47.97748298 ], [ 16.25638706, 47.97762789 ], [ 16.2565382, 47.9776798 ], [ 16.25670558, 47.97745247 ], [ 16.25688354, 47.97722011 ], [ 16.2570702, 47.97696335 ], [ 16.25712403, 47.97638476 ], [ 16.25716301, 47.97596572 ], [ 16.25685488, 47.97557072 ], [ 16.25654082, 47.97516811 ], [ 16.25625332, 47.97485373 ], [ 16.25555626, 47.97409083 ], [ 16.25475692, 47.9744188 ], [ 16.25360641, 47.97489082 ], [ 16.25322021, 47.97504927 ], [ 16.25282862, 47.97521897 ], [ 16.25260058, 47.97531779 ], [ 16.25011959, 47.97439374 ], [ 16.25008084, 47.9743793 ], [ 16.25002266, 47.97444759 ] ] ] } },
{ "type": "Feature", "properties": { "GID": "5058031f-e018-47c6-88cc-eba070452173", "ZONENAME": "BN05", "COMMUNITY": "Ebreichsdorf", "DISTRICT": "Baden", "LEGALFOUNDATIONDATE": "2022-12-21T00:00:00", "LEGISLATIONCODE": "NÖ LGBl. Nr. 94/2022", "LEGISLATIONTITLE": "Sektorales RO-Programm über PV-Anlagen im Grünland in NÖ", "LASTUPDATE": "2023-01-17T00:00:00" }, "geometry": { "type": "Polygon", "coordinates": [ [ [ 16.42878604, 47.94146556 ], [ 16.42879161, 47.94207497 ], [ 16.42879284, 47.94221935 ], [ 16.42879403, 47.94235982 ], [ 16.42879526, 47.94250423 ], [ 16.42879657, 47.94265669 ], [ 16.42879777, 47.94279715 ], [ 16.42879978, 47.94303305 ], [ 16.42879872, 47.94309817 ], [ 16.42879578, 47.94327815 ], [ 16.42879458, 47.94335104 ], [ 16.42879908, 47.94344771 ], [ 16.4288063, 47.94360296 ], [ 16.42880765, 47.94363202 ], [ 16.42880945, 47.94377648 ], [ 16.42881336, 47.94408908 ], [ 16.42883996, 47.94478836 ], [ 16.42884637, 47.94494982 ], [ 16.42885013, 47.94510954 ], [ 16.42885344, 47.94523401 ], [ 16.42885732, 47.94538357 ], [ 16.4288612, 47.9455308 ], [ 16.42886367, 47.94565745 ], [ 16.42886675, 47.94581568 ], [ 16.42886968, 47.94596544 ], [ 16.42887271, 47.94612027 ], [ 16.42887586, 47.9462818 ], [ 16.42887881, 47.94643279 ], [ 16.42888173, 47.94658247 ], [ 16.42888906, 47.94695839 ], [ 16.42889188, 47.94710276 ], [ 16.42889483, 47.94725379 ], [ 16.42889987, 47.94742391 ], [ 16.42890501, 47.94757455 ], [ 16.42890875, 47.94779004 ], [ 16.42891009, 47.94786972 ], [ 16.42945141, 47.94752478 ], [ 16.42997307, 47.94719235 ], [ 16.43419787, 47.94449983 ], [ 16.43413141, 47.94446166 ], [ 16.43392009, 47.94434025 ], [ 16.4337951, 47.94427041 ], [ 16.43365239, 47.94418947 ], [ 16.43359017, 47.94415095 ], [ 16.43353496, 47.94412214 ], [ 16.43346421, 47.94408072 ], [ 16.43341288, 47.94405215 ], [ 16.43311284, 47.94388012 ], [ 16.43298082, 47.94380443 ], [ 16.43285044, 47.94372968 ], [ 16.4327216, 47.94365582 ], [ 16.43260244, 47.9435875 ], [ 16.43253747, 47.94355025 ], [ 16.4324738, 47.94351374 ], [ 16.43234632, 47.94344066 ], [ 16.43219509, 47.94335395 ], [ 16.43211618, 47.94330778 ], [ 16.43205736, 47.9432741 ], [ 16.43198996, 47.9432363 ], [ 16.43188223, 47.94317577 ], [ 16.43174408, 47.94309827 ], [ 16.43160358, 47.94302078 ], [ 16.43103406, 47.94269954 ], [ 16.43073109, 47.94253066 ], [ 16.43061519, 47.9424658 ], [ 16.43046875, 47.94238384 ], [ 16.43033711, 47.94231016 ], [ 16.43020205, 47.94223457 ], [ 16.43008983, 47.94217177 ], [ 16.42994128, 47.94208975 ], [ 16.42987514, 47.94205323 ], [ 16.4297982, 47.94201075 ], [ 16.42974241, 47.94197995 ], [ 16.42968765, 47.94195049 ], [ 16.42957212, 47.94188836 ], [ 16.42945757, 47.94182675 ], [ 16.42943916, 47.94181687 ], [ 16.42930291, 47.94174379 ], [ 16.42914633, 47.94165981 ], [ 16.42883523, 47.94149296 ], [ 16.42878604, 47.94146556 ] ] ] } },
{ "type": "Feature", "properties": { "GID": "d715d4d5-00fc-4830-804f-a3ac55f7b08c", "ZONENAME": "BN06", "COMMUNITY": "Teesdorf", "DISTRICT": "Baden", "LEGALFOUNDATIONDATE": "2022-12-21T00:00:00", "LEGISLATIONCODE": "NÖ LGBl. Nr. 94/2022", "LEGISLATIONTITLE": "Sektorales RO-Programm über PV-Anlagen im Grünland in NÖ", "LASTUPDATE": "2023-01-17T00:00:00" }, "geometry": { "type": "Polygon", "coordinates": [ [ [ 16.28296662, 47.9609719 ], [ 16.28247152, 47.9607811 ], [ 16.27816226, 47.96230207 ], [ 16.27804518, 47.96234338 ], [ 16.27804617, 47.96241101 ], [ 16.27847396, 47.9625679 ], [ 16.27899718, 47.96275972 ], [ 16.27951598, 47.96295676 ], [ 16.2800107, 47.96313867 ], [ 16.28090859, 47.96347061 ], [ 16.28176619, 47.96379281 ], [ 16.28258982, 47.96410468 ], [ 16.28337158, 47.96440189 ], [ 16.28768054, 47.96278279 ], [ 16.2869215, 47.96248982 ], [ 16.28611229, 47.96217878 ], [ 16.28527414, 47.96186016 ], [ 16.28441329, 47.96152399 ], [ 16.28437997, 47.96151083 ], [ 16.28402693, 47.96137664 ], [ 16.28395466, 47.96134859 ], [ 16.28357491, 47.96120126 ], [ 16.28345998, 47.96116315 ], [ 16.28296662, 47.9609719 ] ] ] } },
{ "type": "Feature", "properties": { "GID": "243e2826-0f50-440d-9ffc-93d5c0130fa2", "ZONENAME": "BN08", "COMMUNITY": "Ebreichsdorf", "DISTRICT": "Baden", "LEGALFOUNDATIONDATE": "2022-12-21T00:00:00", "LEGISLATIONCODE": "NÖ LGBl. Nr. 94/2022", "LEGISLATIONTITLE": "Sektorales RO-Programm über PV-Anlagen im Grünland in NÖ", "LASTUPDATE": "2023-01-17T00:00:00" }, "geometry": { "type": "Polygon", "coordinates": [ [ [ 16.41964273, 47.93771452 ], [ 16.41960162, 47.93794884 ], [ 16.41953408, 47.93822688 ], [ 16.4194506, 47.93850088 ], [ 16.41935253, 47.93877229 ], [ 16.41922566, 47.93903572 ], [ 16.41900321, 47.9394485 ], [ 16.41901704, 47.93956154 ], [ 16.41889317, 47.93977415 ], [ 16.41875368, 47.93984566 ], [ 16.41842379, 47.94037661 ], [ 16.4184015, 47.94041539 ], [ 16.41793445, 47.94122614 ], [ 16.41771208, 47.9416239 ], [ 16.41746659, 47.94221424 ], [ 16.41742272, 47.94231841 ], [ 16.41747309, 47.9424334 ], [ 16.41752803, 47.94246925 ], [ 16.41927557, 47.94361036 ], [ 16.42187358, 47.94183581 ], [ 16.42170001, 47.94137385 ], [ 16.42153454, 47.94094714 ], [ 16.42131895, 47.94048395 ], [ 16.42111073, 47.94002228 ], [ 16.42106103, 47.93991134 ], [ 16.42060291, 47.93894846 ], [ 16.41992723, 47.93752077 ], [ 16.41964273, 47.93771452 ] ] ] } },
{ "type": "Feature", "properties": { "GID": "fcf73818-c94a-49dc-a1ad-d1fba5c9569c", "ZONENAME": "BN12", "COMMUNITY": "Seibersdorf", "DISTRICT": "Baden", "LEGALFOUNDATIONDATE": "2022-12-21T00:00:00", "LEGISLATIONCODE": "NÖ LGBl. Nr. 94/2022", "LEGISLATIONTITLE": "Sektorales RO-Programm über PV-Anlagen im Grünland in NÖ", "LASTUPDATE": "2023-01-17T00:00:00" }, "geometry": { "type": "Polygon", "coordinates": [ [ [ 16.46824157, 47.95951547 ], [ 16.46790433, 47.96000402 ], [ 16.46759362, 47.96045406 ], [ 16.46730266, 47.96087646 ], [ 16.46732061, 47.96093256 ], [ 16.47012406, 47.96252757 ], [ 16.47102559, 47.96240654 ], [ 16.47108475, 47.96239855 ], [ 16.47191681, 47.96228686 ], [ 16.47288446, 47.96215693 ], [ 16.47397551, 47.96201038 ], [ 16.47441068, 47.96195175 ], [ 16.46877371, 47.95874473 ], [ 16.46824157, 47.95951547 ] ] ] } },
{ "type": "Feature", "properties": { "GID": "bc0f70b9-e28f-4f7a-a303-5ac6a8f852e8", "ZONENAME": "BN13", "COMMUNITY": "Ebreichsdorf", "DISTRICT": "Baden", "LEGALFOUNDATIONDATE": "2022-12-21T00:00:00", "LEGISLATIONCODE": "NÖ LGBl. Nr. 94/2022", "LEGISLATIONTITLE": "Sektorales RO-Programm über PV-Anlagen im Grünland in NÖ", "LASTUPDATE": "2023-01-17T00:00:00" }, "geometry": { "type": "Polygon", "coordinates": [ [ [ 16.3813938, 47.93223745 ], [ 16.38158042, 47.93261539 ], [ 16.38158744, 47.93263052 ], [ 16.3817661, 47.93304835 ], [ 16.3817708, 47.93306047 ], [ 16.38177431, 47.93306947 ], [ 16.38202484, 47.93378451 ], [ 16.38207628, 47.93383937 ], [ 16.38215771, 47.93391708 ], [ 16.38219272, 47.93393835 ], [ 16.38224315, 47.93395697 ], [ 16.38253075, 47.93404472 ], [ 16.3825979, 47.93406837 ], [ 16.38265807, 47.93409581 ], [ 16.38286426, 47.93394523 ], [ 16.38388512, 47.93321488 ], [ 16.38413348, 47.9330493 ], [ 16.38553804, 47.93209547 ], [ 16.38793486, 47.93049175 ], [ 16.38847404, 47.93010487 ], [ 16.38797086, 47.92954911 ], [ 16.38739229, 47.92989014 ], [ 16.38724536, 47.92989767 ], [ 16.38669465, 47.93012815 ], [ 16.38558931, 47.93057067 ], [ 16.38448977, 47.93093736 ], [ 16.38399331, 47.93110269 ], [ 16.38393524, 47.93112223 ], [ 16.38282856, 47.93160789 ], [ 16.38254363, 47.93173293 ], [ 16.3813938, 47.93223745 ] ] ] } },
{ "type": "Feature", "properties": { "GID": "fd73cb68-70ea-447a-a3a4-d1e388305433", "ZONENAME": "GD04", "COMMUNITY": "Heidenreichstein", "DISTRICT": "Gmünd", "LEGALFOUNDATIONDATE": "2022-12-21T00:00:00", "LEGISLATIONCODE": "NÖ LGBl. Nr. 94/2022", "LEGISLATIONTITLE": "Sektorales RO-Programm über PV-Anlagen im Grünland in NÖ", "LASTUPDATE": "2023-01-17T00:00:00" }, "geometry": { "type": "Polygon", "coordinates": [ [ [ 15.03976854, 48.87516917 ], [ 15.04022852, 48.87532695 ], [ 15.04044712, 48.8754432 ], [ 15.04295574, 48.87677729 ], [ 15.04481735, 48.87777285 ], [ 15.04516582, 48.87795831 ], [ 15.04598676, 48.87831128 ], [ 15.0460129, 48.87830707 ], [ 15.04607503, 48.87808089 ], [ 15.04614086, 48.87757247 ], [ 15.04620342, 48.8770749 ], [ 15.04625588, 48.8767254 ], [ 15.04626822, 48.87664328 ], [ 15.04636896, 48.87597077 ], [ 15.04639308, 48.87577247 ], [ 15.0463466, 48.87573584 ], [ 15.04591484, 48.87556868 ], [ 15.04534276, 48.8756943 ], [ 15.04522303, 48.87565108 ], [ 15.04448643, 48.87577147 ], [ 15.04442891, 48.8757472 ], [ 15.0434911, 48.87547146 ], [ 15.04317554, 48.8753192 ], [ 15.0426432, 48.8750692 ], [ 15.04217988, 48.87489519 ], [ 15.04216058, 48.87491944 ], [ 15.04183258, 48.87533165 ], [ 15.04157003, 48.87520355 ], [ 15.04154715, 48.87519239 ], [ 15.04123225, 48.8750493 ], [ 15.04100229, 48.87495328 ], [ 15.04041493, 48.87472331 ], [ 15.04040751, 48.87472029 ], [ 15.04003491, 48.87455539 ], [ 15.04000407, 48.87459568 ], [ 15.03980739, 48.87485272 ], [ 15.03979552, 48.87488855 ], [ 15.03978659, 48.8749155 ], [ 15.0396999, 48.87517703 ], [ 15.03976854, 48.87516917 ] ] ] } },
{ "type": "Feature", "properties": { "GID": "c70ccc5b-90ee-4856-ba27-8fd7e3bf623e", "ZONENAME": "GD06", "COMMUNITY": "Schrems", "DISTRICT": "Gmünd", "LEGALFOUNDATIONDATE": "2022-12-21T00:00:00", "LEGISLATIONCODE": "NÖ LGBl. Nr. 94/2022", "LEGISLATIONTITLE": "Sektorales RO-Programm über PV-Anlagen im Grünland in NÖ", "LASTUPDATE": "2023-01-17T00:00:00" }, "geometry": { "type": "Polygon", "coordinates": [ [ [ 15.07803372, 48.80165571 ], [ 15.07804906, 48.80169563 ], [ 15.07835013, 48.80234503 ], [ 15.07860899, 48.8031695 ], [ 15.07876526, 48.80338792 ], [ 15.07879123, 48.80356105 ], [ 15.07885347, 48.80363303 ], [ 15.07904842, 48.80381249 ], [ 15.07904373, 48.80381611 ], [ 15.07906227, 48.80382866 ], [ 15.07942403, 48.8040736 ], [ 15.07944986, 48.80408786 ], [ 15.07948668, 48.80405611 ], [ 15.07985021, 48.80374336 ], [ 15.08060182, 48.80315373 ], [ 15.08109723, 48.8027925 ], [ 15.08113314, 48.80276663 ], [ 15.08180326, 48.80228815 ], [ 15.08179353, 48.8021706 ], [ 15.08181996, 48.80202817 ], [ 15.08168461, 48.8019258 ], [ 15.08147096, 48.80152448 ], [ 15.08128793, 48.80137492 ], [ 15.08105566, 48.80122905 ], [ 15.08096496, 48.80127959 ], [ 15.08077448, 48.80142823 ], [ 15.08022233, 48.8010966 ], [ 15.07994375, 48.80076102 ], [ 15.07968284, 48.80028382 ], [ 15.07965801, 48.8002384 ], [ 15.0794352, 48.8001777 ], [ 15.07940215, 48.80008364 ], [ 15.0792055, 48.80010919 ], [ 15.07926471, 48.80030552 ], [ 15.07931359, 48.80041405 ], [ 15.07913515, 48.80044034 ], [ 15.0789801, 48.8004623 ], [ 15.07878362, 48.80049163 ], [ 15.07868802, 48.8005039 ], [ 15.07855102, 48.80052254 ], [ 15.07856554, 48.80056263 ], [ 15.0782988, 48.8006036 ], [ 15.07832757, 48.80068881 ], [ 15.07795504, 48.80077952 ], [ 15.07805805, 48.80096068 ], [ 15.07771321, 48.80109243 ], [ 15.07796795, 48.80165122 ], [ 15.07803372, 48.80165571 ] ] ] } },
{ "type": "Feature", "properties": { "GID": "f41d7d60-4f92-47d0-b9a2-57735cb0b105", "ZONENAME": "GF01", "COMMUNITY": "Ringelsdorf-Niederabsdorf", "DISTRICT": "Gänserndorf", "LEGALFOUNDATIONDATE": "2022-12-21T00:00:00", "LEGISLATIONCODE": "NÖ LGBl. Nr. 94/2022", "LEGISLATIONTITLE": "Sektorales RO-Programm über PV-Anlagen im Grünland in NÖ", "LASTUPDATE": "2023-01-17T00:00:00" }, "geometry": { "type": "Polygon", "coordinates": [ [ [ 16.87373239, 48.58540566 ], [ 16.87328657, 48.58555792 ], [ 16.8729877, 48.58566003 ], [ 16.87213807, 48.58595032 ], [ 16.87191633, 48.58602602 ], [ 16.87185607, 48.58604659 ], [ 16.87129315, 48.58623886 ], [ 16.87041014, 48.58654044 ], [ 16.86944789, 48.58686911 ], [ 16.86934545, 48.58690409 ], [ 16.87281454, 48.59137395 ], [ 16.87292528, 48.59134965 ], [ 16.8739656, 48.59112137 ], [ 16.87492014, 48.59091196 ], [ 16.87540155, 48.59076385 ], [ 16.87549945, 48.59074064 ], [ 16.87556385, 48.59072541 ], [ 16.87580085, 48.59066935 ], [ 16.87620649, 48.59057339 ], [ 16.87672448, 48.59047429 ], [ 16.87689791, 48.5904411 ], [ 16.87705829, 48.59041715 ], [ 16.87756379, 48.59034175 ], [ 16.87781376, 48.59030442 ], [ 16.87395279, 48.58533036 ], [ 16.87373239, 48.58540566 ] ] ] } },
{ "type": "Feature", "properties": { "GID": "432cc6af-6786-424a-a308-ae7f8b826c7d", "ZONENAME": "GF02", "COMMUNITY": "Ringelsdorf-Niederabsdorf", "DISTRICT": "Gänserndorf", "LEGALFOUNDATIONDATE": "2022-12-21T00:00:00", "LEGISLATIONCODE": "NÖ LGBl. Nr. 94/2022", "LEGISLATIONTITLE": "Sektorales RO-Programm über PV-Anlagen im Grünland in NÖ", "LASTUPDATE": "2023-01-17T00:00:00" }, "geometry": { "type": "Polygon", "coordinates": [ [ [ 16.89363892, 48.59602975 ], [ 16.89422832, 48.59681123 ], [ 16.89796558, 48.59624145 ], [ 16.89844348, 48.59616861 ], [ 16.89829781, 48.59572302 ], [ 16.89828322, 48.59543425 ], [ 16.89826268, 48.59506134 ], [ 16.89818154, 48.59360097 ], [ 16.89808791, 48.59194355 ], [ 16.89772726, 48.59194989 ], [ 16.89328717, 48.59202839 ], [ 16.89314795, 48.59227519 ], [ 16.89284163, 48.59279797 ], [ 16.8926991, 48.59306485 ], [ 16.89257371, 48.59333676 ], [ 16.89251465, 48.59362499 ], [ 16.89250785, 48.5938573 ], [ 16.89251691, 48.59401544 ], [ 16.89254339, 48.59421674 ], [ 16.89264352, 48.59450879 ], [ 16.89277835, 48.59478691 ], [ 16.89293949, 48.5950533 ], [ 16.8933173, 48.59559391 ], [ 16.89363892, 48.59602975 ] ] ] } },
{ "type": "Feature", "properties": { "GID": "bd9c0099-fd33-4695-ad5b-0ce1fe1cb617", "ZONENAME": "GF07", "COMMUNITY": "Auersthal", "DISTRICT": "Gänserndorf", "LEGALFOUNDATIONDATE": "2022-12-21T00:00:00", "LEGISLATIONCODE": "NÖ LGBl. Nr. 94/2022", "LEGISLATIONTITLE": "Sektorales RO-Programm über PV-Anlagen im Grünland in NÖ", "LASTUPDATE": "2023-01-17T00:00:00" }, "geometry": { "type": "Polygon", "coordinates": [ [ [ 16.66003676, 48.3462931 ], [ 16.66015149, 48.34668568 ], [ 16.66025878, 48.34705346 ], [ 16.66030594, 48.34721484 ], [ 16.6603498, 48.34736508 ], [ 16.66045323, 48.34771956 ], [ 16.66050164, 48.34788544 ], [ 16.66052488, 48.34791262 ], [ 16.66090384, 48.34835688 ], [ 16.66170567, 48.34929645 ], [ 16.66186172, 48.34947937 ], [ 16.66204727, 48.34969693 ], [ 16.66211904, 48.34978099 ], [ 16.66283256, 48.35061711 ], [ 16.66283973, 48.35061961 ], [ 16.66294079, 48.35070592 ], [ 16.66299959, 48.3508071 ], [ 16.66304747, 48.35088952 ], [ 16.66329643, 48.35133676 ], [ 16.6633514, 48.35138786 ], [ 16.6634152, 48.35140611 ], [ 16.66584403, 48.35090312 ], [ 16.66712245, 48.3506409 ], [ 16.66754199, 48.35054896 ], [ 16.66752129, 48.35014577 ], [ 16.66743842, 48.34989079 ], [ 16.66707032, 48.348759 ], [ 16.66704018, 48.34866637 ], [ 16.66699337, 48.34852252 ], [ 16.66696213, 48.34842649 ], [ 16.66694492, 48.34837355 ], [ 16.6668966, 48.34822487 ], [ 16.66675262, 48.3477822 ], [ 16.66673363, 48.34772389 ], [ 16.66668586, 48.3475769 ], [ 16.66664567, 48.34745328 ], [ 16.66655978, 48.3471894 ], [ 16.66651945, 48.34706532 ], [ 16.66650139, 48.3470053 ], [ 16.66640915, 48.34669801 ], [ 16.66635054, 48.34650231 ], [ 16.66629428, 48.34631497 ], [ 16.66624424, 48.34614838 ], [ 16.66622136, 48.34607192 ], [ 16.66619458, 48.34599942 ], [ 16.66613608, 48.3458405 ], [ 16.66600248, 48.3454782 ], [ 16.66585982, 48.34509128 ], [ 16.66003676, 48.3462931 ] ] ] } },
{ "type": "Feature", "properties": { "GID": "fbc2bf44-baee-4091-8ae5-23882023bb58", "ZONENAME": "GF09", "COMMUNITY": "Gänserndorf", "DISTRICT": "Gänserndorf", "LEGALFOUNDATIONDATE": "2022-12-21T00:00:00", "LEGISLATIONCODE": "NÖ LGBl. Nr. 94/2022", "LEGISLATIONTITLE": "Sektorales RO-Programm über PV-Anlagen im Grünland in NÖ", "LASTUPDATE": "2023-01-17T00:00:00" }, "geometry": { "type": "Polygon", "coordinates": [ [ [ 16.69958057, 48.33158857 ], [ 16.70012568, 48.331831 ], [ 16.70046839, 48.33198379 ], [ 16.70080567, 48.33213101 ], [ 16.70139946, 48.33238975 ], [ 16.70149023, 48.33242867 ], [ 16.70203841, 48.33266344 ], [ 16.70276484, 48.33298532 ], [ 16.70321637, 48.3331882 ], [ 16.70360463, 48.33334842 ], [ 16.70546055, 48.33287515 ], [ 16.70967821, 48.33181836 ], [ 16.70935141, 48.33135421 ], [ 16.70890889, 48.33077847 ], [ 16.70873075, 48.33061457 ], [ 16.70822348, 48.3302752 ], [ 16.70820395, 48.33026042 ], [ 16.70804935, 48.33014408 ], [ 16.70796149, 48.33007793 ], [ 16.70780821, 48.32991997 ], [ 16.70779008, 48.32989251 ], [ 16.70753345, 48.3295052 ], [ 16.70752322, 48.32948985 ], [ 16.70701469, 48.32869516 ], [ 16.70684131, 48.32836667 ], [ 16.70668968, 48.32810051 ], [ 16.69716898, 48.33049875 ], [ 16.69724895, 48.33053627 ], [ 16.69773148, 48.33076263 ], [ 16.69811519, 48.33093706 ], [ 16.69857076, 48.33114408 ], [ 16.69947693, 48.33154276 ], [ 16.69958057, 48.33158857 ] ] ] } },
{ "type": "Feature", "properties": { "GID": "a614235f-ab5a-47b3-94f8-42817677df6d", "ZONENAME": "GF14", "COMMUNITY": "Markgrafneusiedl", "DISTRICT": "Gänserndorf", "LEGALFOUNDATIONDATE": "2022-12-21T00:00:00", "LEGISLATIONCODE": "NÖ LGBl. Nr. 94/2022", "LEGISLATIONTITLE": "Sektorales RO-Programm über PV-Anlagen im Grünland in NÖ", "LASTUPDATE": "2023-01-17T00:00:00" }, "geometry": { "type": "Polygon", "coordinates": [ [ [ 16.65152468, 48.27930594 ], [ 16.65213533, 48.28014439 ], [ 16.65252535, 48.2806856 ], [ 16.65292341, 48.28121726 ], [ 16.65328936, 48.28169729 ], [ 16.65351116, 48.28198302 ], [ 16.65374043, 48.28227835 ], [ 16.65393533, 48.28250767 ], [ 16.65440311, 48.28306592 ], [ 16.65462696, 48.28333303 ], [ 16.65929657, 48.28331541 ], [ 16.65890327, 48.28305268 ], [ 16.65806336, 48.2824916 ], [ 16.6572724, 48.28196326 ], [ 16.65687444, 48.28169742 ], [ 16.6567765, 48.28169748 ], [ 16.65643264, 48.28169811 ], [ 16.65639954, 48.27931234 ], [ 16.65152468, 48.27930594 ] ] ] } },
{ "type": "Feature", "properties": { "GID": "de8bc18c-6034-4841-bdc8-6fd896734d05", "ZONENAME": "GF15", "COMMUNITY": "Untersiebenbrunn", "DISTRICT": "Gänserndorf", "LEGALFOUNDATIONDATE": "2022-12-21T00:00:00", "LEGISLATIONCODE": "NÖ LGBl. Nr. 94/2022", "LEGISLATIONTITLE": "Sektorales RO-Programm über PV-Anlagen im Grünland in NÖ", "LASTUPDATE": "2023-01-17T00:00:00" }, "geometry": { "type": "Polygon", "coordinates": [ [ [ 16.75909829, 48.26111282 ], [ 16.75978661, 48.26183395 ], [ 16.7612526, 48.26337013 ], [ 16.76269672, 48.26488331 ], [ 16.7628651, 48.26505972 ], [ 16.76548594, 48.26779729 ], [ 16.76566022, 48.26770293 ], [ 16.76574281, 48.26765821 ], [ 16.76662376, 48.26719652 ], [ 16.76671997, 48.2671463 ], [ 16.76681612, 48.2670961 ], [ 16.76766272, 48.26665416 ], [ 16.76793667, 48.26651116 ], [ 16.76577749, 48.26425564 ], [ 16.76161666, 48.25990845 ], [ 16.75909829, 48.26111282 ] ] ] } },
{ "type": "Feature", "properties": { "GID": "a45b87de-cb38-4aaf-9c06-3f70cbde2b15", "ZONENAME": "GF17", "COMMUNITY": "Hauskirchen", "DISTRICT": "Gänserndorf", "LEGALFOUNDATIONDATE": "2022-12-21T00:00:00", "LEGISLATIONCODE": "NÖ LGBl. Nr. 94/2022", "LEGISLATIONTITLE": "Sektorales RO-Programm über PV-Anlagen im Grünland in NÖ", "LASTUPDATE": "2023-01-17T00:00:00" }, "geometry": { "type": "Polygon", "coordinates": [ [ [ 16.74618006, 48.58750588 ], [ 16.74519433, 48.5880138 ], [ 16.74514795, 48.58798056 ], [ 16.74512534, 48.58793262 ], [ 16.73762452, 48.58766712 ], [ 16.7375946, 48.58774894 ], [ 16.73740454, 48.58826896 ], [ 16.73874782, 48.58831678 ], [ 16.74396406, 48.58850148 ], [ 16.74409328, 48.58852404 ], [ 16.7441314, 48.5885614 ], [ 16.74401163, 48.58888938 ], [ 16.74402162, 48.58890009 ], [ 16.74411467, 48.58900876 ], [ 16.74961775, 48.5901301 ], [ 16.74951621, 48.58954811 ], [ 16.74939263, 48.58885189 ], [ 16.7493762, 48.58875936 ], [ 16.7493568, 48.58865005 ], [ 16.74916241, 48.58780157 ], [ 16.74879769, 48.58719102 ], [ 16.74877076, 48.58714589 ], [ 16.74866204, 48.58691175 ], [ 16.74682997, 48.58689213 ], [ 16.74678295, 48.58692719 ], [ 16.74681571, 48.58708939 ], [ 16.74682546, 48.58713801 ], [ 16.74683195, 48.58717 ], [ 16.74618006, 48.58750588 ] ] ] } },
{ "type": "Feature", "properties": { "GID": "365b013d-7d6e-44a9-9f24-7a981eb57045", "ZONENAME": "GF21", "COMMUNITY": "Palterndorf-Dobermannsdorf", "DISTRICT": "Gänserndorf", "LEGALFOUNDATIONDATE": "2022-12-21T00:00:00", "LEGISLATIONCODE": "NÖ LGBl. Nr. 94/2022", "LEGISLATIONTITLE": "Sektorales RO-Programm über PV-Anlagen im Grünland in NÖ", "LASTUPDATE": "2023-01-17T00:00:00" }, "geometry": { "type": "Polygon", "coordinates": [ [ [ 16.84354201, 48.58984475 ], [ 16.84781614, 48.59535746 ], [ 16.8482703, 48.5953844 ], [ 16.84889036, 48.59542112 ], [ 16.84895276, 48.59542498 ], [ 16.84942469, 48.59545282 ], [ 16.84947786, 48.59545582 ], [ 16.85011567, 48.59549182 ], [ 16.8475883, 48.59223255 ], [ 16.84531831, 48.58930482 ], [ 16.8448267, 48.58945717 ], [ 16.84469373, 48.5894984 ], [ 16.84435669, 48.58957399 ], [ 16.84385288, 48.58968709 ], [ 16.84357765, 48.58974882 ], [ 16.84354201, 48.58984475 ] ] ] } },
{ "type": "Feature", "properties": { "GID": "a1129e90-56da-4733-9ba9-ba57ceccf089", "ZONENAME": "GF25", "COMMUNITY": "Hohenau an der March", "DISTRICT": "Gänserndorf", "LEGALFOUNDATIONDATE": "2022-12-21T00:00:00", "LEGISLATIONCODE": "NÖ LGBl. Nr. 94/2022", "LEGISLATIONTITLE": "Sektorales RO-Programm über PV-Anlagen im Grünland in NÖ", "LASTUPDATE": "2023-01-17T00:00:00" }, "geometry": { "type": "Polygon", "coordinates": [ [ [ 16.88619425, 48.59408769 ], [ 16.8860949, 48.59409409 ], [ 16.88597788, 48.59410162 ], [ 16.88584742, 48.59411006 ], [ 16.88572543, 48.59412538 ], [ 16.88562506, 48.59413799 ], [ 16.88556413, 48.59414564 ], [ 16.88550431, 48.59415316 ], [ 16.88537402, 48.59416952 ], [ 16.88527608, 48.59418183 ], [ 16.88516816, 48.59419538 ], [ 16.88505907, 48.59420907 ], [ 16.88492733, 48.59422563 ], [ 16.88469313, 48.59425503 ], [ 16.88467447, 48.59425738 ], [ 16.88456572, 48.59427852 ], [ 16.88452118, 48.59428718 ], [ 16.88444898, 48.59430121 ], [ 16.88424291, 48.59434125 ], [ 16.88411616, 48.59436588 ], [ 16.88399963, 48.59438854 ], [ 16.88388049, 48.5944117 ], [ 16.88377635, 48.59443195 ], [ 16.88371228, 48.5944444 ], [ 16.88363916, 48.59445862 ], [ 16.88393079, 48.59498744 ], [ 16.88481745, 48.59636853 ], [ 16.88539527, 48.59728266 ], [ 16.88618516, 48.59869612 ], [ 16.88628825, 48.59890054 ], [ 16.88699937, 48.60031054 ], [ 16.88705204, 48.6003234 ], [ 16.88711921, 48.6003398 ], [ 16.88726688, 48.60037586 ], [ 16.8873057, 48.60038533 ], [ 16.88743673, 48.60044305 ], [ 16.8876096, 48.60051918 ], [ 16.88778574, 48.60059676 ], [ 16.88783185, 48.60061707 ], [ 16.88808647, 48.60071358 ], [ 16.88817147, 48.6007458 ], [ 16.88826733, 48.60078213 ], [ 16.88839704, 48.6008313 ], [ 16.88861315, 48.60091425 ], [ 16.88868201, 48.60092957 ], [ 16.88884206, 48.60096517 ], [ 16.88896877, 48.60099334 ], [ 16.88905311, 48.6010121 ], [ 16.8891012, 48.60102199 ], [ 16.88925572, 48.60105375 ], [ 16.88951575, 48.60110839 ], [ 16.88964398, 48.60113534 ], [ 16.8897864, 48.60116523 ], [ 16.88993588, 48.6011967 ], [ 16.89006096, 48.60121544 ], [ 16.89019014, 48.60123486 ], [ 16.8902111, 48.60123801 ], [ 16.8903501, 48.60125892 ], [ 16.89060008, 48.60129652 ], [ 16.89061832, 48.60129926 ], [ 16.89075852, 48.60131338 ], [ 16.89118598, 48.60135641 ], [ 16.89146587, 48.60138459 ], [ 16.89166253, 48.60140439 ], [ 16.8917881, 48.60141909 ], [ 16.89158161, 48.60112311 ], [ 16.89148467, 48.60098417 ], [ 16.89130183, 48.60066918 ], [ 16.89112655, 48.6003181 ], [ 16.89100914, 48.60009555 ], [ 16.8907592, 48.59961195 ], [ 16.89024711, 48.59866959 ], [ 16.88990814, 48.59804414 ], [ 16.88963351, 48.59755736 ], [ 16.88934387, 48.59704471 ], [ 16.88892591, 48.59631997 ], [ 16.88854162, 48.59567263 ], [ 16.88796475, 48.59470152 ], [ 16.88768391, 48.59423378 ], [ 16.8875249, 48.593974 ], [ 16.88730111, 48.59399882 ], [ 16.88703679, 48.59402812 ], [ 16.88692496, 48.59404053 ], [ 16.88681612, 48.59404756 ], [ 16.88669258, 48.59405553 ], [ 16.88657773, 48.59406295 ], [ 16.88633701, 48.5940785 ], [ 16.88619425, 48.59408769 ] ] ] } },
{ "type": "Feature", "properties": { "GID": "d863978d-d2fb-4725-86b1-b1c49acb4370", "ZONENAME": "GF26", "COMMUNITY": "Neusiedl an der Zaya", "DISTRICT": "Gänserndorf", "LEGALFOUNDATIONDATE": "2022-12-21T00:00:00", "LEGISLATIONCODE": "NÖ LGBl. Nr. 94/2022", "LEGISLATIONTITLE": "Sektorales RO-Programm über PV-Anlagen im Grünland in NÖ", "LASTUPDATE": "2023-01-17T00:00:00" }, "geometry": { "type": "Polygon", "coordinates": [ [ [ 16.780635, 48.59420337 ], [ 16.78075632, 48.59426315 ], [ 16.78094279, 48.59442511 ], [ 16.78104426, 48.59460551 ], [ 16.78110819, 48.59471916 ], [ 16.78120654, 48.59466549 ], [ 16.78131542, 48.59460608 ], [ 16.78138363, 48.59456886 ], [ 16.78149257, 48.5945094 ], [ 16.78234613, 48.5950203 ], [ 16.7825349, 48.59516587 ], [ 16.78279145, 48.59527873 ], [ 16.78284515, 48.59524965 ], [ 16.78301281, 48.59532319 ], [ 16.78305058, 48.59534687 ], [ 16.78332813, 48.59552097 ], [ 16.78334531, 48.59553179 ], [ 16.78360998, 48.5956589 ], [ 16.78433984, 48.59591352 ], [ 16.78251688, 48.5935667 ], [ 16.78244696, 48.59353972 ], [ 16.78269864, 48.59345503 ], [ 16.78288016, 48.59339398 ], [ 16.78306006, 48.59333339 ], [ 16.78374628, 48.59310249 ], [ 16.78102531, 48.58917221 ], [ 16.78058889, 48.58924008 ], [ 16.78052227, 48.58929528 ], [ 16.78051803, 48.58966121 ], [ 16.78051442, 48.58997632 ], [ 16.78051431, 48.58997974 ], [ 16.78050576, 48.59028714 ], [ 16.78049565, 48.59064967 ], [ 16.78049148, 48.59071462 ], [ 16.78043628, 48.59156193 ], [ 16.78041813, 48.59184203 ], [ 16.78009442, 48.59181127 ], [ 16.77977511, 48.5916331 ], [ 16.77878935, 48.59270692 ], [ 16.77958391, 48.59326824 ], [ 16.77982297, 48.59349159 ], [ 16.77980474, 48.59351369 ], [ 16.77977867, 48.59354528 ], [ 16.77974624, 48.5935846 ], [ 16.77971487, 48.59371844 ], [ 16.77962303, 48.59398947 ], [ 16.77983554, 48.59392076 ], [ 16.78037794, 48.59407658 ], [ 16.780635, 48.59420337 ] ] ] } },
{ "type": "Feature", "properties": { "GID": "2d9b0eff-ef76-4266-9d96-733a5b50c3fa", "ZONENAME": "GF27", "COMMUNITY": "Untersiebenbrunn", "DISTRICT": "Gänserndorf", "LEGALFOUNDATIONDATE": "2022-12-21T00:00:00", "LEGISLATIONCODE": "NÖ LGBl. Nr. 94/2022", "LEGISLATIONTITLE": "Sektorales RO-Programm über PV-Anlagen im Grünland in NÖ", "LASTUPDATE": "2023-01-17T00:00:00" }, "geometry": { "type": "Polygon", "coordinates": [ [ [ 16.74483087, 48.26628455 ], [ 16.74657336, 48.26560179 ], [ 16.74696383, 48.26544877 ], [ 16.74690103, 48.26537741 ], [ 16.74864655, 48.26469344 ], [ 16.74867878, 48.26469908 ], [ 16.74870268, 48.26468964 ], [ 16.74871113, 48.26466812 ], [ 16.74844161, 48.26436691 ], [ 16.74771652, 48.26355635 ], [ 16.74713445, 48.26381519 ], [ 16.74660762, 48.26328702 ], [ 16.74580514, 48.26360758 ], [ 16.74430009, 48.26420915 ], [ 16.74354629, 48.26329382 ], [ 16.7434024, 48.26334598 ], [ 16.74313023, 48.26304025 ], [ 16.74297379, 48.26311532 ], [ 16.74213102, 48.26340569 ], [ 16.74234462, 48.26353994 ], [ 16.74272306, 48.26391518 ], [ 16.74293933, 48.26422374 ], [ 16.74321301, 48.26458765 ], [ 16.74351414, 48.26480466 ], [ 16.74385525, 48.26512468 ], [ 16.7441024, 48.26560658 ], [ 16.74436757, 48.26594194 ], [ 16.74483087, 48.26628455 ] ] ] } },
{ "type": "Feature", "properties": { "GID": "cdcc47e9-db4a-4032-a63b-244ff37798e8", "ZONENAME": "GF28", "COMMUNITY": "Lassee", "DISTRICT": "Gänserndorf", "LEGALFOUNDATIONDATE": "2022-12-21T00:00:00", "LEGISLATIONCODE": "NÖ LGBl. Nr. 94/2022", "LEGISLATIONTITLE": "Sektorales RO-Programm über PV-Anlagen im Grünland in NÖ", "LASTUPDATE": "2023-01-17T00:00:00" }, "geometry": { "type": "Polygon", "coordinates": [ [ [ 16.78492081, 48.25961737 ], [ 16.78493717, 48.25964069 ], [ 16.78555281, 48.26047671 ], [ 16.78598085, 48.26105798 ], [ 16.78668282, 48.26193183 ], [ 16.78675581, 48.26202269 ], [ 16.78746074, 48.26281744 ], [ 16.78772742, 48.26310714 ], [ 16.78837803, 48.26395398 ], [ 16.78902512, 48.26494949 ], [ 16.78903343, 48.26495962 ], [ 16.79051463, 48.26676598 ], [ 16.79083784, 48.26669806 ], [ 16.79185452, 48.26648341 ], [ 16.79292793, 48.26625783 ], [ 16.79302312, 48.26623794 ], [ 16.794066, 48.26601877 ], [ 16.79470729, 48.26588392 ], [ 16.79129393, 48.2613136 ], [ 16.79118821, 48.26117822 ], [ 16.78994745, 48.25951659 ], [ 16.7893279, 48.25868683 ], [ 16.78752421, 48.25902766 ], [ 16.78643594, 48.25923329 ], [ 16.78495451, 48.25951319 ], [ 16.78492081, 48.25961737 ] ] ] } },
{ "type": "Feature", "properties": { "GID": "8e000525-6830-4766-91f6-c66f07991026", "ZONENAME": "HL01", "COMMUNITY": "Hollabrunn", "DISTRICT": "Hollabrunn", "LEGALFOUNDATIONDATE": "2022-12-21T00:00:00", "LEGISLATIONCODE": "NÖ LGBl. Nr. 94/2022", "LEGISLATIONTITLE": "Sektorales RO-Programm über PV-Anlagen im Grünland in NÖ", "LASTUPDATE": "2023-01-17T00:00:00" }, "geometry": { "type": "Polygon", "coordinates": [ [ [ 16.06815739, 48.5466069 ], [ 16.06789062, 48.54660016 ], [ 16.06780091, 48.54660876 ], [ 16.06773585, 48.54666877 ], [ 16.06792156, 48.54740894 ], [ 16.06799014, 48.54768257 ], [ 16.06802641, 48.54781476 ], [ 16.06816342, 48.54831363 ], [ 16.06825525, 48.54864837 ], [ 16.06832922, 48.5489774 ], [ 16.0683717, 48.54916635 ], [ 16.06845508, 48.54953704 ], [ 16.06849769, 48.54972661 ], [ 16.06850831, 48.54976881 ], [ 16.06859588, 48.55011505 ], [ 16.06881202, 48.55097084 ], [ 16.06883524, 48.5510628 ], [ 16.06900977, 48.55098192 ], [ 16.06935732, 48.55082085 ], [ 16.0702585, 48.55044574 ], [ 16.07089544, 48.55018062 ], [ 16.07126969, 48.55003401 ], [ 16.07205773, 48.5497253 ], [ 16.07210611, 48.54970634 ], [ 16.07207144, 48.54967767 ], [ 16.07177964, 48.54942835 ], [ 16.07159818, 48.54926436 ], [ 16.07133247, 48.548999 ], [ 16.07106096, 48.54872779 ], [ 16.07098914, 48.54865604 ], [ 16.07088122, 48.54854752 ], [ 16.07059504, 48.54825955 ], [ 16.07053616, 48.54820042 ], [ 16.07044885, 48.54811299 ], [ 16.07008588, 48.54774948 ], [ 16.06992972, 48.54759327 ], [ 16.06963492, 48.54729853 ], [ 16.06953712, 48.54719858 ], [ 16.06949252, 48.54715306 ], [ 16.06931911, 48.54700761 ], [ 16.06916011, 48.54690382 ], [ 16.06912623, 48.54688171 ], [ 16.0689148, 48.54678132 ], [ 16.06867754, 48.54669812 ], [ 16.06841713, 48.54663969 ], [ 16.06815739, 48.5466069 ] ] ] } },
{ "type": "Feature", "properties": { "GID": "96eda7b2-8395-4c42-8b42-2fc176b46158", "ZONENAME": "HL02", "COMMUNITY": "Hollabrunn", "DISTRICT": "Hollabrunn", "LEGALFOUNDATIONDATE": "2022-12-21T00:00:00", "LEGISLATIONCODE": "NÖ LGBl. Nr. 94/2022", "LEGISLATIONTITLE": "Sektorales RO-Programm über PV-Anlagen im Grünland in NÖ", "LASTUPDATE": "2023-01-17T00:00:00" }, "geometry": { "type": "Polygon", "coordinates": [ [ [ 16.0736911, 48.54698258 ], [ 16.07348373, 48.54659183 ], [ 16.07342659, 48.54662089 ], [ 16.0733768, 48.54652702 ], [ 16.07316595, 48.54612951 ], [ 16.07267451, 48.54520295 ], [ 16.07053825, 48.54629947 ], [ 16.07079751, 48.54691624 ], [ 16.07094125, 48.54727142 ], [ 16.0711108, 48.54769015 ], [ 16.07114316, 48.54777026 ], [ 16.07125463, 48.547951 ], [ 16.07351629, 48.54679001 ], [ 16.07369218, 48.54712159 ], [ 16.0737529, 48.54709902 ], [ 16.07380015, 48.54718804 ], [ 16.07389058, 48.54730156 ], [ 16.07415785, 48.54789649 ], [ 16.07513262, 48.54739601 ], [ 16.07690939, 48.54648367 ], [ 16.07665925, 48.54602916 ], [ 16.0766367, 48.5459631 ], [ 16.07660988, 48.54588481 ], [ 16.07661133, 48.5457064 ], [ 16.07657667, 48.54554508 ], [ 16.07657459, 48.545502 ], [ 16.0736911, 48.54698258 ] ] ] } },
{ "type": "Feature", "properties": { "GID": "b2875aff-75e2-4ae1-b20f-87a198a703ef", "ZONENAME": "HL03", "COMMUNITY": "Hollabrunn", "DISTRICT": "Hollabrunn", "LEGALFOUNDATIONDATE": "2022-12-21T00:00:00", "LEGISLATIONCODE": "NÖ LGBl. Nr. 94/2022", "LEGISLATIONTITLE": "Sektorales RO-Programm über PV-Anlagen im Grünland in NÖ", "LASTUPDATE": "2023-01-17T00:00:00" }, "geometry": { "type": "Polygon", "coordinates": [ [ [ 16.07783266, 48.53314458 ], [ 16.07636982, 48.53329444 ], [ 16.07632798, 48.53334704 ], [ 16.07636849, 48.53344785 ], [ 16.0764328, 48.53360789 ], [ 16.07647399, 48.53371014 ], [ 16.07650541, 48.53378817 ], [ 16.07656691, 48.53394101 ], [ 16.07657854, 48.5339699 ], [ 16.07666211, 48.53417782 ], [ 16.07672108, 48.53432426 ], [ 16.07679127, 48.5344987 ], [ 16.07681307, 48.53455297 ], [ 16.076906, 48.53478394 ], [ 16.07674259, 48.53562645 ], [ 16.07679956, 48.53566147 ], [ 16.08051048, 48.53570853 ], [ 16.08053016, 48.5357003 ], [ 16.08056934, 48.53542233 ], [ 16.08055977, 48.53527825 ], [ 16.08060806, 48.53491181 ], [ 16.08068666, 48.53460201 ], [ 16.08069194, 48.53454806 ], [ 16.08071069, 48.53437482 ], [ 16.08072713, 48.53422926 ], [ 16.08075443, 48.53402276 ], [ 16.08076135, 48.53399373 ], [ 16.0807808, 48.53384243 ], [ 16.08080564, 48.533587 ], [ 16.08081533, 48.53349134 ], [ 16.08082402, 48.53343174 ], [ 16.0808321, 48.53335972 ], [ 16.08084371, 48.53323295 ], [ 16.08084917, 48.53316921 ], [ 16.08085346, 48.53312425 ], [ 16.08098034, 48.53204541 ], [ 16.0809891, 48.53197151 ], [ 16.08109623, 48.53110351 ], [ 16.08105801, 48.53102986 ], [ 16.0809343, 48.53099398 ], [ 16.07983396, 48.53096123 ], [ 16.07917444, 48.53093494 ], [ 16.07829482, 48.53089781 ], [ 16.07789105, 48.53087451 ], [ 16.07782964, 48.53091556 ], [ 16.07788813, 48.53192908 ], [ 16.07789236, 48.53200283 ], [ 16.07795221, 48.53304099 ], [ 16.07802632, 48.53308531 ], [ 16.0780334, 48.53313047 ], [ 16.07783266, 48.53314458 ] ] ] } },
{ "type": "Feature", "properties": { "GID": "6d0ab60e-b258-430c-88c7-b9aeec2b74f1", "ZONENAME": "HL05", "COMMUNITY": "Zellerndorf", "DISTRICT": "Hollabrunn", "LEGALFOUNDATIONDATE": "2022-12-21T00:00:00", "LEGISLATIONCODE": "NÖ LGBl. Nr. 94/2022", "LEGISLATIONTITLE": "Sektorales RO-Programm über PV-Anlagen im Grünland in NÖ", "LASTUPDATE": "2023-01-17T00:00:00" }, "geometry": { "type": "Polygon", "coordinates": [ [ [ 15.99916822, 48.67223832 ], [ 15.99974848, 48.67297937 ], [ 15.99991376, 48.67319044 ], [ 16.00122887, 48.67319463 ], [ 16.00304091, 48.67447888 ], [ 16.00308741, 48.67451085 ], [ 16.00340377, 48.67624569 ], [ 16.00347324, 48.67639786 ], [ 16.00345273, 48.67668781 ], [ 16.00344009, 48.67670936 ], [ 16.00345039, 48.67675462 ], [ 16.00346794, 48.67683138 ], [ 16.00381678, 48.67652214 ], [ 16.00406591, 48.67634166 ], [ 16.00433452, 48.67617167 ], [ 16.00462093, 48.67602133 ], [ 16.00493753, 48.67588358 ], [ 16.00508664, 48.67581872 ], [ 16.00570175, 48.67561132 ], [ 16.00569294, 48.67546292 ], [ 16.00570517, 48.67546161 ], [ 16.00549425, 48.67461367 ], [ 16.00457601, 48.67098713 ], [ 16.0044869, 48.67084983 ], [ 16.0035538, 48.67098526 ], [ 16.00279653, 48.67114035 ], [ 16.00204051, 48.67133123 ], [ 16.00139829, 48.67153898 ], [ 16.00127584, 48.67165975 ], [ 16.00098585, 48.67173706 ], [ 16.00082506, 48.67170242 ], [ 16.00076173, 48.6717206 ], [ 16.00000178, 48.67193877 ], [ 15.99985255, 48.67198226 ], [ 15.9996489, 48.67208608 ], [ 15.99916822, 48.67223832 ] ] ] } },
{ "type": "Feature", "properties": { "GID": "a543f55d-92b1-4481-b301-6b4b2332b371", "ZONENAME": "HL06", "COMMUNITY": "Hollabrunn", "DISTRICT": "Hollabrunn", "LEGALFOUNDATIONDATE": "2022-12-21T00:00:00", "LEGISLATIONCODE": "NÖ LGBl. Nr. 94/2022", "LEGISLATIONTITLE": "Sektorales RO-Programm über PV-Anlagen im Grünland in NÖ", "LASTUPDATE": "2023-01-17T00:00:00" }, "geometry": { "type": "Polygon", "coordinates": [ [ [ 16.06349654, 48.52995816 ], [ 16.06344741, 48.53015661 ], [ 16.06340423, 48.5303306 ], [ 16.06349823, 48.53072884 ], [ 16.06350379, 48.53075233 ], [ 16.06360949, 48.53126444 ], [ 16.06368785, 48.53157433 ], [ 16.06382627, 48.53212214 ], [ 16.0638478, 48.53219763 ], [ 16.06388847, 48.53234017 ], [ 16.06401419, 48.53278201 ], [ 16.06414734, 48.53320229 ], [ 16.06425784, 48.53352943 ], [ 16.06548223, 48.53354257 ], [ 16.0660911, 48.53354912 ], [ 16.06678307, 48.53356504 ], [ 16.06907221, 48.53358952 ], [ 16.06903376, 48.53325455 ], [ 16.06898209, 48.53280551 ], [ 16.06903364, 48.53240105 ], [ 16.06895185, 48.53235032 ], [ 16.06893684, 48.53229615 ], [ 16.0690049, 48.53220252 ], [ 16.06904012, 48.53163165 ], [ 16.06904368, 48.53157321 ], [ 16.06915298, 48.53082042 ], [ 16.06916113, 48.53078959 ], [ 16.06931306, 48.53021945 ], [ 16.06938157, 48.52996187 ], [ 16.069452, 48.52969747 ], [ 16.0693963, 48.52965733 ], [ 16.06825659, 48.52972752 ], [ 16.06828366, 48.52934486 ], [ 16.06829301, 48.5292143 ], [ 16.06358461, 48.52916396 ], [ 16.06355699, 48.52956874 ], [ 16.0635058, 48.52989893 ], [ 16.06349654, 48.52995816 ] ] ] } },
{ "type": "Feature", "properties": { "GID": "bb68aa9c-2e45-45a4-96c7-edd61fb2d8cc", "ZONENAME": "HO01", "COMMUNITY": "Irnfritz-Messern", "DISTRICT": "Horn", "LEGALFOUNDATIONDATE": "2022-12-21T00:00:00", "LEGISLATIONCODE": "NÖ LGBl. Nr. 94/2022", "LEGISLATIONTITLE": "Sektorales RO-Programm über PV-Anlagen im Grünland in NÖ", "LASTUPDATE": "2023-01-17T00:00:00" }, "geometry": { "type": "Polygon", "coordinates": [ [ [ 15.52920229, 48.74744277 ], [ 15.52884842, 48.74739515 ], [ 15.52873775, 48.74737701 ], [ 15.528176, 48.7472854 ], [ 15.52783525, 48.74724219 ], [ 15.5275109, 48.74721069 ], [ 15.52709925, 48.74718774 ], [ 15.52677283, 48.74719256 ], [ 15.52631329, 48.74723069 ], [ 15.52601162, 48.7472774 ], [ 15.52577849, 48.74733188 ], [ 15.52553062, 48.74741538 ], [ 15.52546105, 48.74744224 ], [ 15.52515543, 48.74756022 ], [ 15.52492877, 48.74765965 ], [ 15.52488469, 48.74767899 ], [ 15.52464867, 48.74779477 ], [ 15.52397497, 48.7481696 ], [ 15.52393897, 48.74820927 ], [ 15.52437242, 48.74832257 ], [ 15.52504949, 48.74846546 ], [ 15.52510955, 48.74847451 ], [ 15.52559115, 48.74854706 ], [ 15.52572529, 48.74855929 ], [ 15.52604849, 48.7485888 ], [ 15.52622743, 48.74860512 ], [ 15.52655781, 48.74862579 ], [ 15.52699362, 48.74863157 ], [ 15.52730936, 48.74863574 ], [ 15.52764849, 48.74863587 ], [ 15.52789906, 48.74863053 ], [ 15.52809722, 48.74863659 ], [ 15.52827804, 48.74862983 ], [ 15.52881448, 48.74860976 ], [ 15.5289332, 48.74860531 ], [ 15.5289901, 48.74860564 ], [ 15.529283, 48.7486073 ], [ 15.52961461, 48.74860917 ], [ 15.52993992, 48.74861101 ], [ 15.53067549, 48.74857407 ], [ 15.53077547, 48.74857252 ], [ 15.53077504, 48.74845418 ], [ 15.53080281, 48.748206 ], [ 15.53080875, 48.74797696 ], [ 15.53086401, 48.74779682 ], [ 15.53048284, 48.7476876 ], [ 15.53016054, 48.74761277 ], [ 15.52990124, 48.7475606 ], [ 15.52954107, 48.74749882 ], [ 15.52920229, 48.74744277 ] ] ] } },
{ "type": "Feature", "properties": { "GID": "7b8c1fea-bcfa-40dd-bf4d-f114f3cfbba6", "ZONENAME": "HO05", "COMMUNITY": "Horn", "DISTRICT": "Horn", "LEGALFOUNDATIONDATE": "2022-12-21T00:00:00", "LEGISLATIONCODE": "NÖ LGBl. Nr. 94/2022", "LEGISLATIONTITLE": "Sektorales RO-Programm über PV-Anlagen im Grünland in NÖ", "LASTUPDATE": "2023-01-17T00:00:00" }, "geometry": { "type": "Polygon", "coordinates": [ [ [ 15.67994645, 48.66749535 ], [ 15.67995943, 48.66746066 ], [ 15.68033093, 48.66754745 ], [ 15.68068216, 48.66769333 ], [ 15.68065225, 48.66764388 ], [ 15.68064854, 48.66761607 ], [ 15.6805217, 48.66666628 ], [ 15.68050176, 48.6665918 ], [ 15.68044068, 48.6665178 ], [ 15.68023368, 48.66637922 ], [ 15.67999768, 48.66623642 ], [ 15.67974203, 48.66612265 ], [ 15.6794858, 48.66603225 ], [ 15.67924255, 48.66594651 ], [ 15.67908671, 48.6659039 ], [ 15.67869715, 48.66582551 ], [ 15.67859114, 48.66581385 ], [ 15.67839728, 48.66579242 ], [ 15.67817982, 48.66579099 ], [ 15.67801676, 48.66579159 ], [ 15.6779418, 48.66580384 ], [ 15.67793093, 48.66589856 ], [ 15.67786609, 48.66605052 ], [ 15.67774117, 48.66619819 ], [ 15.67768251, 48.66624111 ], [ 15.67772452, 48.66642372 ], [ 15.67773801, 48.66648287 ], [ 15.67804559, 48.66782128 ], [ 15.67805041, 48.66787048 ], [ 15.67754544, 48.66806086 ], [ 15.67738085, 48.66809499 ], [ 15.67711743, 48.66814969 ], [ 15.67667664, 48.66824096 ], [ 15.6760074, 48.66837966 ], [ 15.67550752, 48.66848326 ], [ 15.67546116, 48.66852985 ], [ 15.67575044, 48.67042336 ], [ 15.67581477, 48.67048811 ], [ 15.6761157, 48.67058722 ], [ 15.67635399, 48.67064857 ], [ 15.6765364, 48.67069557 ], [ 15.67684967, 48.67075446 ], [ 15.67706542, 48.67078555 ], [ 15.67715933, 48.67079904 ], [ 15.67752999, 48.67085107 ], [ 15.67780808, 48.67089015 ], [ 15.67786243, 48.67089775 ], [ 15.67798079, 48.67091038 ], [ 15.67848425, 48.67099275 ], [ 15.67886567, 48.67106336 ], [ 15.6792599, 48.67115086 ], [ 15.67988118, 48.671299 ], [ 15.68020382, 48.67137925 ], [ 15.68055478, 48.67147468 ], [ 15.67994645, 48.66749535 ] ] ] } },
{ "type": "Feature", "properties": { "GID": "027247a4-c69b-4558-b63b-4a25e3a80b69", "ZONENAME": "HO06", "COMMUNITY": "Meiseldorf", "DISTRICT": "Horn", "LEGALFOUNDATIONDATE": "2022-12-21T00:00:00", "LEGISLATIONCODE": "NÖ LGBl. Nr. 94/2022", "LEGISLATIONTITLE": "Sektorales RO-Programm über PV-Anlagen im Grünland in NÖ", "LASTUPDATE": "2023-01-17T00:00:00" }, "geometry": { "type": "Polygon", "coordinates": [ [ [ 15.81680403, 48.67236074 ], [ 15.81690073, 48.67247664 ], [ 15.8169077, 48.6725916 ], [ 15.81713273, 48.67269225 ], [ 15.81751493, 48.67287868 ], [ 15.81777322, 48.67298028 ], [ 15.81802359, 48.67304742 ], [ 15.81815057, 48.67307056 ], [ 15.81870629, 48.67303286 ], [ 15.81938916, 48.67293593 ], [ 15.82014156, 48.67278409 ], [ 15.82036346, 48.67272681 ], [ 15.82059026, 48.67266829 ], [ 15.82140921, 48.67248644 ], [ 15.82187838, 48.67242739 ], [ 15.82204641, 48.67240619 ], [ 15.82219876, 48.67237918 ], [ 15.82238007, 48.67234698 ], [ 15.82255086, 48.67229532 ], [ 15.82163417, 48.670368 ], [ 15.82158736, 48.67037859 ], [ 15.82145754, 48.67040732 ], [ 15.82127969, 48.67044663 ], [ 15.82096902, 48.6705153 ], [ 15.82064135, 48.67058775 ], [ 15.82009195, 48.67071433 ], [ 15.81979248, 48.67080274 ], [ 15.8196123, 48.67077756 ], [ 15.81951252, 48.67076362 ], [ 15.81821026, 48.67085049 ], [ 15.81781488, 48.67086499 ], [ 15.8170855, 48.67087897 ], [ 15.81702697, 48.67088005 ], [ 15.8169926, 48.6708826 ], [ 15.81637273, 48.67092845 ], [ 15.81609667, 48.67091866 ], [ 15.81575457, 48.67087503 ], [ 15.81564476, 48.67085907 ], [ 15.81553995, 48.67100374 ], [ 15.81541558, 48.67117511 ], [ 15.81487519, 48.67192732 ], [ 15.81483551, 48.67198253 ], [ 15.81463738, 48.67222308 ], [ 15.81457872, 48.6722949 ], [ 15.81632817, 48.67250284 ], [ 15.81659641, 48.67246754 ], [ 15.81680403, 48.67236074 ] ] ] } },
{ "type": "Feature", "properties": { "GID": "34ffa819-eb5a-4213-8c78-136d75722b0c", "ZONENAME": "HO07", "COMMUNITY": "Japons", "DISTRICT": "Horn", "LEGALFOUNDATIONDATE": "2022-12-21T00:00:00", "LEGISLATIONCODE": "NÖ LGBl. Nr. 94/2022", "LEGISLATIONTITLE": "Sektorales RO-Programm über PV-Anlagen im Grünland in NÖ", "LASTUPDATE": "2023-01-17T00:00:00" }, "geometry": { "type": "Polygon", "coordinates": [ [ [ 15.52967456, 48.78597529 ], [ 15.5326044, 48.78568222 ], [ 15.53560817, 48.78538167 ], [ 15.5356645, 48.78532199 ], [ 15.53560815, 48.78520272 ], [ 15.53555457, 48.78508922 ], [ 15.53542372, 48.78481189 ], [ 15.53529247, 48.78453401 ], [ 15.53515465, 48.78424179 ], [ 15.5350101, 48.78393567 ], [ 15.53472774, 48.78333743 ], [ 15.534594, 48.78305413 ], [ 15.53441853, 48.78268234 ], [ 15.53423478, 48.78229295 ], [ 15.53396744, 48.78172663 ], [ 15.5338624, 48.78168337 ], [ 15.52811657, 48.78226887 ], [ 15.52967456, 48.78597529 ] ] ] } },
{ "type": "Feature", "properties": { "GID": "95c0aed3-2cd2-4cb0-8b6d-d8078988e229", "ZONENAME": "HO08", "COMMUNITY": "Irnfritz-Messern", "DISTRICT": "Horn", "LEGALFOUNDATIONDATE": "2022-12-21T00:00:00", "LEGISLATIONCODE": "NÖ LGBl. Nr. 94/2022", "LEGISLATIONTITLE": "Sektorales RO-Programm über PV-Anlagen im Grünland in NÖ", "LASTUPDATE": "2023-01-17T00:00:00" }, "geometry": { "type": "Polygon", "coordinates": [ [ [ 15.55110699, 48.74809862 ], [ 15.5521941, 48.74806753 ], [ 15.55336143, 48.74805415 ], [ 15.55352773, 48.74801014 ], [ 15.55400965, 48.74799264 ], [ 15.55481122, 48.74798603 ], [ 15.55512651, 48.74800678 ], [ 15.55534291, 48.74802101 ], [ 15.55617671, 48.74808448 ], [ 15.55639432, 48.74802912 ], [ 15.55666978, 48.74810149 ], [ 15.55739235, 48.74820016 ], [ 15.55804376, 48.74828468 ], [ 15.55815069, 48.74833406 ], [ 15.55857659, 48.74841283 ], [ 15.55874994, 48.74844115 ], [ 15.55832207, 48.74809368 ], [ 15.55809601, 48.74789495 ], [ 15.55770594, 48.74756535 ], [ 15.55731712, 48.74727856 ], [ 15.55720259, 48.74720162 ], [ 15.55703221, 48.74708716 ], [ 15.55668567, 48.74687365 ], [ 15.55636591, 48.74665791 ], [ 15.55612392, 48.74648352 ], [ 15.55596552, 48.74635295 ], [ 15.55577941, 48.74617641 ], [ 15.55564205, 48.74602586 ], [ 15.55559879, 48.74588475 ], [ 15.55558528, 48.74572132 ], [ 15.55568833, 48.74546842 ], [ 15.55554252, 48.74551339 ], [ 15.55519973, 48.7456191 ], [ 15.55515487, 48.74563293 ], [ 15.55498368, 48.7457009 ], [ 15.55486548, 48.74574783 ], [ 15.55481983, 48.74576128 ], [ 15.55447229, 48.7458638 ], [ 15.55409449, 48.74597524 ], [ 15.55377593, 48.7460692 ], [ 15.55375135, 48.74607653 ], [ 15.55357011, 48.74613052 ], [ 15.55338589, 48.74618541 ], [ 15.55305745, 48.74628327 ], [ 15.55269703, 48.74638063 ], [ 15.55236324, 48.74647015 ], [ 15.55217261, 48.74652314 ], [ 15.55200425, 48.74656993 ], [ 15.55166114, 48.7466653 ], [ 15.55143462, 48.74672826 ], [ 15.55116598, 48.74680292 ], [ 15.55071513, 48.74692824 ], [ 15.5504916, 48.74699036 ], [ 15.5503002, 48.74704356 ], [ 15.55049963, 48.74814691 ], [ 15.55110699, 48.74809862 ] ] ] } },
{ "type": "Feature", "properties": { "GID": "83b2400d-c5d0-43b0-bcae-70a5300c1742", "ZONENAME": "HO09", "COMMUNITY": "Meiseldorf", "DISTRICT": "Horn", "LEGALFOUNDATIONDATE": "2022-12-21T00:00:00", "LEGISLATIONCODE": "NÖ LGBl. Nr. 94/2022", "LEGISLATIONTITLE": "Sektorales RO-Programm über PV-Anlagen im Grünland in NÖ", "LASTUPDATE": "2023-01-17T00:00:00" }, "geometry": { "type": "Polygon", "coordinates": [ [ [ 15.75003041, 48.68077619 ], [ 15.75028281, 48.68093277 ], [ 15.75056654, 48.68112728 ], [ 15.75073598, 48.68128317 ], [ 15.7508767, 48.68144468 ], [ 15.75102947, 48.68166775 ], [ 15.75113737, 48.68191945 ], [ 15.75117983, 48.68212263 ], [ 15.75119239, 48.68235218 ], [ 15.75113759, 48.68261601 ], [ 15.75105915, 48.68281093 ], [ 15.75095197, 48.68298889 ], [ 15.75089307, 48.68306808 ], [ 15.75084106, 48.68313805 ], [ 15.75069154, 48.68330158 ], [ 15.75085447, 48.68369224 ], [ 15.75098945, 48.68369247 ], [ 15.75114714, 48.68370307 ], [ 15.75125638, 48.68371037 ], [ 15.75182714, 48.68364304 ], [ 15.752342, 48.68358225 ], [ 15.75275062, 48.6835372 ], [ 15.75316291, 48.68349172 ], [ 15.75335545, 48.68347048 ], [ 15.75363155, 48.68342332 ], [ 15.75365305, 48.68341965 ], [ 15.75419935, 48.68324642 ], [ 15.75454433, 48.68311373 ], [ 15.75478484, 48.68300757 ], [ 15.75562239, 48.6826378 ], [ 15.75596503, 48.68249501 ], [ 15.75663857, 48.68216766 ], [ 15.75679326, 48.68207204 ], [ 15.75696598, 48.68194296 ], [ 15.75751149, 48.68133916 ], [ 15.75761415, 48.68120893 ], [ 15.75784753, 48.68079878 ], [ 15.7581471, 48.68013439 ], [ 15.7583089, 48.67929692 ], [ 15.75841018, 48.67884816 ], [ 15.75850286, 48.67843785 ], [ 15.75851985, 48.67824631 ], [ 15.75845727, 48.67820921 ], [ 15.75816515, 48.67823616 ], [ 15.75758715, 48.67828956 ], [ 15.7568826, 48.67844887 ], [ 15.75647644, 48.67855546 ], [ 15.75640215, 48.67856821 ], [ 15.75414829, 48.67895504 ], [ 15.75340675, 48.67908231 ], [ 15.7532254, 48.67911107 ], [ 15.75198455, 48.67930792 ], [ 15.75151819, 48.67938191 ], [ 15.75117508, 48.67943637 ], [ 15.75111649, 48.67945405 ], [ 15.75063995, 48.67959749 ], [ 15.75026229, 48.67975069 ], [ 15.74976838, 48.67995105 ], [ 15.74972687, 48.68001765 ], [ 15.75003041, 48.68077619 ] ] ] } },
{ "type": "Feature", "properties": { "GID": "985da8fe-8fa9-4b85-b3c2-6086b22f704c", "ZONENAME": "KO01", "COMMUNITY": "Hagenbrunn", "DISTRICT": "Korneuburg", "LEGALFOUNDATIONDATE": "2022-12-21T00:00:00", "LEGISLATIONCODE": "NÖ LGBl. Nr. 94/2022", "LEGISLATIONTITLE": "Sektorales RO-Programm über PV-Anlagen im Grünland in NÖ", "LASTUPDATE": "2023-01-17T00:00:00" }, "geometry": { "type": "Polygon", "coordinates": [ [ [ 16.44820669, 48.34712086 ], [ 16.44836101, 48.3472578 ], [ 16.4484713, 48.34727467 ], [ 16.4491367, 48.34741744 ], [ 16.44942259, 48.3474472 ], [ 16.44948661, 48.34745395 ], [ 16.44997297, 48.34754866 ], [ 16.45005771, 48.34756517 ], [ 16.45043051, 48.34765718 ], [ 16.45047657, 48.34766618 ], [ 16.45058196, 48.3476868 ], [ 16.45148692, 48.34783048 ], [ 16.45208146, 48.34792264 ], [ 16.45233857, 48.34795555 ], [ 16.45523842, 48.34700596 ], [ 16.45459439, 48.34631785 ], [ 16.45439193, 48.34610169 ], [ 16.45419015, 48.34588607 ], [ 16.45367111, 48.34533155 ], [ 16.45347434, 48.34512123 ], [ 16.45281575, 48.34441757 ], [ 16.4526701, 48.34426205 ], [ 16.45235488, 48.34392522 ], [ 16.4521922, 48.34375137 ], [ 16.45188713, 48.34342542 ], [ 16.45121182, 48.34270378 ], [ 16.45111559, 48.34268544 ], [ 16.44540049, 48.3445567 ], [ 16.44538051, 48.34461247 ], [ 16.44615701, 48.34530167 ], [ 16.44650749, 48.34561267 ], [ 16.44669442, 48.34577868 ], [ 16.44705653, 48.3461001 ], [ 16.44722387, 48.3462485 ], [ 16.44798041, 48.34692008 ], [ 16.44804848, 48.34698048 ], [ 16.44820669, 48.34712086 ] ] ] } },
{ "type": "Feature", "properties": { "GID": "26d92ffb-3aba-4b0e-8b4e-3eff82ea6a78", "ZONENAME": "KO02", "COMMUNITY": "Gerasdorf bei Wien", "DISTRICT": "Korneuburg", "LEGALFOUNDATIONDATE": "2022-12-21T00:00:00", "LEGISLATIONCODE": "NÖ LGBl. Nr. 94/2022", "LEGISLATIONTITLE": "Sektorales RO-Programm über PV-Anlagen im Grünland in NÖ", "LASTUPDATE": "2023-01-17T00:00:00" }, "geometry": { "type": "Polygon", "coordinates": [ [ [ 16.46419062, 48.2806439 ], [ 16.46450498, 48.28071136 ], [ 16.46602201, 48.28104987 ], [ 16.46724542, 48.28132294 ], [ 16.46848665, 48.28159995 ], [ 16.46859275, 48.28162357 ], [ 16.46866393, 48.2816394 ], [ 16.46881897, 48.28167403 ], [ 16.46917421, 48.28175329 ], [ 16.46952553, 48.28183167 ], [ 16.46988145, 48.28191111 ], [ 16.47115327, 48.28218067 ], [ 16.47224513, 48.2824142 ], [ 16.47274543, 48.28251945 ], [ 16.47291691, 48.28255558 ], [ 16.4730888, 48.28259171 ], [ 16.47286405, 48.28203539 ], [ 16.4726681, 48.28156466 ], [ 16.4721523, 48.28023412 ], [ 16.47199268, 48.27973933 ], [ 16.47179962, 48.27903369 ], [ 16.47168565, 48.2785276 ], [ 16.47142884, 48.27734981 ], [ 16.47135029, 48.27698848 ], [ 16.47118512, 48.27709335 ], [ 16.47103247, 48.27719146 ], [ 16.47093994, 48.27725165 ], [ 16.47027246, 48.27754209 ], [ 16.46932936, 48.27794914 ], [ 16.46878783, 48.27818583 ], [ 16.46851007, 48.27830747 ], [ 16.46821387, 48.27843713 ], [ 16.46791215, 48.27857093 ], [ 16.46761542, 48.27870212 ], [ 16.46746146, 48.2787702 ], [ 16.46732985, 48.27883141 ], [ 16.46731007, 48.27884204 ], [ 16.46673396, 48.27915224 ], [ 16.46637446, 48.27935059 ], [ 16.46588635, 48.27962246 ], [ 16.46553533, 48.279818 ], [ 16.46436801, 48.28046367 ], [ 16.46425555, 48.2805316 ], [ 16.46408627, 48.28061794 ], [ 16.46419062, 48.2806439 ] ] ] } },
{ "type": "Feature", "properties": { "GID": "9e87515b-a5f7-4dd0-9b47-5669570a578f", "ZONENAME": "KO03", "COMMUNITY": "Stetten", "DISTRICT": "Korneuburg", "LEGALFOUNDATIONDATE": "2022-12-21T00:00:00", "LEGISLATIONCODE": "NÖ LGBl. Nr. 94/2022", "LEGISLATIONTITLE": "Sektorales RO-Programm über PV-Anlagen im Grünland in NÖ", "LASTUPDATE": "2023-01-17T00:00:00" }, "geometry": { "type": "Polygon", "coordinates": [ [ [ 16.38248327, 48.35862021 ], [ 16.38249764, 48.35869422 ], [ 16.38238129, 48.358802 ], [ 16.38235268, 48.35879482 ], [ 16.38233472, 48.35879033 ], [ 16.38228276, 48.35877731 ], [ 16.38195301, 48.35882331 ], [ 16.38056789, 48.35901675 ], [ 16.38008229, 48.35908447 ], [ 16.37958199, 48.35915436 ], [ 16.3789241, 48.35924616 ], [ 16.37884989, 48.35925599 ], [ 16.37924108, 48.36084273 ], [ 16.37930878, 48.36111735 ], [ 16.38002155, 48.36093857 ], [ 16.38050223, 48.36078847 ], [ 16.3813126, 48.36051819 ], [ 16.38227539, 48.36017311 ], [ 16.38237426, 48.36012855 ], [ 16.38244084, 48.36003509 ], [ 16.38254013, 48.36000259 ], [ 16.38262083, 48.35993779 ], [ 16.3827242, 48.35985478 ], [ 16.38274172, 48.35984072 ], [ 16.38275938, 48.35982651 ], [ 16.38267406, 48.35949281 ], [ 16.38262649, 48.3592645 ], [ 16.38281756, 48.3592521 ], [ 16.38292592, 48.35925494 ], [ 16.38311521, 48.35922689 ], [ 16.38475575, 48.35886352 ], [ 16.384921, 48.35881345 ], [ 16.38502904, 48.35876224 ], [ 16.38579623, 48.35826316 ], [ 16.38604461, 48.35808436 ], [ 16.3863101, 48.35788271 ], [ 16.38649887, 48.3577373 ], [ 16.38680925, 48.35748815 ], [ 16.38726837, 48.35715476 ], [ 16.38732078, 48.35706832 ], [ 16.38722058, 48.35672411 ], [ 16.38847289, 48.35644872 ], [ 16.38909419, 48.35585571 ], [ 16.38207479, 48.35739914 ], [ 16.38210413, 48.35745857 ], [ 16.38225747, 48.35781526 ], [ 16.38238471, 48.35811152 ], [ 16.38239257, 48.35815181 ], [ 16.38244965, 48.35844666 ], [ 16.38248327, 48.35862021 ] ] ] } },
{ "type": "Feature", "properties": { "GID": "a00e4ce2-7f9c-4299-967f-d5a6ad70251b", "ZONENAME": "KO05", "COMMUNITY": "Hagenbrunn", "DISTRICT": "Korneuburg", "LEGALFOUNDATIONDATE": "2022-12-21T00:00:00", "LEGISLATIONCODE": "NÖ LGBl. Nr. 94/2022", "LEGISLATIONTITLE": "Sektorales RO-Programm über PV-Anlagen im Grünland in NÖ", "LASTUPDATE": "2023-01-17T00:00:00" }, "geometry": { "type": "Polygon", "coordinates": [ [ [ 16.43926789, 48.33883879 ], [ 16.43932837, 48.33886391 ], [ 16.44448086, 48.33717704 ], [ 16.44482714, 48.33757339 ], [ 16.44491935, 48.33767906 ], [ 16.44536989, 48.33819483 ], [ 16.44561963, 48.33848066 ], [ 16.4457803, 48.33866456 ], [ 16.44592185, 48.3388266 ], [ 16.44624013, 48.33872238 ], [ 16.45091291, 48.3371922 ], [ 16.45084048, 48.33713382 ], [ 16.4505205, 48.33687577 ], [ 16.45019634, 48.33661439 ], [ 16.44979908, 48.3362941 ], [ 16.44961139, 48.33614266 ], [ 16.44949154, 48.33604601 ], [ 16.44912023, 48.33574664 ], [ 16.4490432, 48.33568305 ], [ 16.44804762, 48.33486126 ], [ 16.44798222, 48.33480727 ], [ 16.44788345, 48.33472571 ], [ 16.44742458, 48.33434692 ], [ 16.4473935, 48.33432096 ], [ 16.43927021, 48.33698075 ], [ 16.43926998, 48.33706798 ], [ 16.43927, 48.33754587 ], [ 16.43926996, 48.33765972 ], [ 16.43926998, 48.33773517 ], [ 16.43927002, 48.33775477 ], [ 16.43926778, 48.33851567 ], [ 16.43926789, 48.33883879 ] ] ] } },
{ "type": "Feature", "properties": { "GID": "82fcddcb-39a6-4454-a5df-6bff10105005", "ZONENAME": "KO06", "COMMUNITY": "Gerasdorf bei Wien", "DISTRICT": "Korneuburg", "LEGALFOUNDATIONDATE": "2022-12-21T00:00:00", "LEGISLATIONCODE": "NÖ LGBl. Nr. 94/2022", "LEGISLATIONTITLE": "Sektorales RO-Programm über PV-Anlagen im Grünland in NÖ", "LASTUPDATE": "2023-01-17T00:00:00" }, "geometry": { "type": "Polygon", "coordinates": [ [ [ 16.47802935, 48.30585622 ], [ 16.47804155, 48.30597472 ], [ 16.47817729, 48.30745558 ], [ 16.47818237, 48.30751091 ], [ 16.47818519, 48.30755731 ], [ 16.47926984, 48.30813372 ], [ 16.47930452, 48.30815216 ], [ 16.48032488, 48.30854914 ], [ 16.48047593, 48.3086079 ], [ 16.48114076, 48.308977 ], [ 16.48235062, 48.30964388 ], [ 16.4837184, 48.31041273 ], [ 16.48378372, 48.31039115 ], [ 16.48420055, 48.31024826 ], [ 16.48464122, 48.31009751 ], [ 16.48484714, 48.31002655 ], [ 16.48505939, 48.30995425 ], [ 16.48639376, 48.30949818 ], [ 16.48642617, 48.30942646 ], [ 16.48639969, 48.30940492 ], [ 16.48635586, 48.30935578 ], [ 16.4863427, 48.30932693 ], [ 16.4862269, 48.30914255 ], [ 16.48612179, 48.3089728 ], [ 16.48610403, 48.30893964 ], [ 16.48598977, 48.30872837 ], [ 16.48590338, 48.30855051 ], [ 16.4858875, 48.3085159 ], [ 16.48579426, 48.30829983 ], [ 16.4857625, 48.30822712 ], [ 16.48570762, 48.30808268 ], [ 16.48565663, 48.30793598 ], [ 16.48563351, 48.30786514 ], [ 16.4855235, 48.30751054 ], [ 16.48543687, 48.3072313 ], [ 16.48518029, 48.30642765 ], [ 16.48512721, 48.30622394 ], [ 16.48509386, 48.30609592 ], [ 16.48505609, 48.30585757 ], [ 16.48505017, 48.30568235 ], [ 16.48267133, 48.30571477 ], [ 16.48270844, 48.30609145 ], [ 16.48247646, 48.30609923 ], [ 16.4806388, 48.30616087 ], [ 16.48055619, 48.30616364 ], [ 16.48045442, 48.30577902 ], [ 16.48031218, 48.30578354 ], [ 16.47985761, 48.30579802 ], [ 16.47980085, 48.30579982 ], [ 16.47929449, 48.30581593 ], [ 16.47903816, 48.30582406 ], [ 16.47894648, 48.305827 ], [ 16.47843223, 48.30584343 ], [ 16.47815745, 48.30585214 ], [ 16.47802935, 48.30585622 ] ] ] } },
{ "type": "Feature", "properties": { "GID": "08886699-86cf-418c-83a3-5750edba2de3", "ZONENAME": "KO07", "COMMUNITY": "Leobendorf", "DISTRICT": "Korneuburg", "LEGALFOUNDATIONDATE": "2022-12-21T00:00:00", "LEGISLATIONCODE": "NÖ LGBl. Nr. 94/2022", "LEGISLATIONTITLE": "Sektorales RO-Programm über PV-Anlagen im Grünland in NÖ", "LASTUPDATE": "2023-01-17T00:00:00" }, "geometry": { "type": "Polygon", "coordinates": [ [ [ 16.34575283, 48.37022682 ], [ 16.34550583, 48.37016992 ], [ 16.34531431, 48.37020348 ], [ 16.34493279, 48.37042635 ], [ 16.34407041, 48.3709534 ], [ 16.34355892, 48.3712779 ], [ 16.34331465, 48.37148808 ], [ 16.34317459, 48.37182146 ], [ 16.34291453, 48.3731098 ], [ 16.34300322, 48.37318929 ], [ 16.34382903, 48.37328501 ], [ 16.34427421, 48.37339451 ], [ 16.3444663, 48.37348515 ], [ 16.3446256, 48.37363936 ], [ 16.34474805, 48.37376499 ], [ 16.34487346, 48.37388989 ], [ 16.34507987, 48.37403691 ], [ 16.34533677, 48.37422178 ], [ 16.34564308, 48.37439595 ], [ 16.34613724, 48.37303294 ], [ 16.34635807, 48.37307114 ], [ 16.34659605, 48.37311177 ], [ 16.34671551, 48.37313226 ], [ 16.34695414, 48.37248331 ], [ 16.34708688, 48.37249442 ], [ 16.3471805, 48.37250226 ], [ 16.34733203, 48.3725149 ], [ 16.34741415, 48.37252175 ], [ 16.34755146, 48.37253321 ], [ 16.3476316, 48.3725399 ], [ 16.3476339, 48.37254008 ], [ 16.34775416, 48.37255014 ], [ 16.34794947, 48.37197412 ], [ 16.3479581, 48.37192906 ], [ 16.34820551, 48.3719312 ], [ 16.34828852, 48.37193182 ], [ 16.34839906, 48.37193279 ], [ 16.34856981, 48.37193422 ], [ 16.34874743, 48.37193572 ], [ 16.34893019, 48.37193723 ], [ 16.34909135, 48.37193865 ], [ 16.3492845, 48.37194025 ], [ 16.3494605, 48.37193349 ], [ 16.34955498, 48.37192979 ], [ 16.34965446, 48.371926 ], [ 16.34983168, 48.37191914 ], [ 16.35001862, 48.37191193 ], [ 16.35019273, 48.37190525 ], [ 16.35036631, 48.37189857 ], [ 16.35052139, 48.37189253 ], [ 16.35067823, 48.37188648 ], [ 16.35069384, 48.3717223 ], [ 16.35070673, 48.37158676 ], [ 16.3507428, 48.37126179 ], [ 16.35080297, 48.3708819 ], [ 16.35091273, 48.37085995 ], [ 16.35100602, 48.37083898 ], [ 16.35112143, 48.37082934 ], [ 16.35125322, 48.37076594 ], [ 16.35133328, 48.37054197 ], [ 16.35135246, 48.370419 ], [ 16.35138098, 48.37021285 ], [ 16.35135017, 48.36993158 ], [ 16.35133848, 48.36987269 ], [ 16.35119533, 48.36956663 ], [ 16.3510937, 48.36934933 ], [ 16.35091991, 48.36903856 ], [ 16.35076264, 48.36877557 ], [ 16.35050248, 48.36832445 ], [ 16.35041515, 48.36837222 ], [ 16.35033641, 48.36841529 ], [ 16.35018153, 48.36849999 ], [ 16.35004453, 48.36855869 ], [ 16.35001191, 48.36857266 ], [ 16.34967393, 48.36871745 ], [ 16.34963013, 48.36873621 ], [ 16.34931516, 48.36885914 ], [ 16.34911415, 48.3689376 ], [ 16.34901474, 48.36897639 ], [ 16.34890678, 48.36901723 ], [ 16.34876319, 48.36907157 ], [ 16.34856561, 48.36914632 ], [ 16.34853916, 48.36915774 ], [ 16.34846372, 48.36919049 ], [ 16.34839895, 48.36921864 ], [ 16.34825887, 48.36927954 ], [ 16.34815212, 48.36932604 ], [ 16.34800623, 48.36938964 ], [ 16.3478177, 48.36947176 ], [ 16.34766628, 48.36953779 ], [ 16.34759354, 48.36956954 ], [ 16.34757087, 48.3695797 ], [ 16.3475127, 48.36960597 ], [ 16.34740811, 48.36965301 ], [ 16.34736209, 48.36967379 ], [ 16.34730312, 48.36970014 ], [ 16.34722781, 48.36973388 ], [ 16.34703091, 48.36982203 ], [ 16.34680081, 48.36992502 ], [ 16.34642415, 48.37009358 ], [ 16.3462178, 48.37018272 ], [ 16.34595246, 48.37027294 ], [ 16.34575283, 48.37022682 ] ] ] } },
{ "type": "Feature", "properties": { "GID": "fcdfb545-9ab8-423b-a29e-926f7846aa45", "ZONENAME": "KO08", "COMMUNITY": "Stockerau", "DISTRICT": "Korneuburg", "LEGALFOUNDATIONDATE": "2022-12-21T00:00:00", "LEGISLATIONCODE": "NÖ LGBl. Nr. 94/2022", "LEGISLATIONTITLE": "Sektorales RO-Programm über PV-Anlagen im Grünland in NÖ", "LASTUPDATE": "2023-01-17T00:00:00" }, "geometry": { "type": "Polygon", "coordinates": [ [ [ 16.18806298, 48.39838201 ], [ 16.18826738, 48.39802714 ], [ 16.18835787, 48.39788265 ], [ 16.18844842, 48.39772126 ], [ 16.18861021, 48.39743801 ], [ 16.18872828, 48.39723492 ], [ 16.18923023, 48.39737585 ], [ 16.1892888, 48.39738798 ], [ 16.18953079, 48.39743793 ], [ 16.1896945, 48.39747177 ], [ 16.18987267, 48.39750077 ], [ 16.19007165, 48.39752611 ], [ 16.19026169, 48.39755999 ], [ 16.19038965, 48.39758281 ], [ 16.19065041, 48.39762937 ], [ 16.1912142, 48.39772999 ], [ 16.19266544, 48.39768378 ], [ 16.19339232, 48.39757983 ], [ 16.19335491, 48.39659318 ], [ 16.1933351, 48.39607075 ], [ 16.19332207, 48.39527315 ], [ 16.19319943, 48.39529044 ], [ 16.19103727, 48.39559328 ], [ 16.19100887, 48.39559726 ], [ 16.19081848, 48.39499047 ], [ 16.19061088, 48.39503917 ], [ 16.19022566, 48.3951414 ], [ 16.19013466, 48.39516317 ], [ 16.19010864, 48.3951694 ], [ 16.1899667, 48.3950818 ], [ 16.18949138, 48.39470296 ], [ 16.18915142, 48.39444749 ], [ 16.1887664, 48.39422577 ], [ 16.18819384, 48.39389885 ], [ 16.18809843, 48.3940277 ], [ 16.18777809, 48.39445931 ], [ 16.18763871, 48.3946522 ], [ 16.18752327, 48.39483263 ], [ 16.18748743, 48.39489922 ], [ 16.18739597, 48.39510027 ], [ 16.18733521, 48.3952341 ], [ 16.187311, 48.39529558 ], [ 16.18715224, 48.39569754 ], [ 16.18704561, 48.39600487 ], [ 16.1870049, 48.39611659 ], [ 16.18684512, 48.39654427 ], [ 16.18669783, 48.39694615 ], [ 16.18660689, 48.39719442 ], [ 16.18658346, 48.3972603 ], [ 16.18652728, 48.39741826 ], [ 16.18647178, 48.39757428 ], [ 16.18637392, 48.39784942 ], [ 16.18633281, 48.39796043 ], [ 16.18622078, 48.39826371 ], [ 16.18605674, 48.39870954 ], [ 16.18590007, 48.39912706 ], [ 16.18575626, 48.39950925 ], [ 16.1860121, 48.39958759 ], [ 16.1861158, 48.39965324 ], [ 16.18612019, 48.39965846 ], [ 16.18628532, 48.3996991 ], [ 16.18683469, 48.3998343 ], [ 16.1873528, 48.39893227 ], [ 16.18745942, 48.39876676 ], [ 16.18775461, 48.3983085 ], [ 16.18806298, 48.39838201 ] ] ] } },
{ "type": "Feature", "properties": { "GID": "e1929a5c-1ff0-414d-9541-9a6668ef904d", "ZONENAME": "KO11", "COMMUNITY": "Gerasdorf bei Wien", "DISTRICT": "Korneuburg", "LEGALFOUNDATIONDATE": "2022-12-21T00:00:00", "LEGISLATIONCODE": "NÖ LGBl. Nr. 94/2022", "LEGISLATIONTITLE": "Sektorales RO-Programm über PV-Anlagen im Grünland in NÖ", "LASTUPDATE": "2023-01-17T00:00:00" }, "geometry": { "type": "Polygon", "coordinates": [ [ [ 16.52415779, 48.32864925 ], [ 16.52441271, 48.32862204 ], [ 16.52476241, 48.32858765 ], [ 16.52561296, 48.32850999 ], [ 16.52564343, 48.32850751 ], [ 16.52560916, 48.32839426 ], [ 16.52557121, 48.32827031 ], [ 16.5255379, 48.32816128 ], [ 16.52549134, 48.32800847 ], [ 16.52544968, 48.32788032 ], [ 16.52541948, 48.32778744 ], [ 16.52538931, 48.32769461 ], [ 16.52529461, 48.3273992 ], [ 16.52522017, 48.32721927 ], [ 16.52515055, 48.32705883 ], [ 16.52508695, 48.32691224 ], [ 16.52501128, 48.32673927 ], [ 16.52496559, 48.32674573 ], [ 16.52400489, 48.32685864 ], [ 16.52360066, 48.32691335 ], [ 16.52304468, 48.32699537 ], [ 16.52240264, 48.32707276 ], [ 16.52186211, 48.32717733 ], [ 16.52130334, 48.32730862 ], [ 16.52023284, 48.32760783 ], [ 16.51933153, 48.32789174 ], [ 16.51839579, 48.32820619 ], [ 16.5179735, 48.32834661 ], [ 16.51809015, 48.32853446 ], [ 16.51822503, 48.32872886 ], [ 16.51835815, 48.32892047 ], [ 16.51848532, 48.32910975 ], [ 16.51855555, 48.32921369 ], [ 16.51869373, 48.32938757 ], [ 16.51880455, 48.32952787 ], [ 16.5188391, 48.3295717 ], [ 16.51890217, 48.32963455 ], [ 16.51899816, 48.32973943 ], [ 16.51916036, 48.32991625 ], [ 16.51932498, 48.33005475 ], [ 16.51943684, 48.3301436 ], [ 16.51953935, 48.33026007 ], [ 16.52079979, 48.32958691 ], [ 16.52165458, 48.32922608 ], [ 16.52289842, 48.32878368 ], [ 16.52415779, 48.32864925 ] ] ] } },
{ "type": "Feature", "properties": { "GID": "391e9094-7c37-4ef1-9c85-5ee83f15b10b", "ZONENAME": "KR01", "COMMUNITY": "Stratzing", "DISTRICT": "Krems und Krems-Land", "LEGALFOUNDATIONDATE": "2022-12-21T00:00:00", "LEGISLATIONCODE": "NÖ LGBl. Nr. 94/2022", "LEGISLATIONTITLE": "Sektorales RO-Programm über PV-Anlagen im Grünland in NÖ", "LASTUPDATE": "2023-01-17T00:00:00" }, "geometry": { "type": "Polygon", "coordinates": [ [ [ 15.59963096, 48.4610545 ], [ 15.60000372, 48.46109791 ], [ 15.600037, 48.46110179 ], [ 15.60080695, 48.46117272 ], [ 15.60157434, 48.4612178 ], [ 15.60161767, 48.46122034 ], [ 15.60266401, 48.46125336 ], [ 15.60364528, 48.46126069 ], [ 15.60366334, 48.46111603 ], [ 15.60366671, 48.46108906 ], [ 15.60368639, 48.46093136 ], [ 15.60368714, 48.460926 ], [ 15.60369049, 48.46090221 ], [ 15.60370672, 48.4607868 ], [ 15.60373178, 48.46056744 ], [ 15.60373462, 48.46052969 ], [ 15.6037493, 48.46037429 ], [ 15.60379393, 48.45998842 ], [ 15.6038224, 48.45974796 ], [ 15.60407289, 48.45975599 ], [ 15.60413037, 48.45975784 ], [ 15.60417905, 48.4597594 ], [ 15.60418687, 48.45961044 ], [ 15.6039305, 48.45961105 ], [ 15.60391803, 48.45961083 ], [ 15.60386051, 48.4596098 ], [ 15.60365921, 48.45960618 ], [ 15.60367242, 48.45901615 ], [ 15.60367302, 48.45898911 ], [ 15.60300363, 48.45901135 ], [ 15.60183169, 48.45904678 ], [ 15.60125059, 48.4590455 ], [ 15.6011811, 48.45904541 ], [ 15.60119015, 48.45903666 ], [ 15.60159145, 48.4585956 ], [ 15.60170193, 48.45847275 ], [ 15.60170797, 48.45846631 ], [ 15.60181579, 48.45834955 ], [ 15.60200841, 48.45826831 ], [ 15.60209442, 48.4582105 ], [ 15.60214341, 48.45814175 ], [ 15.60216201, 48.45805212 ], [ 15.60215638, 48.45784264 ], [ 15.60216133, 48.45782747 ], [ 15.60209945, 48.45729928 ], [ 15.60188743, 48.45640053 ], [ 15.60183479, 48.45624453 ], [ 15.60173928, 48.45601433 ], [ 15.60165585, 48.45602468 ], [ 15.60147131, 48.45568636 ], [ 15.6014387, 48.45562302 ], [ 15.60131095, 48.45568785 ], [ 15.60104519, 48.45582528 ], [ 15.60050189, 48.45609231 ], [ 15.60023248, 48.45622108 ], [ 15.60003182, 48.4563279 ], [ 15.59996557, 48.45636316 ], [ 15.59970206, 48.45650348 ], [ 15.59924261, 48.45674901 ], [ 15.59922373, 48.4567591 ], [ 15.59917626, 48.45678447 ], [ 15.59905389, 48.45684968 ], [ 15.59892853, 48.4569165 ], [ 15.59891615, 48.45692309 ], [ 15.59864838, 48.45705905 ], [ 15.59855885, 48.45710943 ], [ 15.59821293, 48.45730406 ], [ 15.59814443, 48.45734261 ], [ 15.59811651, 48.45736041 ], [ 15.59801263, 48.45742662 ], [ 15.59788365, 48.45750883 ], [ 15.59774234, 48.45758409 ], [ 15.59763185, 48.45764292 ], [ 15.59742147, 48.45776982 ], [ 15.59725766, 48.45786862 ], [ 15.59713264, 48.45794403 ], [ 15.59705275, 48.45799574 ], [ 15.59693064, 48.45807477 ], [ 15.59679133, 48.45816494 ], [ 15.59665166, 48.45825534 ], [ 15.59655594, 48.458321 ], [ 15.59633719, 48.45847103 ], [ 15.59621641, 48.45855387 ], [ 15.59618105, 48.45857812 ], [ 15.59610514, 48.45863016 ], [ 15.59594944, 48.45873689 ], [ 15.59586843, 48.45879401 ], [ 15.59604813, 48.45921163 ], [ 15.59611666, 48.4594645 ], [ 15.59624062, 48.45992195 ], [ 15.5962542, 48.45997202 ], [ 15.59630832, 48.46017158 ], [ 15.59634508, 48.46030716 ], [ 15.59661821, 48.46027897 ], [ 15.59653366, 48.46063553 ], [ 15.59650975, 48.46073655 ], [ 15.59658615, 48.46074392 ], [ 15.59679916, 48.46076447 ], [ 15.59686534, 48.46077121 ], [ 15.59690009, 48.46077475 ], [ 15.59722305, 48.46080766 ], [ 15.5972832, 48.46081378 ], [ 15.59768184, 48.4608544 ], [ 15.59771683, 48.46085796 ], [ 15.59792965, 48.46087965 ], [ 15.59794832, 48.46088155 ], [ 15.59815759, 48.46090286 ], [ 15.59819179, 48.46090635 ], [ 15.59945209, 48.46103474 ], [ 15.59949259, 48.46103931 ], [ 15.59963096, 48.4610545 ] ] ] } },
{ "type": "Feature", "properties": { "GID": "151a2072-94d6-4df7-b1ec-b4230bfe744c", "ZONENAME": "KR03", "COMMUNITY": "Gedersdorf", "DISTRICT": "Krems und Krems-Land", "LEGALFOUNDATIONDATE": "2022-12-21T00:00:00", "LEGISLATIONCODE": "NÖ LGBl. Nr. 94/2022", "LEGISLATIONTITLE": "Sektorales RO-Programm über PV-Anlagen im Grünland in NÖ", "LASTUPDATE": "2023-01-17T00:00:00" }, "geometry": { "type": "Polygon", "coordinates": [ [ [ 15.698889, 48.41436709 ], [ 15.6991458, 48.41432445 ], [ 15.69958493, 48.41425152 ], [ 15.70060723, 48.41408172 ], [ 15.70075126, 48.41405778 ], [ 15.70247761, 48.41390003 ], [ 15.70255386, 48.41386242 ], [ 15.70268926, 48.41365174 ], [ 15.70267397, 48.41358906 ], [ 15.702679, 48.41352056 ], [ 15.70270868, 48.41312162 ], [ 15.70275672, 48.41302755 ], [ 15.70277708, 48.41276938 ], [ 15.70163485, 48.41278854 ], [ 15.70022993, 48.41280327 ], [ 15.70018832, 48.4128034 ], [ 15.69904858, 48.41280654 ], [ 15.69858084, 48.41280242 ], [ 15.69815267, 48.41279861 ], [ 15.69776813, 48.41279522 ], [ 15.69731302, 48.41278586 ], [ 15.69711679, 48.41278189 ], [ 15.6960884, 48.41277132 ], [ 15.6956046, 48.41276557 ], [ 15.69525882, 48.41275177 ], [ 15.69490387, 48.41273765 ], [ 15.6941601, 48.41271606 ], [ 15.69412041, 48.41271395 ], [ 15.69357882, 48.41268485 ], [ 15.69312228, 48.41266036 ], [ 15.69314795, 48.41274548 ], [ 15.69384268, 48.41505218 ], [ 15.69428056, 48.41500471 ], [ 15.69494408, 48.41493287 ], [ 15.69568876, 48.41485221 ], [ 15.69602505, 48.41481578 ], [ 15.69632076, 48.41478379 ], [ 15.69680891, 48.41471249 ], [ 15.69777383, 48.41455228 ], [ 15.69795739, 48.41452183 ], [ 15.69838191, 48.41445107 ], [ 15.69874375, 48.4143912 ], [ 15.698889, 48.41436709 ] ] ] } },
{ "type": "Feature", "properties": { "GID": "799335a9-f086-4713-b5ea-13724e8ce0c6", "ZONENAME": "KR06", "COMMUNITY": "Gedersdorf", "DISTRICT": "Krems und Krems-Land", "LEGALFOUNDATIONDATE": "2022-12-21T00:00:00", "LEGISLATIONCODE": "NÖ LGBl. Nr. 94/2022", "LEGISLATIONTITLE": "Sektorales RO-Programm über PV-Anlagen im Grünland in NÖ", "LASTUPDATE": "2023-01-17T00:00:00" }, "geometry": { "type": "Polygon", "coordinates": [ [ [ 15.70204917, 48.39821463 ], [ 15.70205282, 48.39823641 ], [ 15.70207497, 48.39837727 ], [ 15.70208482, 48.3984651 ], [ 15.70211248, 48.3986845 ], [ 15.702148, 48.398782 ], [ 15.70216184, 48.39881985 ], [ 15.70234655, 48.39909461 ], [ 15.70261533, 48.39949448 ], [ 15.70281542, 48.39979216 ], [ 15.70300093, 48.40006801 ], [ 15.70320527, 48.40037211 ], [ 15.70331056, 48.40052871 ], [ 15.70350403, 48.40081638 ], [ 15.7035792, 48.40084242 ], [ 15.70696666, 48.40040811 ], [ 15.70842522, 48.40022111 ], [ 15.70869225, 48.40016303 ], [ 15.70896699, 48.40011489 ], [ 15.70906154, 48.40015776 ], [ 15.70947937, 48.40010419 ], [ 15.71014784, 48.40001844 ], [ 15.7108627, 48.39992673 ], [ 15.71157756, 48.39983502 ], [ 15.71175854, 48.39981181 ], [ 15.71261109, 48.39970249 ], [ 15.71353019, 48.39958453 ], [ 15.71278273, 48.39695077 ], [ 15.71218806, 48.39695717 ], [ 15.71183286, 48.39696046 ], [ 15.71144646, 48.39696394 ], [ 15.71096793, 48.39702537 ], [ 15.71078696, 48.39704858 ], [ 15.71007214, 48.39714029 ], [ 15.70935732, 48.3972319 ], [ 15.70868889, 48.39731765 ], [ 15.70825782, 48.39737294 ], [ 15.7082041, 48.39742571 ], [ 15.70812322, 48.39743606 ], [ 15.7080821, 48.39744132 ], [ 15.70800327, 48.39740563 ], [ 15.7021079, 48.39816144 ], [ 15.70204917, 48.39821463 ] ] ] } },
{ "type": "Feature", "properties": { "GID": "0c8dc335-2e25-48b1-b626-9f049cc9eae0", "ZONENAME": "KR07", "COMMUNITY": "Rohrendorf bei Krems", "DISTRICT": "Krems und Krems-Land", "LEGALFOUNDATIONDATE": "2022-12-21T00:00:00", "LEGISLATIONCODE": "NÖ LGBl. Nr. 94/2022", "LEGISLATIONTITLE": "Sektorales RO-Programm über PV-Anlagen im Grünland in NÖ", "LASTUPDATE": "2023-01-17T00:00:00" }, "geometry": { "type": "Polygon", "coordinates": [ [ [ 15.67600504, 48.42395369 ], [ 15.67605807, 48.42396624 ], [ 15.67617211, 48.42364859 ], [ 15.6762265, 48.42351158 ], [ 15.6763045, 48.42331509 ], [ 15.67650195, 48.42335005 ], [ 15.67678646, 48.42340044 ], [ 15.67705835, 48.42344859 ], [ 15.67734847, 48.42350273 ], [ 15.67761703, 48.42354955 ], [ 15.6779288, 48.42360283 ], [ 15.67820765, 48.42365256 ], [ 15.67848612, 48.42370222 ], [ 15.67875955, 48.42375097 ], [ 15.67943112, 48.42387387 ], [ 15.68013438, 48.42400402 ], [ 15.68014891, 48.42394444 ], [ 15.68018811, 48.42323691 ], [ 15.68022882, 48.42293425 ], [ 15.68027192, 48.4220972 ], [ 15.68033354, 48.42159116 ], [ 15.68033051, 48.4213604 ], [ 15.68033139, 48.4212819 ], [ 15.68000556, 48.42123834 ], [ 15.68000331, 48.42123803 ], [ 15.67964221, 48.42121911 ], [ 15.67926852, 48.42120631 ], [ 15.6789185, 48.42119713 ], [ 15.67891373, 48.42119729 ], [ 15.67860362, 48.42120806 ], [ 15.67859778, 48.42120827 ], [ 15.67819167, 48.4212069 ], [ 15.67787512, 48.42120742 ], [ 15.67780232, 48.42120752 ], [ 15.67780224, 48.42118446 ], [ 15.67773346, 48.4197293 ], [ 15.67753729, 48.41972582 ], [ 15.67727549, 48.41972111 ], [ 15.67705731, 48.41972275 ], [ 15.67683063, 48.41972255 ], [ 15.67659469, 48.41972231 ], [ 15.67635913, 48.41972207 ], [ 15.67608411, 48.41971452 ], [ 15.67570616, 48.41970397 ], [ 15.67573989, 48.41995807 ], [ 15.67576616, 48.4203995 ], [ 15.67577795, 48.4206796 ], [ 15.6757952, 48.42071921 ], [ 15.67579409, 48.4207896 ], [ 15.67575797, 48.42133426 ], [ 15.67574805, 48.4214622 ], [ 15.67572535, 48.42168879 ], [ 15.67564348, 48.42210388 ], [ 15.67558667, 48.42234563 ], [ 15.67542753, 48.42298377 ], [ 15.67532727, 48.42342431 ], [ 15.67529741, 48.42360014 ], [ 15.67531091, 48.42384341 ], [ 15.67548143, 48.42386782 ], [ 15.67567099, 48.42389494 ], [ 15.67600504, 48.42395369 ] ] ] } },
{ "type": "Feature", "properties": { "GID": "27e7e546-6dca-4960-adae-692a13c8bb80", "ZONENAME": "MD01", "COMMUNITY": "Laxenburg", "DISTRICT": "Mödling", "LEGALFOUNDATIONDATE": "2022-12-21T00:00:00", "LEGISLATIONCODE": "NÖ LGBl. Nr. 94/2022", "LEGISLATIONTITLE": "Sektorales RO-Programm über PV-Anlagen im Grünland in NÖ", "LASTUPDATE": "2023-01-17T00:00:00" }, "geometry": { "type": "Polygon", "coordinates": [ [ [ 16.3427562, 48.07025424 ], [ 16.34276639, 48.0702839 ], [ 16.34279597, 48.07029964 ], [ 16.34286173, 48.07029277 ], [ 16.34305306, 48.07027276 ], [ 16.34448123, 48.06991515 ], [ 16.34501311, 48.06978821 ], [ 16.34508865, 48.06976653 ], [ 16.34489834, 48.06957085 ], [ 16.34400106, 48.06863911 ], [ 16.34316339, 48.06777831 ], [ 16.342895, 48.06751833 ], [ 16.34263481, 48.06730709 ], [ 16.34119608, 48.06634451 ], [ 16.34125459, 48.06649281 ], [ 16.34129016, 48.06658256 ], [ 16.34173859, 48.06761905 ], [ 16.34189672, 48.06800034 ], [ 16.34213923, 48.06858507 ], [ 16.34214036, 48.06858839 ], [ 16.34223073, 48.06885265 ], [ 16.3427127, 48.07025691 ], [ 16.3427141, 48.07026032 ], [ 16.3427562, 48.07025424 ] ] ] } },
{ "type": "Feature", "properties": { "GID": "1078fa32-c16d-4c54-8d57-3c0ae0c77a58", "ZONENAME": "MD02", "COMMUNITY": "Wiener Neudorf", "DISTRICT": "Mödling", "LEGALFOUNDATIONDATE": "2022-12-21T00:00:00", "LEGISLATIONCODE": "NÖ LGBl. Nr. 94/2022", "LEGISLATIONTITLE": "Sektorales RO-Programm über PV-Anlagen im Grünland in NÖ", "LASTUPDATE": "2023-01-17T00:00:00" }, "geometry": { "type": "Polygon", "coordinates": [ [ [ 16.32654203, 48.09262289 ], [ 16.32648465, 48.09270399 ], [ 16.32622513, 48.09307082 ], [ 16.32610884, 48.0932442 ], [ 16.32609488, 48.09326488 ], [ 16.32583571, 48.09364267 ], [ 16.32582833, 48.09365346 ], [ 16.32577864, 48.09372487 ], [ 16.32555949, 48.09404006 ], [ 16.32554203, 48.09406479 ], [ 16.3252928, 48.09441884 ], [ 16.32516523, 48.09459105 ], [ 16.32475995, 48.09513817 ], [ 16.32459181, 48.0954129 ], [ 16.32448812, 48.0956459 ], [ 16.32442886, 48.09589744 ], [ 16.32441739, 48.09616086 ], [ 16.32445089, 48.0964178 ], [ 16.32455822, 48.09674391 ], [ 16.3247367, 48.09711122 ], [ 16.32486054, 48.09743238 ], [ 16.32489044, 48.09759768 ], [ 16.32873494, 48.09686 ], [ 16.32886813, 48.09684506 ], [ 16.32899942, 48.09683033 ], [ 16.32914368, 48.09681672 ], [ 16.32928807, 48.09680157 ], [ 16.32918208, 48.09623229 ], [ 16.32916465, 48.09611627 ], [ 16.32916455, 48.0961049 ], [ 16.32911639, 48.09557487 ], [ 16.32908809, 48.09498041 ], [ 16.32906686, 48.09455376 ], [ 16.32904618, 48.09455556 ], [ 16.3289861, 48.09413655 ], [ 16.32897095, 48.09399698 ], [ 16.3289291, 48.09370199 ], [ 16.32890818, 48.09355423 ], [ 16.32887049, 48.09334936 ], [ 16.32884311, 48.09325763 ], [ 16.32883002, 48.09325383 ], [ 16.32868258, 48.093211 ], [ 16.32862847, 48.09319529 ], [ 16.32854764, 48.09315041 ], [ 16.32836963, 48.09305159 ], [ 16.32834671, 48.09303887 ], [ 16.32824704, 48.09300713 ], [ 16.32808142, 48.09295437 ], [ 16.32791471, 48.09290127 ], [ 16.32738278, 48.09273184 ], [ 16.32681294, 48.09255033 ], [ 16.32665252, 48.0925442 ], [ 16.32654203, 48.09262289 ] ] ] } },
{ "type": "Feature", "properties": { "GID": "e2bd24d7-6b6b-4e3a-bdb7-1e5f30748ed4", "ZONENAME": "MD03", "COMMUNITY": "Münchendorf", "DISTRICT": "Mödling", "LEGALFOUNDATIONDATE": "2022-12-21T00:00:00", "LEGISLATIONCODE": "NÖ LGBl. Nr. 94/2022", "LEGISLATIONTITLE": "Sektorales RO-Programm über PV-Anlagen im Grünland in NÖ", "LASTUPDATE": "2023-01-17T00:00:00" }, "geometry": { "type": "Polygon", "coordinates": [ [ [ 16.38442755, 48.00510012 ], [ 16.3846074, 48.00625041 ], [ 16.38526312, 48.01044145 ], [ 16.38528011, 48.01055045 ], [ 16.38526838, 48.01146527 ], [ 16.3852217, 48.01198493 ], [ 16.38532139, 48.01195953 ], [ 16.38613289, 48.01175305 ], [ 16.38628151, 48.01103755 ], [ 16.38640745, 48.01057415 ], [ 16.38659007, 48.01010362 ], [ 16.38660652, 48.01006144 ], [ 16.38673596, 48.00975596 ], [ 16.38697678, 48.00918881 ], [ 16.38713141, 48.00888252 ], [ 16.38718651, 48.00876234 ], [ 16.3875833, 48.00789654 ], [ 16.38774523, 48.00752638 ], [ 16.38813126, 48.00664638 ], [ 16.38851958, 48.00578534 ], [ 16.38879008, 48.00518571 ], [ 16.3889159, 48.00490668 ], [ 16.38929724, 48.00406138 ], [ 16.38939953, 48.00383443 ], [ 16.38930628, 48.00385722 ], [ 16.38607415, 48.00464678 ], [ 16.38442755, 48.00510012 ] ] ] } },
{ "type": "Feature", "properties": { "GID": "f4c092ea-fda9-46bd-ba6e-2a2896f7438a", "ZONENAME": "MD10", "COMMUNITY": "Biedermannsdorf", "DISTRICT": "Mödling", "LEGALFOUNDATIONDATE": "2022-12-21T00:00:00", "LEGISLATIONCODE": "NÖ LGBl. Nr. 94/2022", "LEGISLATIONTITLE": "Sektorales RO-Programm über PV-Anlagen im Grünland in NÖ", "LASTUPDATE": "2023-01-17T00:00:00" }, "geometry": { "type": "Polygon", "coordinates": [ [ [ 16.35070031, 48.10482578 ], [ 16.35073579, 48.10493613 ], [ 16.35134925, 48.10478199 ], [ 16.35197302, 48.10458423 ], [ 16.35207653, 48.1045504 ], [ 16.35292651, 48.10430759 ], [ 16.35305986, 48.10426949 ], [ 16.35347218, 48.10416216 ], [ 16.35367467, 48.10410945 ], [ 16.35382903, 48.10406927 ], [ 16.35392471, 48.10405166 ], [ 16.35435465, 48.10397251 ], [ 16.35440207, 48.10396378 ], [ 16.35451877, 48.10394848 ], [ 16.35521343, 48.10385743 ], [ 16.35580753, 48.10373278 ], [ 16.35648662, 48.10358454 ], [ 16.35697021, 48.10346727 ], [ 16.35701975, 48.10345521 ], [ 16.35703503, 48.10339306 ], [ 16.35729532, 48.10291097 ], [ 16.3576023, 48.10238075 ], [ 16.35752973, 48.10221385 ], [ 16.35754954, 48.10206204 ], [ 16.35776329, 48.10174615 ], [ 16.35781374, 48.1016715 ], [ 16.35780407, 48.10164749 ], [ 16.35601634, 48.09719209 ], [ 16.3550417, 48.09476276 ], [ 16.35500415, 48.09484703 ], [ 16.35438751, 48.0962519 ], [ 16.35385791, 48.09747879 ], [ 16.35379942, 48.0976143 ], [ 16.35320338, 48.09898929 ], [ 16.3525279, 48.10058248 ], [ 16.35201861, 48.10177911 ], [ 16.35145804, 48.10308412 ], [ 16.35070031, 48.10482578 ] ] ] } },
{ "type": "Feature", "properties": { "GID": "09fb84ff-8059-4044-8552-975293afcca6", "ZONENAME": "MD11", "COMMUNITY": "Achau", "DISTRICT": "Mödling", "LEGALFOUNDATIONDATE": "2022-12-21T00:00:00", "LEGISLATIONCODE": "NÖ LGBl. Nr. 94/2022", "LEGISLATIONTITLE": "Sektorales RO-Programm über PV-Anlagen im Grünland in NÖ", "LASTUPDATE": "2023-01-17T00:00:00" }, "geometry": { "type": "Polygon", "coordinates": [ [ [ 16.39258483, 48.09403186 ], [ 16.39321507, 48.09423291 ], [ 16.39322416, 48.09419747 ], [ 16.39329491, 48.09420202 ], [ 16.39330562, 48.09333254 ], [ 16.39326828, 48.09270365 ], [ 16.39320288, 48.09207873 ], [ 16.39307592, 48.09149719 ], [ 16.3928972, 48.09084706 ], [ 16.3927643, 48.09035438 ], [ 16.39254006, 48.08956155 ], [ 16.39229859, 48.08945051 ], [ 16.39208342, 48.08933352 ], [ 16.39063956, 48.08877878 ], [ 16.38956828, 48.09308117 ], [ 16.39001681, 48.0932298 ], [ 16.39075876, 48.09346697 ], [ 16.39137071, 48.09365652 ], [ 16.39201772, 48.09385577 ], [ 16.39258483, 48.09403186 ] ] ] } },
{ "type": "Feature", "properties": { "GID": "a230b5af-a87f-4a54-bdc5-75c9618e8162", "ZONENAME": "MD13", "COMMUNITY": "Guntramsdorf", "DISTRICT": "Mödling", "LEGALFOUNDATIONDATE": "2022-12-21T00:00:00", "LEGISLATIONCODE": "NÖ LGBl. Nr. 94/2022", "LEGISLATIONTITLE": "Sektorales RO-Programm über PV-Anlagen im Grünland in NÖ", "LASTUPDATE": "2023-01-17T00:00:00" }, "geometry": { "type": "Polygon", "coordinates": [ [ [ 16.34164324, 48.03748954 ], [ 16.34190724, 48.03710812 ], [ 16.3424257, 48.03633825 ], [ 16.34267131, 48.03595521 ], [ 16.3429066, 48.03559357 ], [ 16.343009, 48.0354393 ], [ 16.34295092, 48.03531975 ], [ 16.34045217, 48.0301758 ], [ 16.34034213, 48.02994926 ], [ 16.33865191, 48.0296452 ], [ 16.33850778, 48.02964646 ], [ 16.33830575, 48.03022421 ], [ 16.33836986, 48.03070284 ], [ 16.33840326, 48.03095241 ], [ 16.33853173, 48.03135135 ], [ 16.33899758, 48.03226975 ], [ 16.33945715, 48.03317583 ], [ 16.33993632, 48.03418425 ], [ 16.34009431, 48.03456782 ], [ 16.34083158, 48.03643132 ], [ 16.34129783, 48.03776179 ], [ 16.34164324, 48.03748954 ] ] ] } },
{ "type": "Feature", "properties": { "GID": "0f918e33-1664-47d5-9ba2-87fe6c7fba84", "ZONENAME": "ME02", "COMMUNITY": "St. Martin-Karlsbach", "DISTRICT": "Melk", "LEGALFOUNDATIONDATE": "2022-12-21T00:00:00", "LEGISLATIONCODE": "NÖ LGBl. Nr. 94/2022", "LEGISLATIONTITLE": "Sektorales RO-Programm über PV-Anlagen im Grünland in NÖ", "LASTUPDATE": "2023-01-17T00:00:00" }, "geometry": { "type": "MultiPolygon", "coordinates": [ [ [ [ 15.05090065, 48.14841192 ], [ 15.05118457, 48.14803143 ], [ 15.05144766, 48.14771025 ], [ 15.05150437, 48.14765134 ], [ 15.05146324, 48.14753307 ], [ 15.0501338, 48.14700863 ], [ 15.04922495, 48.14803487 ], [ 15.04904088, 48.14824262 ], [ 15.0483309, 48.14796307 ], [ 15.04795695, 48.14781579 ], [ 15.04743608, 48.14761074 ], [ 15.04691762, 48.14740635 ], [ 15.04648911, 48.14723804 ], [ 15.04634951, 48.14718323 ], [ 15.04606233, 48.14707029 ], [ 15.04566192, 48.14691218 ], [ 15.04519364, 48.14672777 ], [ 15.04380039, 48.14830919 ], [ 15.0446794, 48.14876065 ], [ 15.04500182, 48.14892606 ], [ 15.04636345, 48.14962459 ], [ 15.0467103, 48.14980251 ], [ 15.04911921, 48.15103815 ], [ 15.04919969, 48.15102286 ], [ 15.04952958, 48.15049809 ], [ 15.05005964, 48.14960557 ], [ 15.05043091, 48.14904853 ], [ 15.05090065, 48.14841192 ] ] ], [ [ [ 15.04658505, 48.14514659 ], [ 15.04711039, 48.14535412 ], [ 15.04767169, 48.14557509 ], [ 15.04823951, 48.14579856 ], [ 15.04875318, 48.14600073 ], [ 15.04936071, 48.14623831 ], [ 15.04995511, 48.1464743 ], [ 15.05042313, 48.14665905 ], [ 15.0504596, 48.1466734 ], [ 15.05074497, 48.14641766 ], [ 15.05062876, 48.14634648 ], [ 15.04906954, 48.14528507 ], [ 15.04855297, 48.14481809 ], [ 15.04841546, 48.14471735 ], [ 15.0474043, 48.1442156 ], [ 15.04658505, 48.14514659 ] ] ] ] } },
{ "type": "Feature", "properties": { "GID": "fb56b2ba-7ab3-4a52-b2a0-61c6a322f2db", "ZONENAME": "ME04", "COMMUNITY": "Erlauf", "DISTRICT": "Melk", "LEGALFOUNDATIONDATE": "2022-12-21T00:00:00", "LEGISLATIONCODE": "NÖ LGBl. Nr. 94/2022", "LEGISLATIONTITLE": "Sektorales RO-Programm über PV-Anlagen im Grünland in NÖ", "LASTUPDATE": "2023-01-17T00:00:00" }, "geometry": { "type": "Polygon", "coordinates": [ [ [ 15.20268953, 48.19633836 ], [ 15.20273886, 48.19612678 ], [ 15.20315014, 48.19606704 ], [ 15.20328971, 48.19604677 ], [ 15.20351627, 48.19593589 ], [ 15.20390734, 48.19574448 ], [ 15.2029202, 48.19570516 ], [ 15.20265168, 48.19569451 ], [ 15.20250102, 48.19568844 ], [ 15.2008787, 48.19546081 ], [ 15.19872618, 48.19515867 ], [ 15.1984997, 48.19515076 ], [ 15.1973704, 48.19511134 ], [ 15.19612296, 48.19506777 ], [ 15.19589662, 48.19505986 ], [ 15.19361047, 48.19497996 ], [ 15.19349779, 48.19503883 ], [ 15.19351313, 48.19532902 ], [ 15.19350547, 48.19559461 ], [ 15.19346642, 48.19612897 ], [ 15.1934104, 48.19667611 ], [ 15.19340059, 48.19691775 ], [ 15.19342469, 48.19714643 ], [ 15.19345255, 48.19722153 ], [ 15.19350832, 48.19737191 ], [ 15.19363683, 48.19767842 ], [ 15.19370346, 48.19767303 ], [ 15.19388304, 48.19765848 ], [ 15.19462261, 48.1981619 ], [ 15.19479969, 48.19911642 ], [ 15.19480774, 48.19915985 ], [ 15.19495985, 48.19911891 ], [ 15.19523342, 48.19901226 ], [ 15.19573103, 48.19890874 ], [ 15.19613314, 48.19883467 ], [ 15.19632796, 48.19878111 ], [ 15.19643186, 48.19875255 ], [ 15.19682321, 48.19865408 ], [ 15.19684122, 48.19864878 ], [ 15.19695985, 48.19861326 ], [ 15.19711828, 48.19856652 ], [ 15.19718869, 48.19854574 ], [ 15.19720536, 48.19854006 ], [ 15.19740296, 48.19847376 ], [ 15.19756904, 48.19841559 ], [ 15.19763113, 48.19840011 ], [ 15.19785032, 48.19834293 ], [ 15.19786358, 48.19833946 ], [ 15.1980848, 48.19828175 ], [ 15.19844289, 48.1981602 ], [ 15.19876129, 48.19805147 ], [ 15.19883394, 48.19802683 ], [ 15.19893667, 48.19799214 ], [ 15.19933756, 48.19785761 ], [ 15.19958518, 48.19776167 ], [ 15.20011709, 48.1975536 ], [ 15.20064571, 48.19735477 ], [ 15.20076547, 48.19729399 ], [ 15.20095684, 48.19719686 ], [ 15.201104, 48.19712394 ], [ 15.20125687, 48.19704828 ], [ 15.20135363, 48.19700337 ], [ 15.20142291, 48.19697294 ], [ 15.20191106, 48.19682109 ], [ 15.20203184, 48.19675474 ], [ 15.20224714, 48.19662589 ], [ 15.20258364, 48.1964554 ], [ 15.20264574, 48.19638451 ], [ 15.20268953, 48.19633836 ] ] ] } },
{ "type": "Feature", "properties": { "GID": "c5f2aa88-a87f-4260-83b7-8f7b6e104adf", "ZONENAME": "ME08", "COMMUNITY": "Zelking-Matzleinsdorf", "DISTRICT": "Melk", "LEGALFOUNDATIONDATE": "2022-12-21T00:00:00", "LEGISLATIONCODE": "NÖ LGBl. Nr. 94/2022", "LEGISLATIONTITLE": "Sektorales RO-Programm über PV-Anlagen im Grünland in NÖ", "LASTUPDATE": "2023-01-17T00:00:00" }, "geometry": { "type": "Polygon", "coordinates": [ [ [ 15.26680373, 48.21829457 ], [ 15.26813547, 48.21842351 ], [ 15.26846668, 48.21845557 ], [ 15.26846841, 48.21845574 ], [ 15.26867522, 48.21744155 ], [ 15.26876478, 48.21739844 ], [ 15.2698377, 48.21750247 ], [ 15.27081326, 48.21759695 ], [ 15.27095683, 48.21761087 ], [ 15.27098947, 48.21761405 ], [ 15.27184201, 48.21769668 ], [ 15.27215167, 48.21739755 ], [ 15.27247313, 48.21708693 ], [ 15.27188437, 48.21676977 ], [ 15.271735, 48.21667234 ], [ 15.27169767, 48.21665554 ], [ 15.27129212, 48.216472 ], [ 15.27088126, 48.21637584 ], [ 15.27082261, 48.21643923 ], [ 15.27041158, 48.2161569 ], [ 15.27010802, 48.2159485 ], [ 15.27014656, 48.21590695 ], [ 15.26917985, 48.21554355 ], [ 15.2686985, 48.21536264 ], [ 15.26790646, 48.21506488 ], [ 15.26783167, 48.21507642 ], [ 15.26670149, 48.21629638 ], [ 15.2672333, 48.21634792 ], [ 15.26702713, 48.21726637 ], [ 15.26680373, 48.21829457 ] ] ] } },
{ "type": "Feature", "properties": { "GID": "3bd9968e-7846-4b47-ab42-5eaf671e807e", "ZONENAME": "ME09", "COMMUNITY": "Zelking-Matzleinsdorf", "DISTRICT": "Melk", "LEGALFOUNDATIONDATE": "2022-12-21T00:00:00", "LEGISLATIONCODE": "NÖ LGBl. Nr. 94/2022", "LEGISLATIONTITLE": "Sektorales RO-Programm über PV-Anlagen im Grünland in NÖ", "LASTUPDATE": "2023-01-17T00:00:00" }, "geometry": { "type": "Polygon", "coordinates": [ [ [ 15.26603157, 48.2030272 ], [ 15.26608999, 48.20301911 ], [ 15.26695208, 48.20098897 ], [ 15.26254664, 48.1996597 ], [ 15.26173112, 48.20125011 ], [ 15.26177934, 48.20132476 ], [ 15.26237706, 48.20163981 ], [ 15.2628613, 48.20189407 ], [ 15.2633341, 48.20214877 ], [ 15.26603157, 48.2030272 ] ] ] } },
{ "type": "Feature", "properties": { "GID": "cf1fcd8a-c529-453d-af57-019d37c25cdf", "ZONENAME": "MI01", "COMMUNITY": "Pillichsdorf", "DISTRICT": "Mistelbach", "LEGALFOUNDATIONDATE": "2022-12-21T00:00:00", "LEGISLATIONCODE": "NÖ LGBl. Nr. 94/2022", "LEGISLATIONTITLE": "Sektorales RO-Programm über PV-Anlagen im Grünland in NÖ", "LASTUPDATE": "2023-01-17T00:00:00" }, "geometry": { "type": "Polygon", "coordinates": [ [ [ 16.52686057, 48.33708427 ], [ 16.52661743, 48.3370246 ], [ 16.52654641, 48.33704198 ], [ 16.52645736, 48.33710778 ], [ 16.52642483, 48.33717267 ], [ 16.5261207, 48.33845126 ], [ 16.52594851, 48.33933987 ], [ 16.52579757, 48.34013834 ], [ 16.52577958, 48.34023369 ], [ 16.52568429, 48.34069105 ], [ 16.52567106, 48.34076212 ], [ 16.52560363, 48.34112887 ], [ 16.52551046, 48.34157876 ], [ 16.52540263, 48.34200017 ], [ 16.5252055, 48.34242703 ], [ 16.52495088, 48.34288115 ], [ 16.5244278, 48.34384794 ], [ 16.52430986, 48.34405785 ], [ 16.52449981, 48.34400179 ], [ 16.52685466, 48.34330679 ], [ 16.52861651, 48.34278676 ], [ 16.52911397, 48.3426399 ], [ 16.53037818, 48.3422667 ], [ 16.53068858, 48.34063335 ], [ 16.5307039, 48.34055272 ], [ 16.53089393, 48.33955247 ], [ 16.53055291, 48.33858819 ], [ 16.53039087, 48.33825788 ], [ 16.53024111, 48.33807306 ], [ 16.53022289, 48.33806814 ], [ 16.52955187, 48.33786423 ], [ 16.52910665, 48.33772892 ], [ 16.52831864, 48.33750065 ], [ 16.52797697, 48.33740166 ], [ 16.52743875, 48.33724572 ], [ 16.52686057, 48.33708427 ] ] ] } },
{ "type": "Feature", "properties": { "GID": "662c366b-684e-4bc0-a2a2-d285ed179cf3", "ZONENAME": "MI02", "COMMUNITY": "Ulrichskirchen-Schleinbach", "DISTRICT": "Mistelbach", "LEGALFOUNDATIONDATE": "2022-12-21T00:00:00", "LEGISLATIONCODE": "NÖ LGBl. Nr. 94/2022", "LEGISLATIONTITLE": "Sektorales RO-Programm über PV-Anlagen im Grünland in NÖ", "LASTUPDATE": "2023-01-17T00:00:00" }, "geometry": { "type": "Polygon", "coordinates": [ [ [ 16.47180731, 48.41542003 ], [ 16.47228736, 48.41549761 ], [ 16.47253877, 48.41555244 ], [ 16.47269002, 48.41558535 ], [ 16.47284506, 48.41561916 ], [ 16.47332424, 48.41572363 ], [ 16.47357916, 48.41576676 ], [ 16.47387781, 48.41579361 ], [ 16.47416558, 48.41578866 ], [ 16.47445198, 48.41576948 ], [ 16.47453926, 48.41575952 ], [ 16.47473848, 48.41573677 ], [ 16.47475566, 48.41576832 ], [ 16.47476137, 48.41579893 ], [ 16.47495571, 48.41683873 ], [ 16.47499307, 48.41712655 ], [ 16.47505731, 48.4171297 ], [ 16.47509021, 48.41739837 ], [ 16.47514169, 48.41747565 ], [ 16.47534423, 48.4174981 ], [ 16.47551519, 48.41747253 ], [ 16.47548901, 48.41738228 ], [ 16.47604158, 48.41719698 ], [ 16.47611341, 48.41723367 ], [ 16.47632818, 48.41720804 ], [ 16.47648936, 48.41718572 ], [ 16.4764542, 48.41711657 ], [ 16.47645429, 48.41685852 ], [ 16.47646595, 48.41672592 ], [ 16.4764947, 48.41639879 ], [ 16.47652978, 48.41613823 ], [ 16.47653637, 48.4160893 ], [ 16.47653717, 48.41608342 ], [ 16.47654381, 48.41603402 ], [ 16.47655025, 48.41601035 ], [ 16.4767876, 48.41602303 ], [ 16.47729764, 48.41603626 ], [ 16.47745693, 48.4160529 ], [ 16.47758899, 48.41606287 ], [ 16.4776017, 48.41606383 ], [ 16.47774798, 48.41607489 ], [ 16.4777759, 48.41598722 ], [ 16.47788505, 48.41564459 ], [ 16.47803495, 48.41523706 ], [ 16.47814419, 48.41484209 ], [ 16.47822965, 48.41453308 ], [ 16.47826725, 48.41420774 ], [ 16.47813045, 48.4142132 ], [ 16.47798983, 48.41421882 ], [ 16.47771661, 48.41422629 ], [ 16.47723905, 48.41421982 ], [ 16.47721511, 48.41422023 ], [ 16.47688995, 48.41422597 ], [ 16.47665706, 48.4142311 ], [ 16.47653155, 48.41423386 ], [ 16.47637167, 48.41423934 ], [ 16.47601801, 48.41425145 ], [ 16.47568215, 48.41428318 ], [ 16.47563662, 48.41428603 ], [ 16.47540215, 48.41430065 ], [ 16.47525968, 48.41429226 ], [ 16.47481355, 48.414266 ], [ 16.47471027, 48.41425994 ], [ 16.47455979, 48.41424102 ], [ 16.4744558, 48.4142278 ], [ 16.47430547, 48.41420884 ], [ 16.47420577, 48.41419623 ], [ 16.47407104, 48.41417471 ], [ 16.47396543, 48.41415316 ], [ 16.47394079, 48.41414875 ], [ 16.47382328, 48.41412806 ], [ 16.47338118, 48.41404392 ], [ 16.47334712, 48.41403744 ], [ 16.47319129, 48.41400705 ], [ 16.47303856, 48.4139772 ], [ 16.4727786, 48.41392564 ], [ 16.47276568, 48.41392293 ], [ 16.47226827, 48.41381327 ], [ 16.47223542, 48.41380603 ], [ 16.47203601, 48.41376553 ], [ 16.4718155, 48.41372076 ], [ 16.4718017, 48.41371796 ], [ 16.47159081, 48.41367545 ], [ 16.47149293, 48.41365572 ], [ 16.47143137, 48.41364331 ], [ 16.47136886, 48.41363252 ], [ 16.47117372, 48.41359886 ], [ 16.47104715, 48.41357703 ], [ 16.47054814, 48.41542088 ], [ 16.47095111, 48.4154187 ], [ 16.47134527, 48.41540673 ], [ 16.47180731, 48.41542003 ] ] ] } },
{ "type": "Feature", "properties": { "GID": "d9d53b7a-c9be-4881-aa0d-6ab4d6eed172", "ZONENAME": "MI04", "COMMUNITY": "Mistelbach", "DISTRICT": "Mistelbach", "LEGALFOUNDATIONDATE": "2022-12-21T00:00:00", "LEGISLATIONCODE": "NÖ LGBl. Nr. 94/2022", "LEGISLATIONTITLE": "Sektorales RO-Programm über PV-Anlagen im Grünland in NÖ", "LASTUPDATE": "2023-01-17T00:00:00" }, "geometry": { "type": "Polygon", "coordinates": [ [ [ 16.65192756, 48.56775998 ], [ 16.6518978, 48.5677472 ], [ 16.65186193, 48.5677741 ], [ 16.65194285, 48.5678219 ], [ 16.65183401, 48.56790322 ], [ 16.65171772, 48.56800632 ], [ 16.65163639, 48.56806707 ], [ 16.65154256, 48.56801265 ], [ 16.65153114, 48.56800603 ], [ 16.65145326, 48.56805417 ], [ 16.65157364, 48.56812992 ], [ 16.65155466, 48.56817089 ], [ 16.65171309, 48.56824212 ], [ 16.65286832, 48.56876115 ], [ 16.65345739, 48.56900889 ], [ 16.65492134, 48.56948703 ], [ 16.65805212, 48.57041445 ], [ 16.65946252, 48.57083225 ], [ 16.6597255, 48.57065697 ], [ 16.65997579, 48.57049017 ], [ 16.66036438, 48.57023117 ], [ 16.66050403, 48.57013806 ], [ 16.66064003, 48.57004748 ], [ 16.66075998, 48.56996747 ], [ 16.66102147, 48.56979326 ], [ 16.6611603, 48.5697007 ], [ 16.66129968, 48.56960777 ], [ 16.66141801, 48.56952893 ], [ 16.65931324, 48.56889185 ], [ 16.65704151, 48.56820419 ], [ 16.65522779, 48.5676551 ], [ 16.65513544, 48.56774188 ], [ 16.65502668, 48.56784409 ], [ 16.65491837, 48.56794587 ], [ 16.65471449, 48.56813745 ], [ 16.6546483, 48.56821371 ], [ 16.65426378, 48.56859543 ], [ 16.65389726, 48.56845813 ], [ 16.6526419, 48.56792925 ], [ 16.65250451, 48.56787137 ], [ 16.65241342, 48.56796936 ], [ 16.65192756, 48.56775998 ] ] ] } },
{ "type": "Feature", "properties": { "GID": "7055d5ee-142f-4615-b6dc-9b799d4889a8", "ZONENAME": "MI06", "COMMUNITY": "Mistelbach", "DISTRICT": "Mistelbach", "LEGALFOUNDATIONDATE": "2022-12-21T00:00:00", "LEGISLATIONCODE": "NÖ LGBl. Nr. 94/2022", "LEGISLATIONTITLE": "Sektorales RO-Programm über PV-Anlagen im Grünland in NÖ", "LASTUPDATE": "2023-01-17T00:00:00" }, "geometry": { "type": "Polygon", "coordinates": [ [ [ 16.63002963, 48.55264346 ], [ 16.63254347, 48.55764346 ], [ 16.63479429, 48.55673182 ], [ 16.63482885, 48.55666617 ], [ 16.63474382, 48.55651235 ], [ 16.63468554, 48.55639173 ], [ 16.63459654, 48.55620779 ], [ 16.63452139, 48.55605223 ], [ 16.63437917, 48.55575557 ], [ 16.63425931, 48.55550553 ], [ 16.63422153, 48.5554389 ], [ 16.63419894, 48.55539912 ], [ 16.63397351, 48.55500232 ], [ 16.63385397, 48.55478384 ], [ 16.63367514, 48.55445724 ], [ 16.63343771, 48.55395399 ], [ 16.63315846, 48.55327163 ], [ 16.6331307, 48.55320381 ], [ 16.6329745, 48.55285215 ], [ 16.63288232, 48.55265446 ], [ 16.63278164, 48.55248755 ], [ 16.63270573, 48.55236167 ], [ 16.63247731, 48.55198303 ], [ 16.63236268, 48.55169844 ], [ 16.63234206, 48.55164715 ], [ 16.63215907, 48.55125248 ], [ 16.63208868, 48.55112101 ], [ 16.63180809, 48.55059701 ], [ 16.63180193, 48.55058614 ], [ 16.63170243, 48.55040906 ], [ 16.63141296, 48.54989426 ], [ 16.63129748, 48.54967226 ], [ 16.63125584, 48.54959206 ], [ 16.63120105, 48.5494868 ], [ 16.63115598, 48.54940023 ], [ 16.63108284, 48.5492595 ], [ 16.63097791, 48.54905771 ], [ 16.63090825, 48.54895618 ], [ 16.62857192, 48.54990244 ], [ 16.63002963, 48.55264346 ] ] ] } },
{ "type": "Feature", "properties": { "GID": "02d16e06-0bfc-43a5-a4c1-d22fef7a7ff8", "ZONENAME": "MI07", "COMMUNITY": "Mistelbach", "DISTRICT": "Mistelbach", "LEGALFOUNDATIONDATE": "2022-12-21T00:00:00", "LEGISLATIONCODE": "NÖ LGBl. Nr. 94/2022", "LEGISLATIONTITLE": "Sektorales RO-Programm über PV-Anlagen im Grünland in NÖ", "LASTUPDATE": "2023-01-17T00:00:00" }, "geometry": { "type": "Polygon", "coordinates": [ [ [ 16.55186149, 48.55961014 ], [ 16.55192392, 48.55970881 ], [ 16.55239842, 48.56018436 ], [ 16.55252561, 48.56032069 ], [ 16.55252907, 48.56035792 ], [ 16.55259402, 48.56035853 ], [ 16.5526839, 48.56041638 ], [ 16.55275597, 48.56053675 ], [ 16.55282443, 48.56065902 ], [ 16.55328153, 48.56109476 ], [ 16.55351749, 48.56130351 ], [ 16.55362566, 48.56129282 ], [ 16.55385206, 48.56127044 ], [ 16.55409749, 48.56124618 ], [ 16.55420109, 48.56123594 ], [ 16.55428398, 48.56122575 ], [ 16.55431497, 48.56122197 ], [ 16.55450929, 48.56119805 ], [ 16.5546017, 48.56083299 ], [ 16.55471907, 48.56048936 ], [ 16.55486047, 48.56017192 ], [ 16.55507126, 48.55982186 ], [ 16.55534883, 48.55945092 ], [ 16.5556922, 48.55904886 ], [ 16.55637631, 48.5581744 ], [ 16.55649545, 48.55801315 ], [ 16.55646794, 48.55791426 ], [ 16.55615237, 48.5568833 ], [ 16.55637968, 48.55686479 ], [ 16.55693919, 48.55641341 ], [ 16.55686179, 48.55640603 ], [ 16.55678081, 48.55639135 ], [ 16.55671928, 48.55637743 ], [ 16.55668223, 48.55636904 ], [ 16.55668005, 48.55636868 ], [ 16.55665611, 48.55636467 ], [ 16.5566375, 48.55636387 ], [ 16.55649876, 48.55636093 ], [ 16.55648907, 48.55636072 ], [ 16.55643046, 48.55637179 ], [ 16.55623875, 48.55640798 ], [ 16.55587372, 48.55654799 ], [ 16.55558479, 48.55671162 ], [ 16.55492119, 48.55716434 ], [ 16.5546056, 48.55737964 ], [ 16.55441923, 48.55750678 ], [ 16.55437362, 48.55753777 ], [ 16.55402039, 48.55777772 ], [ 16.55400664, 48.55778707 ], [ 16.55391874, 48.55784678 ], [ 16.55383188, 48.55791394 ], [ 16.5537354, 48.55798855 ], [ 16.55364168, 48.55806103 ], [ 16.55360874, 48.5580865 ], [ 16.55360163, 48.55809164 ], [ 16.55358311, 48.55810502 ], [ 16.55357928, 48.55810778 ], [ 16.55341557, 48.55821869 ], [ 16.55324507, 48.55833418 ], [ 16.55318352, 48.55837588 ], [ 16.55317733, 48.55838002 ], [ 16.55308431, 48.55844142 ], [ 16.55307835, 48.55844558 ], [ 16.55297098, 48.55852043 ], [ 16.55286644, 48.55859332 ], [ 16.5527663, 48.55866313 ], [ 16.55264588, 48.55874709 ], [ 16.55258655, 48.55878845 ], [ 16.55252329, 48.55883483 ], [ 16.552478, 48.55886804 ], [ 16.55247069, 48.55887331 ], [ 16.55229143, 48.5590006 ], [ 16.55193926, 48.55925067 ], [ 16.55190066, 48.55927808 ], [ 16.55187427, 48.5592958 ], [ 16.55172215, 48.55939248 ], [ 16.55186149, 48.55961014 ] ] ] } },
{ "type": "Feature", "properties": { "GID": "58dc1b1f-4c3c-4117-b55e-50400b57f9a2", "ZONENAME": "MI08", "COMMUNITY": "Laa an der Thaya", "DISTRICT": "Mistelbach", "LEGALFOUNDATIONDATE": "2022-12-21T00:00:00", "LEGISLATIONCODE": "NÖ LGBl. Nr. 94/2022", "LEGISLATIONTITLE": "Sektorales RO-Programm über PV-Anlagen im Grünland in NÖ", "LASTUPDATE": "2023-01-17T00:00:00" }, "geometry": { "type": "Polygon", "coordinates": [ [ [ 16.41829075, 48.73052882 ], [ 16.41962343, 48.73115073 ], [ 16.4201002, 48.73073047 ], [ 16.42059991, 48.73026187 ], [ 16.4207511, 48.73012004 ], [ 16.42120833, 48.72969131 ], [ 16.42172281, 48.72842463 ], [ 16.41945344, 48.72736555 ], [ 16.41938855, 48.72733529 ], [ 16.41737674, 48.72639631 ], [ 16.41696947, 48.72678857 ], [ 16.416684, 48.72710458 ], [ 16.41619786, 48.7276566 ], [ 16.41588922, 48.72802793 ], [ 16.41536968, 48.72869193 ], [ 16.41528896, 48.72879531 ], [ 16.41511088, 48.72904596 ], [ 16.41822572, 48.73049847 ], [ 16.41829075, 48.73052882 ] ] ] } },
{ "type": "Feature", "properties": { "GID": "da680d8f-1857-4cff-b50f-04b3d26bb1bb", "ZONENAME": "MI09", "COMMUNITY": "Laa an der Thaya", "DISTRICT": "Mistelbach", "LEGALFOUNDATIONDATE": "2022-12-21T00:00:00", "LEGISLATIONCODE": "NÖ LGBl. Nr. 94/2022", "LEGISLATIONTITLE": "Sektorales RO-Programm über PV-Anlagen im Grünland in NÖ", "LASTUPDATE": "2023-01-17T00:00:00" }, "geometry": { "type": "Polygon", "coordinates": [ [ [ 16.28706364, 48.72121874 ], [ 16.28542606, 48.72166252 ], [ 16.28467165, 48.72187387 ], [ 16.28474801, 48.72192914 ], [ 16.28484181, 48.72368878 ], [ 16.28506516, 48.72374545 ], [ 16.28697135, 48.72430191 ], [ 16.28740264, 48.72440668 ], [ 16.28781373, 48.72447069 ], [ 16.2882826, 48.7245065 ], [ 16.2886148, 48.72448227 ], [ 16.28938449, 48.72433025 ], [ 16.2887896, 48.72084529 ], [ 16.28877365, 48.72075212 ], [ 16.28706364, 48.72121874 ] ] ] } },
{ "type": "Feature", "properties": { "GID": "31a187fb-e45f-4339-906e-9647509fc54f", "ZONENAME": "MI12", "COMMUNITY": "Wilfersdorf", "DISTRICT": "Mistelbach", "LEGALFOUNDATIONDATE": "2022-12-21T00:00:00", "LEGISLATIONCODE": "NÖ LGBl. Nr. 94/2022", "LEGISLATIONTITLE": "Sektorales RO-Programm über PV-Anlagen im Grünland in NÖ", "LASTUPDATE": "2023-01-17T00:00:00" }, "geometry": { "type": "Polygon", "coordinates": [ [ [ 16.64732541, 48.60107697 ], [ 16.64745522, 48.60106358 ], [ 16.64752418, 48.60140781 ], [ 16.64752918, 48.60154642 ], [ 16.64753611, 48.60173871 ], [ 16.64764962, 48.60212365 ], [ 16.64805533, 48.60220162 ], [ 16.64846395, 48.60228015 ], [ 16.65250959, 48.60305754 ], [ 16.65368284, 48.60327122 ], [ 16.65896899, 48.60428992 ], [ 16.65936311, 48.60413491 ], [ 16.65964933, 48.6039842 ], [ 16.65990537, 48.60379932 ], [ 16.66012912, 48.60359195 ], [ 16.66029735, 48.6033734 ], [ 16.66041318, 48.60312587 ], [ 16.6604548, 48.60302108 ], [ 16.65971769, 48.60288069 ], [ 16.65140714, 48.60129743 ], [ 16.64717952, 48.600489 ], [ 16.64718122, 48.60049538 ], [ 16.64724702, 48.60074212 ], [ 16.64732541, 48.60107697 ] ] ] } },
{ "type": "Feature", "properties": { "GID": "7a07cdc9-425b-4ebe-ab89-54fb4d7af21e", "ZONENAME": "MI13", "COMMUNITY": "Wolkersdorf im Weinviertel", "DISTRICT": "Mistelbach", "LEGALFOUNDATIONDATE": "2022-12-21T00:00:00", "LEGISLATIONCODE": "NÖ LGBl. Nr. 94/2022", "LEGISLATIONTITLE": "Sektorales RO-Programm über PV-Anlagen im Grünland in NÖ", "LASTUPDATE": "2023-01-17T00:00:00" }, "geometry": { "type": "Polygon", "coordinates": [ [ [ 16.51288775, 48.33515332 ], [ 16.51262491, 48.3349673 ], [ 16.51256881, 48.33497171 ], [ 16.51205516, 48.33535191 ], [ 16.51131382, 48.33584909 ], [ 16.51039768, 48.33642864 ], [ 16.51016952, 48.33656631 ], [ 16.50952397, 48.33696055 ], [ 16.5090771, 48.33723794 ], [ 16.50886878, 48.33738016 ], [ 16.50887394, 48.33742934 ], [ 16.50896313, 48.3375177 ], [ 16.50939242, 48.33794269 ], [ 16.50980263, 48.33834874 ], [ 16.51008455, 48.33862781 ], [ 16.51081744, 48.33935315 ], [ 16.51117584, 48.33970792 ], [ 16.51155346, 48.34008163 ], [ 16.51223063, 48.34075183 ], [ 16.5124426, 48.34096158 ], [ 16.51669588, 48.33839918 ], [ 16.51648997, 48.33818583 ], [ 16.51635621, 48.3380471 ], [ 16.51579636, 48.33752557 ], [ 16.51565725, 48.33739602 ], [ 16.51540661, 48.33715909 ], [ 16.5150381, 48.33681055 ], [ 16.51495068, 48.33672786 ], [ 16.51421851, 48.33613744 ], [ 16.51389997, 48.33588047 ], [ 16.51379028, 48.33579205 ], [ 16.51340966, 48.33552267 ], [ 16.51288775, 48.33515332 ] ] ] } },
{ "type": "Feature", "properties": { "GID": "1d4a50a9-56d4-44cd-9279-c184bb29fe9e", "ZONENAME": "MI14", "COMMUNITY": "Ladendorf", "DISTRICT": "Mistelbach", "LEGALFOUNDATIONDATE": "2022-12-21T00:00:00", "LEGISLATIONCODE": "NÖ LGBl. Nr. 94/2022", "LEGISLATIONTITLE": "Sektorales RO-Programm über PV-Anlagen im Grünland in NÖ", "LASTUPDATE": "2023-01-17T00:00:00" }, "geometry": { "type": "Polygon", "coordinates": [ [ [ 16.49997043, 48.52966864 ], [ 16.50022029, 48.52989706 ], [ 16.5006702, 48.53023166 ], [ 16.50074723, 48.53026824 ], [ 16.500841, 48.53016775 ], [ 16.50210157, 48.52881569 ], [ 16.50311343, 48.52773043 ], [ 16.50311878, 48.52766826 ], [ 16.50655578, 48.52651056 ], [ 16.50656076, 48.52646433 ], [ 16.50592196, 48.52616456 ], [ 16.50583749, 48.52612494 ], [ 16.50551248, 48.52597241 ], [ 16.50413876, 48.52532771 ], [ 16.50354121, 48.5250472 ], [ 16.50061416, 48.52785219 ], [ 16.50148141, 48.5281299 ], [ 16.50160122, 48.52812712 ], [ 16.50163839, 48.52817582 ], [ 16.50146742, 48.52823999 ], [ 16.50123082, 48.52838493 ], [ 16.5010515, 48.52853159 ], [ 16.50036095, 48.52914174 ], [ 16.49997043, 48.52966864 ] ] ] } },
{ "type": "Feature", "properties": { "GID": "cdc17254-c2ae-431f-b9e1-1ae706e8c59c", "ZONENAME": "MI15", "COMMUNITY": "Gaweinstal", "DISTRICT": "Mistelbach", "LEGALFOUNDATIONDATE": "2022-12-21T00:00:00", "LEGISLATIONCODE": "NÖ LGBl. Nr. 94/2022", "LEGISLATIONTITLE": "Sektorales RO-Programm über PV-Anlagen im Grünland in NÖ", "LASTUPDATE": "2023-01-17T00:00:00" }, "geometry": { "type": "Polygon", "coordinates": [ [ [ 16.61415113, 48.51560149 ], [ 16.61226666, 48.51666375 ], [ 16.60965391, 48.51778382 ], [ 16.61022244, 48.51818714 ], [ 16.61049543, 48.51838083 ], [ 16.61084425, 48.51862819 ], [ 16.61099263, 48.51873341 ], [ 16.61122024, 48.51889492 ], [ 16.61153074, 48.51911512 ], [ 16.61203784, 48.51886904 ], [ 16.6132029, 48.51836957 ], [ 16.61327083, 48.51833964 ], [ 16.61429693, 48.51842305 ], [ 16.61495943, 48.51847684 ], [ 16.61560648, 48.51852941 ], [ 16.6161498, 48.51857359 ], [ 16.61687265, 48.51908774 ], [ 16.61701996, 48.5191925 ], [ 16.61735061, 48.51942775 ], [ 16.61747754, 48.519518 ], [ 16.61749263, 48.51952876 ], [ 16.61774929, 48.51938406 ], [ 16.61815109, 48.51895143 ], [ 16.61828728, 48.51876664 ], [ 16.61832431, 48.5187164 ], [ 16.61847112, 48.5185172 ], [ 16.61852484, 48.51837512 ], [ 16.61853968, 48.51833583 ], [ 16.61854597, 48.51831921 ], [ 16.61855276, 48.51830126 ], [ 16.61857654, 48.51822567 ], [ 16.61861436, 48.51810551 ], [ 16.618644, 48.51801129 ], [ 16.61866703, 48.51786726 ], [ 16.61866639, 48.51753382 ], [ 16.61865847, 48.51748563 ], [ 16.61864635, 48.51741192 ], [ 16.61859835, 48.51727481 ], [ 16.61856659, 48.51721122 ], [ 16.61853169, 48.51714144 ], [ 16.61840037, 48.51699248 ], [ 16.61837277, 48.51696997 ], [ 16.61807036, 48.51672315 ], [ 16.61787775, 48.51660231 ], [ 16.61769665, 48.51650653 ], [ 16.61767045, 48.51649265 ], [ 16.61714453, 48.51623729 ], [ 16.61697352, 48.51615425 ], [ 16.61681088, 48.51606742 ], [ 16.61655063, 48.51592849 ], [ 16.61645818, 48.51587907 ], [ 16.61638256, 48.51583708 ], [ 16.6159918, 48.51561978 ], [ 16.61586676, 48.51555021 ], [ 16.61578401, 48.51550295 ], [ 16.61568834, 48.51544831 ], [ 16.61536396, 48.51526304 ], [ 16.61531142, 48.51524515 ], [ 16.6150446, 48.51515428 ], [ 16.61493391, 48.51516021 ], [ 16.61472836, 48.51527609 ], [ 16.61466754, 48.51531037 ], [ 16.61461299, 48.51534113 ], [ 16.61415113, 48.51560149 ] ] ] } },
{ "type": "Feature", "properties": { "GID": "822fe806-affb-494e-bad8-953e5240f01b", "ZONENAME": "MI16", "COMMUNITY": "Laa an der Thaya", "DISTRICT": "Mistelbach", "LEGALFOUNDATIONDATE": "2022-12-21T00:00:00", "LEGISLATIONCODE": "NÖ LGBl. Nr. 94/2022", "LEGISLATIONTITLE": "Sektorales RO-Programm über PV-Anlagen im Grünland in NÖ", "LASTUPDATE": "2023-01-17T00:00:00" }, "geometry": { "type": "Polygon", "coordinates": [ [ [ 16.28422398, 48.72692761 ], [ 16.27444204, 48.72691171 ], [ 16.27437765, 48.72794406 ], [ 16.27428149, 48.72874187 ], [ 16.2842878, 48.72876045 ], [ 16.28428737, 48.728748 ], [ 16.28422398, 48.72692761 ] ] ] } },
{ "type": "Feature", "properties": { "GID": "69bee1ec-236a-4906-a004-ced107e57ad1", "ZONENAME": "MI18", "COMMUNITY": "Poysdorf", "DISTRICT": "Mistelbach", "LEGALFOUNDATIONDATE": "2022-12-21T00:00:00", "LEGISLATIONCODE": "NÖ LGBl. Nr. 94/2022", "LEGISLATIONTITLE": "Sektorales RO-Programm über PV-Anlagen im Grünland in NÖ", "LASTUPDATE": "2023-01-17T00:00:00" }, "geometry": { "type": "Polygon", "coordinates": [ [ [ 16.68392038, 48.65394612 ], [ 16.68353591, 48.65395222 ], [ 16.68429809, 48.65516562 ], [ 16.68467088, 48.65513751 ], [ 16.68505764, 48.65510837 ], [ 16.68606246, 48.65503267 ], [ 16.6864954, 48.6550264 ], [ 16.68694271, 48.65496048 ], [ 16.68735721, 48.65487999 ], [ 16.68800987, 48.65469734 ], [ 16.68785535, 48.65400566 ], [ 16.68780594, 48.6538755 ], [ 16.68764907, 48.65346233 ], [ 16.68745233, 48.65327357 ], [ 16.68742772, 48.65324997 ], [ 16.68757316, 48.65277347 ], [ 16.68777814, 48.65281816 ], [ 16.68778328, 48.6527766 ], [ 16.68537788, 48.65262134 ], [ 16.68342328, 48.65251385 ], [ 16.68300361, 48.65249084 ], [ 16.68392038, 48.65394612 ] ] ] } },
{ "type": "Feature", "properties": { "GID": "ce58dd96-66a4-43bd-9d18-e80ce43df065", "ZONENAME": "MI19", "COMMUNITY": "Mistelbach", "DISTRICT": "Mistelbach", "LEGALFOUNDATIONDATE": "2022-12-21T00:00:00", "LEGISLATIONCODE": "NÖ LGBl. Nr. 94/2022", "LEGISLATIONTITLE": "Sektorales RO-Programm über PV-Anlagen im Grünland in NÖ", "LASTUPDATE": "2023-01-17T00:00:00" }, "geometry": { "type": "Polygon", "coordinates": [ [ [ 16.62876033, 48.54394834 ], [ 16.62906414, 48.54454162 ], [ 16.62908382, 48.54459508 ], [ 16.62932448, 48.54515741 ], [ 16.62966979, 48.5457817 ], [ 16.63029988, 48.5470968 ], [ 16.63074787, 48.54785751 ], [ 16.63099797, 48.54838294 ], [ 16.63110114, 48.54840075 ], [ 16.63179141, 48.54824592 ], [ 16.63194036, 48.54819527 ], [ 16.63215046, 48.54812382 ], [ 16.63247762, 48.54801257 ], [ 16.63238487, 48.54767798 ], [ 16.63238718, 48.54764463 ], [ 16.63239478, 48.54760646 ], [ 16.63243642, 48.54744948 ], [ 16.63244912, 48.54741137 ], [ 16.63246674, 48.54737414 ], [ 16.63248916, 48.54733806 ], [ 16.63267654, 48.54707017 ], [ 16.63272108, 48.54700238 ], [ 16.63274091, 48.54694686 ], [ 16.63270432, 48.54671182 ], [ 16.63247946, 48.54602263 ], [ 16.63247486, 48.54600726 ], [ 16.63243785, 48.54587102 ], [ 16.63239383, 48.5458134 ], [ 16.63221548, 48.54577941 ], [ 16.6318493, 48.54574584 ], [ 16.63134585, 48.54569968 ], [ 16.63125967, 48.54568769 ], [ 16.63120999, 48.54567711 ], [ 16.63100529, 48.54562768 ], [ 16.6309939, 48.54562444 ], [ 16.63093614, 48.54560803 ], [ 16.63087069, 48.54558341 ], [ 16.63080976, 48.54555412 ], [ 16.63077785, 48.54553691 ], [ 16.63073285, 48.54551264 ], [ 16.63066591, 48.54548177 ], [ 16.63061212, 48.5454542 ], [ 16.63056277, 48.5454232 ], [ 16.63051834, 48.54538907 ], [ 16.63047928, 48.54535215 ], [ 16.63039117, 48.5452593 ], [ 16.63035803, 48.54522016 ], [ 16.63033093, 48.54517903 ], [ 16.63022475, 48.54499311 ], [ 16.63020456, 48.54495186 ], [ 16.63019045, 48.54490952 ], [ 16.63018255, 48.54486646 ], [ 16.63013562, 48.54444036 ], [ 16.630128, 48.54437114 ], [ 16.63012126, 48.54430992 ], [ 16.62998668, 48.54389211 ], [ 16.62990382, 48.54363484 ], [ 16.62970401, 48.54313689 ], [ 16.62970156, 48.5431306 ], [ 16.62954341, 48.54271223 ], [ 16.62953258, 48.54267796 ], [ 16.62952522, 48.54263883 ], [ 16.62944506, 48.54197761 ], [ 16.62944167, 48.5419605 ], [ 16.6294077, 48.54178893 ], [ 16.62939562, 48.54172793 ], [ 16.62939286, 48.54171171 ], [ 16.62935801, 48.54146741 ], [ 16.6293571, 48.54146052 ], [ 16.6293164, 48.54111934 ], [ 16.62927925, 48.54080778 ], [ 16.62927864, 48.54080217 ], [ 16.62924808, 48.54049756 ], [ 16.62917936, 48.54008527 ], [ 16.62913175, 48.54002979 ], [ 16.62891574, 48.53977804 ], [ 16.62867666, 48.5395249 ], [ 16.62867078, 48.53951856 ], [ 16.62855876, 48.53939508 ], [ 16.6284547, 48.53928038 ], [ 16.62843252, 48.53925695 ], [ 16.62822709, 48.53904005 ], [ 16.62754038, 48.53831902 ], [ 16.62753363, 48.53831178 ], [ 16.62749419, 48.53826175 ], [ 16.62746451, 48.53820882 ], [ 16.62744505, 48.53815385 ], [ 16.62744231, 48.5381422 ], [ 16.62744197, 48.5381406 ], [ 16.6270323, 48.53817287 ], [ 16.6266237, 48.53820471 ], [ 16.62662349, 48.53822273 ], [ 16.62667692, 48.53899255 ], [ 16.62676639, 48.53945796 ], [ 16.62695839, 48.53997356 ], [ 16.62698212, 48.54009697 ], [ 16.62723531, 48.54063284 ], [ 16.62733899, 48.54092924 ], [ 16.62748617, 48.54127913 ], [ 16.62783752, 48.54206744 ], [ 16.62783987, 48.54207355 ], [ 16.62785604, 48.54211545 ], [ 16.62793142, 48.5423109 ], [ 16.62829253, 48.54312221 ], [ 16.62876033, 48.54394834 ] ] ] } },
{ "type": "Feature", "properties": { "GID": "428a767e-8365-4c87-a9c1-837929addf76", "ZONENAME": "MI20", "COMMUNITY": "Laa an der Thaya", "DISTRICT": "Mistelbach", "LEGALFOUNDATIONDATE": "2022-12-21T00:00:00", "LEGISLATIONCODE": "NÖ LGBl. Nr. 94/2022", "LEGISLATIONTITLE": "Sektorales RO-Programm über PV-Anlagen im Grünland in NÖ", "LASTUPDATE": "2023-01-17T00:00:00" }, "geometry": { "type": "Polygon", "coordinates": [ [ [ 16.2956579, 48.71977394 ], [ 16.29335971, 48.7198598 ], [ 16.29199864, 48.71986414 ], [ 16.29187534, 48.71990744 ], [ 16.29154608, 48.72002304 ], [ 16.29045676, 48.72037889 ], [ 16.29138886, 48.72228218 ], [ 16.29617489, 48.72092872 ], [ 16.29621949, 48.72092507 ], [ 16.29749118, 48.72089501 ], [ 16.29795983, 48.72047864 ], [ 16.29806753, 48.72038291 ], [ 16.29846382, 48.72003081 ], [ 16.29853005, 48.71997912 ], [ 16.29889094, 48.7196976 ], [ 16.2956579, 48.71977394 ] ] ] } },
{ "type": "Feature", "properties": { "GID": "4a1d9689-7c6f-4665-8e40-d40547854af6", "ZONENAME": "MI21", "COMMUNITY": "Mistelbach", "DISTRICT": "Mistelbach", "LEGALFOUNDATIONDATE": "2022-12-21T00:00:00", "LEGISLATIONCODE": "NÖ LGBl. Nr. 94/2022", "LEGISLATIONTITLE": "Sektorales RO-Programm über PV-Anlagen im Grünland in NÖ", "LASTUPDATE": "2023-01-17T00:00:00" }, "geometry": { "type": "Polygon", "coordinates": [ [ [ 16.64743572, 48.53242162 ], [ 16.6474426, 48.53243841 ], [ 16.6474485, 48.53245536 ], [ 16.64745341, 48.53247245 ], [ 16.64745732, 48.53248965 ], [ 16.6474603, 48.53250749 ], [ 16.6474622, 48.53252539 ], [ 16.64746303, 48.53254333 ], [ 16.64746278, 48.53256128 ], [ 16.64746144, 48.53257921 ], [ 16.64745904, 48.53259708 ], [ 16.64745556, 48.53261488 ], [ 16.64745101, 48.53263258 ], [ 16.64744541, 48.53265013 ], [ 16.64743875, 48.53266753 ], [ 16.64743106, 48.53268473 ], [ 16.64742233, 48.53270172 ], [ 16.6474126, 48.53271846 ], [ 16.64740186, 48.53273494 ], [ 16.64739014, 48.53275111 ], [ 16.64737746, 48.53276696 ], [ 16.64736384, 48.53278246 ], [ 16.6484925, 48.53321221 ], [ 16.64863025, 48.53318511 ], [ 16.64949249, 48.53296605 ], [ 16.65060037, 48.53259711 ], [ 16.65058699, 48.53258198 ], [ 16.65057451, 48.53256651 ], [ 16.65056295, 48.53255073 ], [ 16.65055233, 48.53253466 ], [ 16.65054266, 48.53251832 ], [ 16.65053395, 48.53250175 ], [ 16.65052623, 48.53248497 ], [ 16.65051949, 48.532468 ], [ 16.65051377, 48.53245086 ], [ 16.65050905, 48.5324336 ], [ 16.65050535, 48.53241622 ], [ 16.65050267, 48.53239876 ], [ 16.650501, 48.53238084 ], [ 16.6505004, 48.5323629 ], [ 16.65050088, 48.53234495 ], [ 16.65050244, 48.53232704 ], [ 16.65050508, 48.53230917 ], [ 16.65050879, 48.5322914 ], [ 16.65051356, 48.53227373 ], [ 16.65051939, 48.5322562 ], [ 16.65052627, 48.53223885 ], [ 16.65053419, 48.53222169 ], [ 16.65054313, 48.53220475 ], [ 16.65055308, 48.53218806 ], [ 16.65056403, 48.53217165 ], [ 16.65057595, 48.53215555 ], [ 16.65058883, 48.53213977 ], [ 16.65060265, 48.53212435 ], [ 16.65061739, 48.5321093 ], [ 16.65063302, 48.53209466 ], [ 16.65064951, 48.53208044 ], [ 16.65066685, 48.53206667 ], [ 16.650685, 48.53205338 ], [ 16.65070394, 48.53204057 ], [ 16.65072363, 48.53202828 ], [ 16.65074404, 48.53201651 ], [ 16.65076514, 48.5320053 ], [ 16.65078649, 48.53199485 ], [ 16.65080844, 48.53198496 ], [ 16.65083095, 48.53197565 ], [ 16.650854, 48.53196693 ], [ 16.65087754, 48.53195882 ], [ 16.65090155, 48.53195132 ], [ 16.65092597, 48.53194446 ], [ 16.65095079, 48.53193824 ], [ 16.65097595, 48.53193267 ], [ 16.65100142, 48.53192775 ], [ 16.65102716, 48.5319235 ], [ 16.65105313, 48.53191993 ], [ 16.65107929, 48.53191703 ], [ 16.65110561, 48.53191482 ], [ 16.65113203, 48.5319133 ], [ 16.65115852, 48.53191246 ], [ 16.65118505, 48.53191231 ], [ 16.65121156, 48.53191285 ], [ 16.65123801, 48.53191408 ], [ 16.65126488, 48.53191604 ], [ 16.6512916, 48.53191872 ], [ 16.65131814, 48.53192209 ], [ 16.65134446, 48.53192617 ], [ 16.65137051, 48.53193094 ], [ 16.65139625, 48.5319364 ], [ 16.65142165, 48.53194254 ], [ 16.65144665, 48.53194935 ], [ 16.65147123, 48.53195681 ], [ 16.65149534, 48.53196492 ], [ 16.65151894, 48.53197366 ], [ 16.651542, 48.53198302 ], [ 16.65156447, 48.53199298 ], [ 16.65158633, 48.53200354 ], [ 16.65160754, 48.53201466 ], [ 16.65162807, 48.53202633 ], [ 16.65164787, 48.53203855 ], [ 16.65166693, 48.53205127 ], [ 16.65168521, 48.53206449 ], [ 16.65170268, 48.53207819 ], [ 16.65171931, 48.53209233 ], [ 16.65173507, 48.53210691 ], [ 16.65174995, 48.53212189 ], [ 16.65176392, 48.53213726 ], [ 16.65177695, 48.53215298 ], [ 16.65180332, 48.53219059 ], [ 16.65217517, 48.53200126 ], [ 16.65218935, 48.5319938 ], [ 16.65220288, 48.53198584 ], [ 16.65221572, 48.53197738 ], [ 16.65222783, 48.53196847 ], [ 16.65223918, 48.53195912 ], [ 16.65224973, 48.53194936 ], [ 16.65225944, 48.53193923 ], [ 16.6522683, 48.53192876 ], [ 16.65227626, 48.53191797 ], [ 16.6522833, 48.53190691 ], [ 16.65228941, 48.53189561 ], [ 16.65229456, 48.5318841 ], [ 16.65229874, 48.53187241 ], [ 16.65230193, 48.53186059 ], [ 16.65230248, 48.53185761 ], [ 16.65230413, 48.53184867 ], [ 16.65230533, 48.53183669 ], [ 16.65230552, 48.53182468 ], [ 16.65230471, 48.53181268 ], [ 16.65230226, 48.53179768 ], [ 16.6523702, 48.53214083 ], [ 16.65282775, 48.53193993 ], [ 16.65308248, 48.53182808 ], [ 16.65304885, 48.53179805 ], [ 16.65317133, 48.5317452 ], [ 16.65250877, 48.52834733 ], [ 16.65164803, 48.52864169 ], [ 16.65138428, 48.52877155 ], [ 16.65011441, 48.52924424 ], [ 16.64902896, 48.5296279 ], [ 16.64672612, 48.53055811 ], [ 16.6467121, 48.53056459 ], [ 16.64669873, 48.53057164 ], [ 16.64668606, 48.53057923 ], [ 16.64667413, 48.53058734 ], [ 16.64666299, 48.53059593 ], [ 16.64665269, 48.53060498 ], [ 16.64664327, 48.53061443 ], [ 16.64663476, 48.53062426 ], [ 16.64662721, 48.53063443 ], [ 16.64662063, 48.53064489 ], [ 16.64661506, 48.53065561 ], [ 16.64661052, 48.53066654 ], [ 16.64660702, 48.53067764 ], [ 16.64660459, 48.53068886 ], [ 16.64660322, 48.53070016 ], [ 16.64660293, 48.5307115 ], [ 16.64660371, 48.53072283 ], [ 16.64660519, 48.53073227 ], [ 16.6468757, 48.53210247 ], [ 16.64690241, 48.5321052 ], [ 16.64692894, 48.53210864 ], [ 16.64695523, 48.53211277 ], [ 16.64698126, 48.5321176 ], [ 16.64700698, 48.53212312 ], [ 16.64703234, 48.53212932 ], [ 16.64705731, 48.53213618 ], [ 16.64708185, 48.53214369 ], [ 16.64710592, 48.53215186 ], [ 16.64712947, 48.53216065 ], [ 16.64715248, 48.53217006 ], [ 16.64717491, 48.53218007 ], [ 16.64719672, 48.53219067 ], [ 16.64721787, 48.53220184 ], [ 16.64723834, 48.53221356 ], [ 16.64725808, 48.53222582 ], [ 16.64727707, 48.53223859 ], [ 16.64729528, 48.53225185 ], [ 16.64731268, 48.53226558 ], [ 16.64732924, 48.53227976 ], [ 16.64734494, 48.53229437 ], [ 16.64735974, 48.53230939 ], [ 16.64737363, 48.53232479 ], [ 16.64738658, 48.53234054 ], [ 16.64739858, 48.53235662 ], [ 16.64740928, 48.5323725 ], [ 16.64741904, 48.53238864 ], [ 16.64742786, 48.53240503 ], [ 16.64743572, 48.53242162 ] ] ] } },
{ "type": "Feature", "properties": { "GID": "189478fc-8378-43fa-959c-16056e103947", "ZONENAME": "NK03", "COMMUNITY": "Neunkirchen", "DISTRICT": "Neunkirchen", "LEGALFOUNDATIONDATE": "2022-12-21T00:00:00", "LEGISLATIONCODE": "NÖ LGBl. Nr. 94/2022", "LEGISLATIONTITLE": "Sektorales RO-Programm über PV-Anlagen im Grünland in NÖ", "LASTUPDATE": "2023-01-17T00:00:00" }, "geometry": { "type": "Polygon", "coordinates": [ [ [ 16.10218392, 47.73367045 ], [ 16.10227826, 47.73372015 ], [ 16.10232171, 47.73374304 ], [ 16.1029991, 47.73409995 ], [ 16.10352449, 47.73437632 ], [ 16.10375215, 47.73449609 ], [ 16.10404873, 47.73416955 ], [ 16.10423608, 47.73392966 ], [ 16.10500398, 47.73292665 ], [ 16.10511494, 47.73277247 ], [ 16.1053609, 47.73243074 ], [ 16.10615173, 47.73129491 ], [ 16.10679479, 47.73037126 ], [ 16.10700872, 47.73009876 ], [ 16.10743067, 47.72958082 ], [ 16.10787036, 47.7289203 ], [ 16.10808614, 47.72859615 ], [ 16.10815254, 47.728472 ], [ 16.10818266, 47.72842774 ], [ 16.10824685, 47.72833341 ], [ 16.10795376, 47.72826249 ], [ 16.10791554, 47.72825324 ], [ 16.10817032, 47.72775666 ], [ 16.10792146, 47.7277218 ], [ 16.1079274, 47.72770635 ], [ 16.10762722, 47.7276713 ], [ 16.10758698, 47.72766799 ], [ 16.10695523, 47.7276151 ], [ 16.1063284, 47.72757298 ], [ 16.1061951, 47.72756402 ], [ 16.10607539, 47.72783855 ], [ 16.10587379, 47.72821148 ], [ 16.10367293, 47.73169463 ], [ 16.10249302, 47.73329765 ], [ 16.10218392, 47.73367045 ] ] ] } },
{ "type": "Feature", "properties": { "GID": "88698e3d-2c13-4cd8-a52f-b74f4321cbef", "ZONENAME": "NK04", "COMMUNITY": "Ternitz", "DISTRICT": "Neunkirchen", "LEGALFOUNDATIONDATE": "2022-12-21T00:00:00", "LEGISLATIONCODE": "NÖ LGBl. Nr. 94/2022", "LEGISLATIONTITLE": "Sektorales RO-Programm über PV-Anlagen im Grünland in NÖ", "LASTUPDATE": "2023-01-17T00:00:00" }, "geometry": { "type": "MultiPolygon", "coordinates": [ [ [ [ 16.06402268, 47.73025758 ], [ 16.06404835, 47.73024334 ], [ 16.06404198, 47.73016094 ], [ 16.06354612, 47.72999788 ], [ 16.05914631, 47.72841242 ], [ 16.05871902, 47.72827977 ], [ 16.05849957, 47.72821165 ], [ 16.05819556, 47.72811727 ], [ 16.05779889, 47.72800036 ], [ 16.05701529, 47.7277694 ], [ 16.05661177, 47.72764844 ], [ 16.05577824, 47.72739854 ], [ 16.05543035, 47.72729667 ], [ 16.05509274, 47.72719782 ], [ 16.05468264, 47.72707774 ], [ 16.05464627, 47.72714699 ], [ 16.05452483, 47.72735911 ], [ 16.05447634, 47.72751346 ], [ 16.05450642, 47.72763585 ], [ 16.0546889, 47.72773716 ], [ 16.05482746, 47.72777513 ], [ 16.05502237, 47.72783469 ], [ 16.05541551, 47.7279103 ], [ 16.05634776, 47.72807796 ], [ 16.05651995, 47.72811742 ], [ 16.05675376, 47.72818045 ], [ 16.05718297, 47.72833962 ], [ 16.05752931, 47.72849607 ], [ 16.05784262, 47.72869468 ], [ 16.05802344, 47.72882468 ], [ 16.05817544, 47.7289439 ], [ 16.0583951, 47.72911903 ], [ 16.05845117, 47.72915361 ], [ 16.05855756, 47.7291948 ], [ 16.05860114, 47.72921287 ], [ 16.05932617, 47.72929465 ], [ 16.0596519, 47.7293768 ], [ 16.06169757, 47.72989202 ], [ 16.06273911, 47.73017026 ], [ 16.06298272, 47.73023533 ], [ 16.06329646, 47.73035021 ], [ 16.06359686, 47.73046766 ], [ 16.06370378, 47.73041494 ], [ 16.06402268, 47.73025758 ] ] ], [ [ [ 16.06119394, 47.72897359 ], [ 16.0613138, 47.72901677 ], [ 16.06187046, 47.72921731 ], [ 16.06208541, 47.72929384 ], [ 16.06298806, 47.7296152 ], [ 16.06310009, 47.72965383 ], [ 16.06333512, 47.72973486 ], [ 16.06365403, 47.72984481 ], [ 16.06400317, 47.72996518 ], [ 16.06411345, 47.7300032 ], [ 16.06411985, 47.73000556 ], [ 16.06412476, 47.73000758 ], [ 16.06416262, 47.73002397 ], [ 16.06424306, 47.73005877 ], [ 16.06428769, 47.73007808 ], [ 16.0643013, 47.73008483 ], [ 16.06431354, 47.73009268 ], [ 16.06440452, 47.73004362 ], [ 16.06477714, 47.72967953 ], [ 16.06499927, 47.72941446 ], [ 16.06474075, 47.72937059 ], [ 16.06406882, 47.7292564 ], [ 16.0637144, 47.7291962 ], [ 16.06346055, 47.72915305 ], [ 16.0623448, 47.72892006 ], [ 16.06090789, 47.72862001 ], [ 16.06046784, 47.728547 ], [ 16.06010198, 47.72848622 ], [ 16.05924725, 47.72825661 ], [ 16.05922251, 47.72829569 ], [ 16.0596037, 47.72841326 ], [ 16.05960956, 47.72841519 ], [ 16.06036967, 47.72868067 ], [ 16.06073644, 47.72880877 ], [ 16.06119394, 47.72897359 ] ] ] ] } },
{ "type": "Feature", "properties": { "GID": "ff0b2ae7-fd98-4190-8d20-9e39e2b6ebb8", "ZONENAME": "NK05", "COMMUNITY": "Grimmenstein", "DISTRICT": "Neunkirchen", "LEGALFOUNDATIONDATE": "2022-12-21T00:00:00", "LEGISLATIONCODE": "NÖ LGBl. Nr. 94/2022", "LEGISLATIONTITLE": "Sektorales RO-Programm über PV-Anlagen im Grünland in NÖ", "LASTUPDATE": "2023-01-17T00:00:00" }, "geometry": { "type": "Polygon", "coordinates": [ [ [ 16.12718749, 47.63151399 ], [ 16.1272323, 47.63152235 ], [ 16.12723121, 47.63166229 ], [ 16.12731133, 47.63189179 ], [ 16.1276088, 47.63217034 ], [ 16.1279295, 47.63233137 ], [ 16.12841033, 47.63247687 ], [ 16.12864368, 47.63200572 ], [ 16.12967392, 47.62992552 ], [ 16.12960054, 47.62982507 ], [ 16.12947471, 47.62965281 ], [ 16.12918438, 47.62926056 ], [ 16.12895033, 47.62898361 ], [ 16.12894565, 47.62897762 ], [ 16.12894143, 47.62897224 ], [ 16.12893036, 47.62895775 ], [ 16.12871573, 47.62866056 ], [ 16.12869436, 47.6286277 ], [ 16.12869431, 47.62862761 ], [ 16.12867348, 47.62858584 ], [ 16.12855775, 47.6283097 ], [ 16.12855372, 47.62829817 ], [ 16.12854324, 47.62826629 ], [ 16.12853587, 47.62823189 ], [ 16.12850335, 47.62801211 ], [ 16.12850012, 47.62797412 ], [ 16.12849526, 47.62775618 ], [ 16.12849519, 47.6277482 ], [ 16.12849558, 47.62772979 ], [ 16.12849705, 47.62770706 ], [ 16.12845529, 47.62769352 ], [ 16.12844365, 47.62769003 ], [ 16.12844205, 47.62768943 ], [ 16.12843413, 47.62768682 ], [ 16.12833967, 47.62765319 ], [ 16.12823443, 47.62763441 ], [ 16.12822433, 47.62763277 ], [ 16.12822075, 47.62763236 ], [ 16.12821218, 47.6276329 ], [ 16.12809055, 47.6276357 ], [ 16.12804661, 47.62763682 ], [ 16.12804254, 47.6276358 ], [ 16.12798277, 47.62762391 ], [ 16.12796115, 47.62762299 ], [ 16.12784497, 47.6276189 ], [ 16.12782412, 47.62761945 ], [ 16.12779446, 47.62761446 ], [ 16.12771291, 47.62760692 ], [ 16.12768914, 47.62760511 ], [ 16.12763859, 47.62759835 ], [ 16.12751831, 47.62760364 ], [ 16.12751673, 47.62760358 ], [ 16.12751476, 47.62760432 ], [ 16.1274717, 47.627618 ], [ 16.12745662, 47.62761927 ], [ 16.12738264, 47.62763258 ], [ 16.12734418, 47.62763464 ], [ 16.12719861, 47.62759166 ], [ 16.12718146, 47.62758081 ], [ 16.12719913, 47.62765869 ], [ 16.12739809, 47.62824457 ], [ 16.12744958, 47.62841349 ], [ 16.12770371, 47.62981595 ], [ 16.12771409, 47.6299498 ], [ 16.12769995, 47.63006067 ], [ 16.12764746, 47.63021024 ], [ 16.12752463, 47.63051743 ], [ 16.12730338, 47.63118043 ], [ 16.12718749, 47.63151399 ] ] ] } },
{ "type": "Feature", "properties": { "GID": "2511a08f-80a0-4352-8005-8a81a39b120a", "ZONENAME": "NK07", "COMMUNITY": "Breitenau", "DISTRICT": "Neunkirchen", "LEGALFOUNDATIONDATE": "2022-12-21T00:00:00", "LEGISLATIONCODE": "NÖ LGBl. Nr. 94/2022", "LEGISLATIONTITLE": "Sektorales RO-Programm über PV-Anlagen im Grünland in NÖ", "LASTUPDATE": "2023-01-17T00:00:00" }, "geometry": { "type": "Polygon", "coordinates": [ [ [ 16.13616055, 47.74390256 ], [ 16.13673876, 47.74410323 ], [ 16.13690879, 47.74388893 ], [ 16.13742006, 47.74403765 ], [ 16.13755842, 47.74407789 ], [ 16.13802763, 47.74421438 ], [ 16.13787149, 47.74442411 ], [ 16.13793404, 47.74444261 ], [ 16.13854359, 47.74462278 ], [ 16.13874202, 47.7443739 ], [ 16.13941901, 47.74455107 ], [ 16.13950522, 47.7444436 ], [ 16.14004225, 47.74464523 ], [ 16.14014164, 47.74468254 ], [ 16.14011832, 47.74471434 ], [ 16.14118416, 47.74499685 ], [ 16.14119748, 47.74500038 ], [ 16.14125902, 47.74491001 ], [ 16.14192891, 47.74391525 ], [ 16.1419571, 47.74385233 ], [ 16.14209363, 47.7435475 ], [ 16.14223415, 47.74322935 ], [ 16.14336428, 47.74076223 ], [ 16.14262375, 47.74053489 ], [ 16.14201711, 47.74034724 ], [ 16.14136573, 47.74014575 ], [ 16.14029138, 47.73981223 ], [ 16.13974894, 47.73964573 ], [ 16.13943455, 47.74003435 ], [ 16.13755779, 47.74216304 ], [ 16.136582, 47.74335529 ], [ 16.13651299, 47.74344491 ], [ 16.13616055, 47.74390256 ] ] ] } },
{ "type": "Feature", "properties": { "GID": "283cb51d-aeb4-487f-816c-0e697c50cbc8", "ZONENAME": "NK08", "COMMUNITY": "St. Egyden am Steinfeld", "DISTRICT": "Neunkirchen", "LEGALFOUNDATIONDATE": "2022-12-21T00:00:00", "LEGISLATIONCODE": "NÖ LGBl. Nr. 94/2022", "LEGISLATIONTITLE": "Sektorales RO-Programm über PV-Anlagen im Grünland in NÖ", "LASTUPDATE": "2023-01-17T00:00:00" }, "geometry": { "type": "Polygon", "coordinates": [ [ [ 16.13153153, 47.78838028 ], [ 16.13227014, 47.78802265 ], [ 16.13329313, 47.78749473 ], [ 16.13475485, 47.78670242 ], [ 16.13566547, 47.78623381 ], [ 16.13236117, 47.78296744 ], [ 16.13220116, 47.7830367 ], [ 16.13170574, 47.78326093 ], [ 16.13168017, 47.78327978 ], [ 16.13063471, 47.78380405 ], [ 16.13000196, 47.78413065 ], [ 16.12933134, 47.78448245 ], [ 16.12859939, 47.7848479 ], [ 16.12817077, 47.78504706 ], [ 16.12733512, 47.78541159 ], [ 16.12742002, 47.78550672 ], [ 16.12742361, 47.78550961 ], [ 16.12768422, 47.78581281 ], [ 16.12777495, 47.78591839 ], [ 16.12786767, 47.78602621 ], [ 16.12803118, 47.78621646 ], [ 16.12812072, 47.78631969 ], [ 16.12821224, 47.78642625 ], [ 16.12830722, 47.7865357 ], [ 16.12839902, 47.78664145 ], [ 16.1284847, 47.78674018 ], [ 16.12858228, 47.78685046 ], [ 16.12865962, 47.78693785 ], [ 16.12875376, 47.78704424 ], [ 16.1288478, 47.78715042 ], [ 16.1289418, 47.78725795 ], [ 16.12903134, 47.7873603 ], [ 16.12911075, 47.78745105 ], [ 16.12915282, 47.78750038 ], [ 16.1291823, 47.78753551 ], [ 16.12935352, 47.7877389 ], [ 16.1294457, 47.78784843 ], [ 16.1295375, 47.78795526 ], [ 16.12962969, 47.78806236 ], [ 16.12976559, 47.7882209 ], [ 16.13012156, 47.78861691 ], [ 16.13038308, 47.78890176 ], [ 16.13153153, 47.78838028 ] ] ] } },
{ "type": "Feature", "properties": { "GID": "182afd5a-b1a5-426a-b24c-5b6fb57e37ab", "ZONENAME": "NK09", "COMMUNITY": "Edlitz", "DISTRICT": "Neunkirchen", "LEGALFOUNDATIONDATE": "2022-12-21T00:00:00", "LEGISLATIONCODE": "NÖ LGBl. Nr. 94/2022", "LEGISLATIONTITLE": "Sektorales RO-Programm über PV-Anlagen im Grünland in NÖ", "LASTUPDATE": "2023-01-17T00:00:00" }, "geometry": { "type": "Polygon", "coordinates": [ [ [ 16.1308919, 47.61166565 ], [ 16.13108153, 47.61135247 ], [ 16.13121505, 47.61125314 ], [ 16.13177994, 47.61103351 ], [ 16.13182878, 47.61101464 ], [ 16.13249343, 47.61086574 ], [ 16.13277255, 47.61080342 ], [ 16.13293312, 47.61076756 ], [ 16.13340698, 47.61055376 ], [ 16.13347527, 47.61052295 ], [ 16.13380335, 47.61044048 ], [ 16.13402308, 47.61039987 ], [ 16.13426193, 47.61035573 ], [ 16.13464033, 47.6101859 ], [ 16.13470292, 47.61015781 ], [ 16.13491135, 47.61007862 ], [ 16.13495713, 47.61006123 ], [ 16.13499862, 47.61004547 ], [ 16.13504155, 47.61002916 ], [ 16.13485254, 47.60984195 ], [ 16.13492852, 47.6097373 ], [ 16.13498488, 47.60952527 ], [ 16.13494897, 47.60934857 ], [ 16.13493739, 47.60929158 ], [ 16.13498708, 47.60921455 ], [ 16.13512991, 47.60899315 ], [ 16.13492026, 47.60899738 ], [ 16.13467802, 47.60895282 ], [ 16.13435964, 47.60902696 ], [ 16.13411988, 47.60903319 ], [ 16.13378473, 47.60912953 ], [ 16.13357776, 47.60930978 ], [ 16.13298366, 47.60943645 ], [ 16.13264525, 47.60948591 ], [ 16.13212208, 47.60961314 ], [ 16.13181269, 47.60968047 ], [ 16.13169165, 47.60964629 ], [ 16.1315359, 47.60951646 ], [ 16.13119065, 47.60961801 ], [ 16.13070107, 47.60957089 ], [ 16.12998355, 47.60965356 ], [ 16.1298062, 47.60971164 ], [ 16.12979113, 47.60974578 ], [ 16.12976441, 47.60980631 ], [ 16.12988424, 47.61005924 ], [ 16.13013461, 47.61043991 ], [ 16.13016151, 47.61046492 ], [ 16.13044036, 47.61072418 ], [ 16.13052108, 47.61094848 ], [ 16.13067832, 47.61138537 ], [ 16.13077182, 47.61152387 ], [ 16.1308919, 47.61166565 ] ] ] } },
{ "type": "Feature", "properties": { "GID": "5ba64a47-7c99-4ff6-8ac3-a31582875f1e", "ZONENAME": "SB01", "COMMUNITY": "Wieselburg-Land", "DISTRICT": "Scheibbs", "LEGALFOUNDATIONDATE": "2022-12-21T00:00:00", "LEGISLATIONCODE": "NÖ LGBl. Nr. 94/2022", "LEGISLATIONTITLE": "Sektorales RO-Programm über PV-Anlagen im Grünland in NÖ", "LASTUPDATE": "2023-01-17T00:00:00" }, "geometry": { "type": "Polygon", "coordinates": [ [ [ 15.13931096, 48.1063742 ], [ 15.13933686, 48.10643865 ], [ 15.13936496, 48.10650864 ], [ 15.13942387, 48.10665532 ], [ 15.13949256, 48.10682635 ], [ 15.13954185, 48.10694908 ], [ 15.13955228, 48.10700628 ], [ 15.13955925, 48.10704459 ], [ 15.13961643, 48.10735821 ], [ 15.13960537, 48.1073594 ], [ 15.13977986, 48.1077608 ], [ 15.13980815, 48.10787201 ], [ 15.13984093, 48.10800094 ], [ 15.1398547, 48.10805456 ], [ 15.1399797, 48.10871671 ], [ 15.14036172, 48.10866344 ], [ 15.14273487, 48.10833608 ], [ 15.14277388, 48.10815338 ], [ 15.14279664, 48.10791852 ], [ 15.1427464, 48.10768207 ], [ 15.14271781, 48.10754753 ], [ 15.14263499, 48.10736644 ], [ 15.14247424, 48.1070743 ], [ 15.14237791, 48.10689925 ], [ 15.14233384, 48.10680609 ], [ 15.14228275, 48.10669809 ], [ 15.14227333, 48.10667818 ], [ 15.14225105, 48.10661958 ], [ 15.14221833, 48.10651171 ], [ 15.14218678, 48.10640767 ], [ 15.14214326, 48.10626421 ], [ 15.14212277, 48.1061343 ], [ 15.14210943, 48.10604963 ], [ 15.14210645, 48.1059874 ], [ 15.14209968, 48.10584536 ], [ 15.14209532, 48.10575413 ], [ 15.14209309, 48.10552001 ], [ 15.14210934, 48.10546801 ], [ 15.14214188, 48.10534433 ], [ 15.14215278, 48.10530351 ], [ 15.14216246, 48.10526729 ], [ 15.14219223, 48.10515284 ], [ 15.1422128, 48.1050999 ], [ 15.14238939, 48.10467799 ], [ 15.14242231, 48.10459934 ], [ 15.14249565, 48.10437632 ], [ 15.14253354, 48.10426108 ], [ 15.14254896, 48.10406609 ], [ 15.14256144, 48.10390828 ], [ 15.14254739, 48.10376136 ], [ 15.14251139, 48.10354145 ], [ 15.14249666, 48.10340667 ], [ 15.14249133, 48.10326559 ], [ 15.14252403, 48.10309991 ], [ 15.1425773, 48.10295108 ], [ 15.14269287, 48.10275532 ], [ 15.14290527, 48.1025183 ], [ 15.14308034, 48.10232757 ], [ 15.14313908, 48.10226666 ], [ 15.14307199, 48.1022415 ], [ 15.14300667, 48.10224451 ], [ 15.1426937, 48.10229019 ], [ 15.14242414, 48.10232273 ], [ 15.14211771, 48.10234716 ], [ 15.14177425, 48.1023524 ], [ 15.14128147, 48.10234134 ], [ 15.14082044, 48.10231568 ], [ 15.14014335, 48.10225081 ], [ 15.14006922, 48.1022397 ], [ 15.13961211, 48.10218777 ], [ 15.13896042, 48.1021203 ], [ 15.13850465, 48.10204934 ], [ 15.1381843, 48.10196768 ], [ 15.13799036, 48.10189561 ], [ 15.13795206, 48.10209874 ], [ 15.13710997, 48.10200939 ], [ 15.13659408, 48.10205995 ], [ 15.13639117, 48.10211667 ], [ 15.13630027, 48.10214193 ], [ 15.13669904, 48.10247871 ], [ 15.13670599, 48.10248458 ], [ 15.13684601, 48.10260283 ], [ 15.137101, 48.10290967 ], [ 15.13732998, 48.10318526 ], [ 15.13756202, 48.10346446 ], [ 15.1377587, 48.10370113 ], [ 15.13783398, 48.10372947 ], [ 15.13831175, 48.1039093 ], [ 15.13879302, 48.10409045 ], [ 15.13924623, 48.10426103 ], [ 15.13948632, 48.10452291 ], [ 15.139336, 48.10452538 ], [ 15.13908246, 48.10451202 ], [ 15.13934588, 48.10479933 ], [ 15.13936088, 48.10490459 ], [ 15.13937661, 48.10501514 ], [ 15.13946288, 48.10515891 ], [ 15.13946293, 48.10535126 ], [ 15.13943522, 48.10542683 ], [ 15.13944264, 48.10547899 ], [ 15.13941899, 48.10561599 ], [ 15.13938779, 48.10579651 ], [ 15.13937078, 48.10589497 ], [ 15.13933567, 48.10609812 ], [ 15.13932726, 48.10614677 ], [ 15.13930883, 48.10625347 ], [ 15.13930868, 48.10635572 ], [ 15.13931096, 48.1063742 ] ] ] } },
{ "type": "Feature", "properties": { "GID": "360c1dd7-14b9-459e-9aaf-f300be02145d", "ZONENAME": "SB03", "COMMUNITY": "Purgstall an der Erlauf", "DISTRICT": "Scheibbs", "LEGALFOUNDATIONDATE": "2022-12-21T00:00:00", "LEGISLATIONCODE": "NÖ LGBl. Nr. 94/2022", "LEGISLATIONTITLE": "Sektorales RO-Programm über PV-Anlagen im Grünland in NÖ", "LASTUPDATE": "2023-01-17T00:00:00" }, "geometry": { "type": "Polygon", "coordinates": [ [ [ 15.14401085, 48.06913329 ], [ 15.14428153, 48.06946337 ], [ 15.14447958, 48.06973083 ], [ 15.14482218, 48.07018444 ], [ 15.14496551, 48.07037423 ], [ 15.14498729, 48.07037257 ], [ 15.14546077, 48.07033636 ], [ 15.14583251, 48.07030768 ], [ 15.14751137, 48.07017953 ], [ 15.14746184, 48.07009826 ], [ 15.14812951, 48.07005345 ], [ 15.14779707, 48.06904777 ], [ 15.14857922, 48.06900765 ], [ 15.14853876, 48.06871323 ], [ 15.14762144, 48.06875582 ], [ 15.14745796, 48.06876348 ], [ 15.14680814, 48.06881467 ], [ 15.14678073, 48.06874649 ], [ 15.14676106, 48.06858683 ], [ 15.1467909, 48.06827011 ], [ 15.14671747, 48.06826566 ], [ 15.14500854, 48.06833538 ], [ 15.1449579, 48.06832577 ], [ 15.14486553, 48.06833685 ], [ 15.14406302, 48.06843307 ], [ 15.14386643, 48.06845665 ], [ 15.14350529, 48.06849995 ], [ 15.14372098, 48.068786 ], [ 15.14401085, 48.06913329 ] ] ] } },
{ "type": "Feature", "properties": { "GID": "911de24e-f5fb-4bec-9fc6-f3e74257efb8", "ZONENAME": "SP04", "COMMUNITY": "Herzogenburg", "DISTRICT": "St. Pölten und St. Pölten-Land", "LEGALFOUNDATIONDATE": "2022-12-21T00:00:00", "LEGISLATIONCODE": "NÖ LGBl. Nr. 94/2022", "LEGISLATIONTITLE": "Sektorales RO-Programm über PV-Anlagen im Grünland in NÖ", "LASTUPDATE": "2023-01-17T00:00:00" }, "geometry": { "type": "Polygon", "coordinates": [ [ [ 15.708312, 48.30703696 ], [ 15.70865175, 48.30701118 ], [ 15.70898719, 48.30698569 ], [ 15.71069458, 48.30685596 ], [ 15.71094906, 48.30683666 ], [ 15.71194068, 48.30666991 ], [ 15.71081496, 48.30528894 ], [ 15.71044549, 48.30483574 ], [ 15.71002417, 48.30436779 ], [ 15.70987139, 48.30419618 ], [ 15.70912224, 48.30335484 ], [ 15.70909937, 48.30332918 ], [ 15.70875313, 48.3029404 ], [ 15.70872216, 48.3029048 ], [ 15.70864083, 48.30281038 ], [ 15.70823293, 48.30233836 ], [ 15.70790896, 48.30194863 ], [ 15.70769209, 48.30167324 ], [ 15.70738378, 48.3012818 ], [ 15.70707549, 48.300856 ], [ 15.7066071, 48.30018776 ], [ 15.70631176, 48.29979504 ], [ 15.70588699, 48.29920825 ], [ 15.70581014, 48.29912302 ], [ 15.70571247, 48.29907527 ], [ 15.70546445, 48.29901096 ], [ 15.70539829, 48.29897643 ], [ 15.70534588, 48.29890914 ], [ 15.70534718, 48.29889179 ], [ 15.70501805, 48.29884709 ], [ 15.70479854, 48.29886423 ], [ 15.70452198, 48.29895075 ], [ 15.70454634, 48.29901951 ], [ 15.70456821, 48.29908168 ], [ 15.70476392, 48.29981434 ], [ 15.70499821, 48.30068625 ], [ 15.70523729, 48.30157482 ], [ 15.70530365, 48.30182276 ], [ 15.7053476, 48.30198695 ], [ 15.70546073, 48.30207075 ], [ 15.70603892, 48.30234974 ], [ 15.70625485, 48.30245965 ], [ 15.70654214, 48.30283938 ], [ 15.70660927, 48.30288346 ], [ 15.70671015, 48.30293347 ], [ 15.70689118, 48.30301027 ], [ 15.70702017, 48.30312042 ], [ 15.7070394, 48.30314643 ], [ 15.70705321, 48.30317438 ], [ 15.70706319, 48.30321778 ], [ 15.70706079, 48.3032925 ], [ 15.70708673, 48.30330973 ], [ 15.7071171, 48.30333886 ], [ 15.7071449, 48.30341329 ], [ 15.70715516, 48.30344509 ], [ 15.70714219, 48.30344745 ], [ 15.70711921, 48.30357341 ], [ 15.70713698, 48.30388269 ], [ 15.70699271, 48.30414899 ], [ 15.70693177, 48.30438032 ], [ 15.7069247, 48.30440717 ], [ 15.70685761, 48.30452417 ], [ 15.70671544, 48.30459875 ], [ 15.70650066, 48.30471143 ], [ 15.70634244, 48.30487316 ], [ 15.70632795, 48.30502056 ], [ 15.70635255, 48.30509219 ], [ 15.70645068, 48.30537727 ], [ 15.70648034, 48.30537707 ], [ 15.70648965, 48.30554026 ], [ 15.70665433, 48.30588425 ], [ 15.70677584, 48.30598932 ], [ 15.70708543, 48.3061251 ], [ 15.70725226, 48.30620623 ], [ 15.70828315, 48.30621276 ], [ 15.708312, 48.30703696 ] ] ] } },
{ "type": "Feature", "properties": { "GID": "26a365ce-49b3-4de7-99e6-f76888fd48c5", "ZONENAME": "SP05", "COMMUNITY": "Obritzberg-Rust", "DISTRICT": "St. Pölten und St. Pölten-Land", "LEGALFOUNDATIONDATE": "2022-12-21T00:00:00", "LEGISLATIONCODE": "NÖ LGBl. Nr. 94/2022", "LEGISLATIONTITLE": "Sektorales RO-Programm über PV-Anlagen im Grünland in NÖ", "LASTUPDATE": "2023-01-17T00:00:00" }, "geometry": { "type": "Polygon", "coordinates": [ [ [ 15.65825063, 48.25975552 ], [ 15.6581897, 48.25979042 ], [ 15.65754764, 48.26302921 ], [ 15.65759435, 48.26306231 ], [ 15.65937674, 48.26297613 ], [ 15.65965721, 48.26296267 ], [ 15.66059672, 48.26291721 ], [ 15.661194, 48.25990342 ], [ 15.66080047, 48.25984317 ], [ 15.66081597, 48.25978968 ], [ 15.66134021, 48.25765616 ], [ 15.66034411, 48.25779267 ], [ 15.66008061, 48.25782881 ], [ 15.65988188, 48.25785606 ], [ 15.65867138, 48.25802196 ], [ 15.65860994, 48.25806468 ], [ 15.65829213, 48.25935791 ], [ 15.65821654, 48.25966548 ], [ 15.65826171, 48.25970172 ], [ 15.65825063, 48.25975552 ] ] ] } },
{ "type": "Feature", "properties": { "GID": "5cbdb691-bfc8-4a70-b553-b5b10a979095", "ZONENAME": "SP07", "COMMUNITY": "St. Pölten", "DISTRICT": "St. Pölten und St. Pölten-Land", "LEGALFOUNDATIONDATE": "2022-12-21T00:00:00", "LEGISLATIONCODE": "NÖ LGBl. Nr. 94/2022", "LEGISLATIONTITLE": "Sektorales RO-Programm über PV-Anlagen im Grünland in NÖ", "LASTUPDATE": "2023-01-17T00:00:00" }, "geometry": { "type": "Polygon", "coordinates": [ [ [ 15.59995434, 48.182261 ], [ 15.59996036, 48.18227291 ], [ 15.60007534, 48.1822821 ], [ 15.60434202, 48.18262284 ], [ 15.60444437, 48.1826315 ], [ 15.60428842, 48.1824581 ], [ 15.60399347, 48.18204577 ], [ 15.60424685, 48.18199675 ], [ 15.60415867, 48.18190851 ], [ 15.60411371, 48.18183654 ], [ 15.60408695, 48.18173241 ], [ 15.60404286, 48.18125899 ], [ 15.60398672, 48.18105548 ], [ 15.60368399, 48.18072745 ], [ 15.6035054, 48.18056767 ], [ 15.60319378, 48.18028788 ], [ 15.60288781, 48.18000813 ], [ 15.60269179, 48.17984527 ], [ 15.6024679, 48.17967557 ], [ 15.60208678, 48.17939462 ], [ 15.60175934, 48.17916958 ], [ 15.60157948, 48.17901447 ], [ 15.60124745, 48.17875334 ], [ 15.60052382, 48.17818402 ], [ 15.60040823, 48.17805819 ], [ 15.60028597, 48.17801342 ], [ 15.60005427, 48.17801437 ], [ 15.59953701, 48.1780214 ], [ 15.59893343, 48.17802823 ], [ 15.5983663, 48.17803431 ], [ 15.59789479, 48.17803946 ], [ 15.59773206, 48.17804121 ], [ 15.5976804, 48.17804303 ], [ 15.59720347, 48.17805975 ], [ 15.59682643, 48.17811597 ], [ 15.59691019, 48.17847201 ], [ 15.59645191, 48.17852014 ], [ 15.59635092, 48.17809051 ], [ 15.59598473, 48.17810273 ], [ 15.59565286, 48.17811237 ], [ 15.59671775, 48.18021269 ], [ 15.5977091, 48.182168 ], [ 15.59982306, 48.18225413 ], [ 15.59995434, 48.182261 ] ] ] } },
{ "type": "Feature", "properties": { "GID": "9bdb041b-25cd-406f-af11-91a55fb2efcd", "ZONENAME": "SP10", "COMMUNITY": "St. Pölten", "DISTRICT": "St. Pölten und St. Pölten-Land", "LEGALFOUNDATIONDATE": "2022-12-21T00:00:00", "LEGISLATIONCODE": "NÖ LGBl. Nr. 94/2022", "LEGISLATIONTITLE": "Sektorales RO-Programm über PV-Anlagen im Grünland in NÖ", "LASTUPDATE": "2023-01-17T00:00:00" }, "geometry": { "type": "Polygon", "coordinates": [ [ [ 15.60974798, 48.13176661 ], [ 15.61036297, 48.13182653 ], [ 15.61084892, 48.13188248 ], [ 15.61139736, 48.13194655 ], [ 15.61203314, 48.1320091 ], [ 15.61238462, 48.13204531 ], [ 15.61263165, 48.13207007 ], [ 15.61260979, 48.13181982 ], [ 15.61259284, 48.13162582 ], [ 15.61257154, 48.13138697 ], [ 15.61255221, 48.13117041 ], [ 15.61252953, 48.13090944 ], [ 15.61252584, 48.13086699 ], [ 15.61250144, 48.13058624 ], [ 15.61249399, 48.13051425 ], [ 15.61246947, 48.13024178 ], [ 15.61245374, 48.13007053 ], [ 15.61244624, 48.12997336 ], [ 15.61244253, 48.12994132 ], [ 15.61242349, 48.12969955 ], [ 15.6122137, 48.12968662 ], [ 15.61190339, 48.12966623 ], [ 15.61165859, 48.12964967 ], [ 15.61137297, 48.12963123 ], [ 15.6111279, 48.12961467 ], [ 15.61081338, 48.12959512 ], [ 15.61080094, 48.12959435 ], [ 15.61052984, 48.12957537 ], [ 15.60996254, 48.12953635 ], [ 15.60963102, 48.12951483 ], [ 15.6094489, 48.12950244 ], [ 15.60939038, 48.12949847 ], [ 15.60896279, 48.12946951 ], [ 15.60869064, 48.13166396 ], [ 15.60885708, 48.13167563 ], [ 15.60974798, 48.13176661 ] ] ] } },
{ "type": "Feature", "properties": { "GID": "aa5527b4-4e85-454d-8866-f42b457959a3", "ZONENAME": "SP11", "COMMUNITY": "St. Pölten", "DISTRICT": "St. Pölten und St. Pölten-Land", "LEGALFOUNDATIONDATE": "2022-12-21T00:00:00", "LEGISLATIONCODE": "NÖ LGBl. Nr. 94/2022", "LEGISLATIONTITLE": "Sektorales RO-Programm über PV-Anlagen im Grünland in NÖ", "LASTUPDATE": "2023-01-17T00:00:00" }, "geometry": { "type": "Polygon", "coordinates": [ [ [ 15.58998249, 48.19711534 ], [ 15.59002317, 48.1972548 ], [ 15.59001032, 48.19740463 ], [ 15.59016181, 48.19763404 ], [ 15.59027614, 48.19784894 ], [ 15.59021805, 48.19817336 ], [ 15.59011507, 48.19843103 ], [ 15.59076775, 48.19854315 ], [ 15.5914932, 48.19866495 ], [ 15.59210466, 48.19872511 ], [ 15.59242868, 48.19875599 ], [ 15.59273342, 48.19878026 ], [ 15.59358238, 48.19883602 ], [ 15.59394532, 48.1988166 ], [ 15.59432407, 48.19877462 ], [ 15.5946517, 48.19873221 ], [ 15.59508878, 48.19867424 ], [ 15.59524907, 48.19862212 ], [ 15.59556344, 48.19851991 ], [ 15.59590885, 48.19768181 ], [ 15.596304, 48.19672268 ], [ 15.596254, 48.19651754 ], [ 15.59614683, 48.19640072 ], [ 15.59523285, 48.19612746 ], [ 15.5947934, 48.19599611 ], [ 15.59476519, 48.19598703 ], [ 15.59466626, 48.19595518 ], [ 15.59428944, 48.19583386 ], [ 15.59377731, 48.19566895 ], [ 15.59370568, 48.19564591 ], [ 15.59338823, 48.19554368 ], [ 15.5933864, 48.19554906 ], [ 15.59320281, 48.19549475 ], [ 15.59314679, 48.19547817 ], [ 15.59311187, 48.19546473 ], [ 15.5930798, 48.19545022 ], [ 15.59304937, 48.19543357 ], [ 15.59302033, 48.19541404 ], [ 15.59296377, 48.19537186 ], [ 15.59291916, 48.19533164 ], [ 15.59289702, 48.19530946 ], [ 15.59287757, 48.19528658 ], [ 15.59285682, 48.19526127 ], [ 15.59283967, 48.19523841 ], [ 15.5927551, 48.19511483 ], [ 15.59274038, 48.19509063 ], [ 15.59273136, 48.19506351 ], [ 15.5927351, 48.19500966 ], [ 15.59274593, 48.19498635 ], [ 15.5927843, 48.19490943 ], [ 15.59231983, 48.19486362 ], [ 15.59229917, 48.19490612 ], [ 15.59224802, 48.19501083 ], [ 15.59222289, 48.19504619 ], [ 15.59216513, 48.19511497 ], [ 15.59206089, 48.19519856 ], [ 15.59194238, 48.19527316 ], [ 15.59190922, 48.19528734 ], [ 15.59158107, 48.19539484 ], [ 15.59135898, 48.19546031 ], [ 15.59135145, 48.19545082 ], [ 15.59131063, 48.19544606 ], [ 15.59126993, 48.19545899 ], [ 15.5912482, 48.19546589 ], [ 15.59124576, 48.19548575 ], [ 15.59116317, 48.19550855 ], [ 15.59078752, 48.19561228 ], [ 15.59075308, 48.19562186 ], [ 15.59073252, 48.19566714 ], [ 15.59051226, 48.19568046 ], [ 15.59049123, 48.19572098 ], [ 15.59042186, 48.19585722 ], [ 15.59035323, 48.19598475 ], [ 15.58992419, 48.19678183 ], [ 15.58977647, 48.19704192 ], [ 15.58998249, 48.19711534 ] ] ] } },
{ "type": "Feature", "properties": { "GID": "a5ce0fc7-a3e1-41f3-ba75-790cf9c11817", "ZONENAME": "TU01", "COMMUNITY": "Zwentendorf an der Donau", "DISTRICT": "Tulln", "LEGALFOUNDATIONDATE": "2022-12-21T00:00:00", "LEGISLATIONCODE": "NÖ LGBl. Nr. 94/2022", "LEGISLATIONTITLE": "Sektorales RO-Programm über PV-Anlagen im Grünland in NÖ", "LASTUPDATE": "2023-01-17T00:00:00" }, "geometry": { "type": "Polygon", "coordinates": [ [ [ 15.9139125, 48.33023859 ], [ 15.91372677, 48.32863976 ], [ 15.91433077, 48.32857966 ], [ 15.91532275, 48.32847205 ], [ 15.91489935, 48.32802129 ], [ 15.91463096, 48.32773506 ], [ 15.91436261, 48.3274489 ], [ 15.914028, 48.32709326 ], [ 15.91377962, 48.3268284 ], [ 15.9135477, 48.32657997 ], [ 15.91297796, 48.32596905 ], [ 15.91163473, 48.32610279 ], [ 15.91163834, 48.32663526 ], [ 15.90853797, 48.32690976 ], [ 15.90853367, 48.32694851 ], [ 15.90852252, 48.32705575 ], [ 15.9085011, 48.32735244 ], [ 15.90847866, 48.32766291 ], [ 15.90847662, 48.32769121 ], [ 15.90846593, 48.32800835 ], [ 15.90846417, 48.32806073 ], [ 15.90845384, 48.32836731 ], [ 15.9084538, 48.3283834 ], [ 15.90845304, 48.32869078 ], [ 15.9084518, 48.32919582 ], [ 15.90845142, 48.32935059 ], [ 15.90846266, 48.32977729 ], [ 15.9114621, 48.3294607 ], [ 15.91150487, 48.32988404 ], [ 15.9115781, 48.33048441 ], [ 15.91160053, 48.33048 ], [ 15.9139125, 48.33023859 ] ] ] } },
{ "type": "Feature", "properties": { "GID": "c7b51816-7aae-4e54-a059-9909f1847292", "ZONENAME": "TU03", "COMMUNITY": "Atzenbrugg", "DISTRICT": "Tulln", "LEGALFOUNDATIONDATE": "2022-12-21T00:00:00", "LEGISLATIONCODE": "NÖ LGBl. Nr. 94/2022", "LEGISLATIONTITLE": "Sektorales RO-Programm über PV-Anlagen im Grünland in NÖ", "LASTUPDATE": "2023-01-17T00:00:00" }, "geometry": { "type": "Polygon", "coordinates": [ [ [ 15.87133662, 48.32089806 ], [ 15.87169879, 48.32176151 ], [ 15.87205483, 48.32177023 ], [ 15.87251766, 48.32176472 ], [ 15.87413635, 48.32174516 ], [ 15.87322116, 48.31961498 ], [ 15.87229403, 48.31745652 ], [ 15.87185971, 48.31757905 ], [ 15.87163144, 48.31765376 ], [ 15.87147816, 48.31772481 ], [ 15.87131266, 48.3177763 ], [ 15.87118123, 48.31783171 ], [ 15.8709179, 48.31804045 ], [ 15.87089717, 48.31799208 ], [ 15.8707633, 48.3181526 ], [ 15.87074226, 48.31817851 ], [ 15.87072211, 48.31820474 ], [ 15.87070285, 48.31823126 ], [ 15.87068451, 48.31825807 ], [ 15.87066707, 48.31828514 ], [ 15.87065057, 48.31831248 ], [ 15.87063499, 48.31834006 ], [ 15.87062036, 48.31836786 ], [ 15.87060668, 48.31839588 ], [ 15.87059395, 48.3184241 ], [ 15.87058201, 48.31845294 ], [ 15.87057108, 48.31848195 ], [ 15.87056114, 48.31851112 ], [ 15.87055222, 48.31854044 ], [ 15.87054431, 48.31856989 ], [ 15.87053742, 48.31859945 ], [ 15.87053155, 48.31862911 ], [ 15.87052671, 48.31865885 ], [ 15.87052289, 48.31868865 ], [ 15.87052011, 48.31871851 ], [ 15.87051835, 48.3187484 ], [ 15.87051763, 48.31877832 ], [ 15.87051794, 48.31880823 ], [ 15.87051928, 48.31883813 ], [ 15.87052166, 48.31886801 ], [ 15.87052477, 48.31889564 ], [ 15.87052878, 48.31892321 ], [ 15.87053366, 48.31895073 ], [ 15.87053942, 48.31897817 ], [ 15.87054605, 48.31900552 ], [ 15.87055356, 48.31903277 ], [ 15.87056194, 48.3190599 ], [ 15.87057118, 48.31908692 ], [ 15.87058128, 48.31911379 ], [ 15.87059224, 48.31914051 ], [ 15.87133662, 48.32089806 ] ] ] } },
{ "type": "Feature", "properties": { "GID": "db1701be-91f3-44a3-9bbb-52c6852292a9", "ZONENAME": "TU04", "COMMUNITY": "Zwentendorf an der Donau", "DISTRICT": "Tulln", "LEGALFOUNDATIONDATE": "2022-12-21T00:00:00", "LEGISLATIONCODE": "NÖ LGBl. Nr. 94/2022", "LEGISLATIONTITLE": "Sektorales RO-Programm über PV-Anlagen im Grünland in NÖ", "LASTUPDATE": "2023-01-17T00:00:00" }, "geometry": { "type": "Polygon", "coordinates": [ [ [ 15.89783509, 48.32706274 ], [ 15.8976377, 48.32335965 ], [ 15.89713478, 48.32346277 ], [ 15.89660444, 48.32357163 ], [ 15.89597616, 48.32370053 ], [ 15.89531221, 48.32383666 ], [ 15.89506986, 48.32388636 ], [ 15.8949314, 48.32391479 ], [ 15.89388339, 48.32412974 ], [ 15.89396926, 48.32572696 ], [ 15.89400769, 48.32645027 ], [ 15.89402621, 48.32681201 ], [ 15.89508367, 48.3267738 ], [ 15.89522343, 48.32676876 ], [ 15.89546786, 48.32675999 ], [ 15.89586621, 48.3267456 ], [ 15.89614067, 48.32678981 ], [ 15.89678156, 48.32689307 ], [ 15.89732226, 48.32698021 ], [ 15.89783509, 48.32706274 ] ] ] } },
{ "type": "Feature", "properties": { "GID": "b467bb3a-ae30-4207-bc0f-3b162ddfc520", "ZONENAME": "TU06", "COMMUNITY": "Sitzenberg-Reidling", "DISTRICT": "Tulln", "LEGALFOUNDATIONDATE": "2022-12-21T00:00:00", "LEGISLATIONCODE": "NÖ LGBl. Nr. 94/2022", "LEGISLATIONTITLE": "Sektorales RO-Programm über PV-Anlagen im Grünland in NÖ", "LASTUPDATE": "2023-01-17T00:00:00" }, "geometry": { "type": "Polygon", "coordinates": [ [ [ 15.84186779, 48.32048026 ], [ 15.8427675, 48.32538191 ], [ 15.84323289, 48.3252544 ], [ 15.843898, 48.32507064 ], [ 15.8443788, 48.32493789 ], [ 15.8449525, 48.32477937 ], [ 15.84549036, 48.32463076 ], [ 15.84607662, 48.32446887 ], [ 15.84655417, 48.3243369 ], [ 15.84679596, 48.32422426 ], [ 15.84659347, 48.3231187 ], [ 15.84594699, 48.31958905 ], [ 15.84587958, 48.31955936 ], [ 15.84520545, 48.31972321 ], [ 15.84461743, 48.31987646 ], [ 15.84407807, 48.32001733 ], [ 15.84350111, 48.32015695 ], [ 15.8430142, 48.32025513 ], [ 15.84186779, 48.32048026 ] ] ] } },
{ "type": "Feature", "properties": { "GID": "131b9ad2-e975-4924-b3d6-b87fc7f56519", "ZONENAME": "TU07", "COMMUNITY": "Atzenbrugg", "DISTRICT": "Tulln", "LEGALFOUNDATIONDATE": "2022-12-21T00:00:00", "LEGISLATIONCODE": "NÖ LGBl. Nr. 94/2022", "LEGISLATIONTITLE": "Sektorales RO-Programm über PV-Anlagen im Grünland in NÖ", "LASTUPDATE": "2023-01-17T00:00:00" }, "geometry": { "type": "Polygon", "coordinates": [ [ [ 15.87611034, 48.32248652 ], [ 15.87700363, 48.3245719 ], [ 15.8769364, 48.32457937 ], [ 15.87695503, 48.32462252 ], [ 15.87692427, 48.32465477 ], [ 15.87725974, 48.32885342 ], [ 15.87731584, 48.32888342 ], [ 15.87736971, 48.32887742 ], [ 15.87791792, 48.32881675 ], [ 15.87862732, 48.32873818 ], [ 15.87854617, 48.32772345 ], [ 15.87911316, 48.32770322 ], [ 15.8802589, 48.32766248 ], [ 15.88056915, 48.32765144 ], [ 15.88098154, 48.32763679 ], [ 15.88114666, 48.32763097 ], [ 15.88154704, 48.32761673 ], [ 15.88161028, 48.32840773 ], [ 15.88167723, 48.32840035 ], [ 15.88257777, 48.32830058 ], [ 15.88262697, 48.32825824 ], [ 15.88259903, 48.32790929 ], [ 15.8825557, 48.32736801 ], [ 15.88240577, 48.32549414 ], [ 15.88248708, 48.32549404 ], [ 15.88470037, 48.32551426 ], [ 15.8846367, 48.32509327 ], [ 15.88635538, 48.32500708 ], [ 15.88635463, 48.32500517 ], [ 15.88614412, 48.32447007 ], [ 15.88615154, 48.32424078 ], [ 15.88238388, 48.32420637 ], [ 15.88230238, 48.3242018 ], [ 15.88229178, 48.32406931 ], [ 15.88223528, 48.32403806 ], [ 15.88133617, 48.32413757 ], [ 15.88126922, 48.32414504 ], [ 15.88087129, 48.32418906 ], [ 15.88070716, 48.32420721 ], [ 15.88029722, 48.32425262 ], [ 15.88001051, 48.32428435 ], [ 15.87971542, 48.32329157 ], [ 15.87931418, 48.32319848 ], [ 15.87611034, 48.32248652 ] ] ] } },
{ "type": "Feature", "properties": { "GID": "f743d293-06c7-473c-ad31-b8056bf623d5", "ZONENAME": "TU08", "COMMUNITY": "Zwentendorf an der Donau", "DISTRICT": "Tulln", "LEGALFOUNDATIONDATE": "2022-12-21T00:00:00", "LEGISLATIONCODE": "NÖ LGBl. Nr. 94/2022", "LEGISLATIONTITLE": "Sektorales RO-Programm über PV-Anlagen im Grünland in NÖ", "LASTUPDATE": "2023-01-17T00:00:00" }, "geometry": { "type": "Polygon", "coordinates": [ [ [ 15.9235253, 48.33013354 ], [ 15.92376203, 48.3301611 ], [ 15.92384175, 48.33015985 ], [ 15.92388992, 48.33012333 ], [ 15.92365302, 48.32867436 ], [ 15.92362799, 48.32852119 ], [ 15.92217181, 48.32696574 ], [ 15.92213599, 48.32692586 ], [ 15.92001025, 48.32780419 ], [ 15.91988576, 48.32785635 ], [ 15.91902461, 48.3282134 ], [ 15.91870675, 48.32834525 ], [ 15.91831148, 48.3285092 ], [ 15.91793543, 48.32866512 ], [ 15.91780199, 48.32873964 ], [ 15.91777868, 48.32875259 ], [ 15.91747434, 48.32888035 ], [ 15.91744362, 48.32889319 ], [ 15.91722683, 48.32898377 ], [ 15.91714776, 48.32900543 ], [ 15.91704003, 48.3290348 ], [ 15.91661118, 48.32921481 ], [ 15.91658676, 48.3293471 ], [ 15.91666868, 48.3298501 ], [ 15.9167744, 48.3299013 ], [ 15.91728454, 48.3298412 ], [ 15.917625, 48.32980107 ], [ 15.91796909, 48.32976059 ], [ 15.91850623, 48.32969725 ], [ 15.91871817, 48.3296723 ], [ 15.91892077, 48.3296519 ], [ 15.91915346, 48.32962847 ], [ 15.91925587, 48.32962344 ], [ 15.9195566, 48.32960879 ], [ 15.92017086, 48.32959726 ], [ 15.92029469, 48.32954455 ], [ 15.92037125, 48.32954924 ], [ 15.92047671, 48.3296159 ], [ 15.92081367, 48.3296405 ], [ 15.92122884, 48.32968264 ], [ 15.92134293, 48.32969978 ], [ 15.92163119, 48.32974309 ], [ 15.92185969, 48.32978726 ], [ 15.92203959, 48.32982199 ], [ 15.92232298, 48.32988398 ], [ 15.9228674, 48.33000312 ], [ 15.92315968, 48.33006712 ], [ 15.92322001, 48.33007812 ], [ 15.9235253, 48.33013354 ] ] ] } },
{ "type": "Feature", "properties": { "GID": "2fd3e518-449e-428c-a878-1be2b11e0240", "ZONENAME": "WN04", "COMMUNITY": "Wiener Neustadt", "DISTRICT": "Wiener Neustadt und Wiener Neustadt-Land", "LEGALFOUNDATIONDATE": "2022-12-21T00:00:00", "LEGISLATIONCODE": "NÖ LGBl. Nr. 94/2022", "LEGISLATIONTITLE": "Sektorales RO-Programm über PV-Anlagen im Grünland in NÖ", "LASTUPDATE": "2023-01-17T00:00:00" }, "geometry": { "type": "Polygon", "coordinates": [ [ [ 16.25694241, 47.79272412 ], [ 16.25717086, 47.79301802 ], [ 16.25764488, 47.79367462 ], [ 16.25776555, 47.79384613 ], [ 16.25795134, 47.7941122 ], [ 16.25835827, 47.79466883 ], [ 16.25845644, 47.79479841 ], [ 16.25842079, 47.79481071 ], [ 16.25848489, 47.79487758 ], [ 16.25866027, 47.79506081 ], [ 16.25870625, 47.79510878 ], [ 16.25885049, 47.79522624 ], [ 16.2589826, 47.7953339 ], [ 16.25905887, 47.79538935 ], [ 16.2592774, 47.79554842 ], [ 16.2595901, 47.79574955 ], [ 16.25992155, 47.79591373 ], [ 16.26047968, 47.79614515 ], [ 16.26093397, 47.79628323 ], [ 16.26098974, 47.7962991 ], [ 16.26127299, 47.79619477 ], [ 16.26132797, 47.79629374 ], [ 16.2611967, 47.79633917 ], [ 16.26144543, 47.79639347 ], [ 16.26145543, 47.7963951 ], [ 16.26170071, 47.79643483 ], [ 16.26211109, 47.79647512 ], [ 16.26253125, 47.79649508 ], [ 16.26295906, 47.79648708 ], [ 16.26338449, 47.79646028 ], [ 16.2637914, 47.79640513 ], [ 16.26421425, 47.79631312 ], [ 16.26462178, 47.79620086 ], [ 16.26556028, 47.79588612 ], [ 16.26681955, 47.7954407 ], [ 16.26691627, 47.79537367 ], [ 16.26696913, 47.7951717 ], [ 16.26710645, 47.79488713 ], [ 16.26707366, 47.79464751 ], [ 16.26690816, 47.79434153 ], [ 16.2666283, 47.79420422 ], [ 16.26649267, 47.79434047 ], [ 16.26619462, 47.79444552 ], [ 16.26620554, 47.7944618 ], [ 16.26581495, 47.79459575 ], [ 16.26538951, 47.79474281 ], [ 16.2654055, 47.79476333 ], [ 16.26487883, 47.7949454 ], [ 16.26468257, 47.79440591 ], [ 16.26441596, 47.79367293 ], [ 16.26434109, 47.79347223 ], [ 16.26465949, 47.79341964 ], [ 16.26587168, 47.79321029 ], [ 16.26618353, 47.7931593 ], [ 16.26628111, 47.7928515 ], [ 16.26314024, 47.79253549 ], [ 16.26042706, 47.79229881 ], [ 16.26027858, 47.79234521 ], [ 16.26021055, 47.79232277 ], [ 16.26008894, 47.79233331 ], [ 16.25986465, 47.79229242 ], [ 16.25985768, 47.79230977 ], [ 16.25962547, 47.79229513 ], [ 16.25939694, 47.79231558 ], [ 16.25907979, 47.79234397 ], [ 16.25825784, 47.79246888 ], [ 16.25708168, 47.7926806 ], [ 16.25692988, 47.79270792 ], [ 16.25694241, 47.79272412 ] ] ] } },
{ "type": "Feature", "properties": { "GID": "371a47d1-e4dd-452b-a910-b95eb4d35e41", "ZONENAME": "WN06", "COMMUNITY": "Katzelsdorf", "DISTRICT": "Wiener Neustadt und Wiener Neustadt-Land", "LEGALFOUNDATIONDATE": "2022-12-21T00:00:00", "LEGISLATIONCODE": "NÖ LGBl. Nr. 94/2022", "LEGISLATIONTITLE": "Sektorales RO-Programm über PV-Anlagen im Grünland in NÖ", "LASTUPDATE": "2023-01-17T00:00:00" }, "geometry": { "type": "Polygon", "coordinates": [ [ [ 16.2441874, 47.78150276 ], [ 16.24418792, 47.78161613 ], [ 16.24412495, 47.78244136 ], [ 16.24409832, 47.78278868 ], [ 16.24406034, 47.78328655 ], [ 16.24406999, 47.78334034 ], [ 16.2440841, 47.78336139 ], [ 16.24410206, 47.78338803 ], [ 16.24418126, 47.78350609 ], [ 16.24451358, 47.78355466 ], [ 16.24466954, 47.78357753 ], [ 16.24515203, 47.78367496 ], [ 16.24530477, 47.78370575 ], [ 16.24574678, 47.78383705 ], [ 16.2462981, 47.78403607 ], [ 16.24686526, 47.78418383 ], [ 16.24737944, 47.78433298 ], [ 16.24795268, 47.78451951 ], [ 16.24829407, 47.78465477 ], [ 16.2485981, 47.78479216 ], [ 16.24852837, 47.78451941 ], [ 16.24842501, 47.78394984 ], [ 16.24839882, 47.78381557 ], [ 16.24837148, 47.78365772 ], [ 16.24834124, 47.78349314 ], [ 16.24833788, 47.78347605 ], [ 16.24824462, 47.78297205 ], [ 16.24815304, 47.78248058 ], [ 16.2480624, 47.78197424 ], [ 16.24795448, 47.78139856 ], [ 16.24795058, 47.78138771 ], [ 16.24792111, 47.7812295 ], [ 16.24789849, 47.78110525 ], [ 16.24788421, 47.78102837 ], [ 16.24784976, 47.78084328 ], [ 16.24784503, 47.78081814 ], [ 16.24782791, 47.78072824 ], [ 16.24780186, 47.78059326 ], [ 16.24778001, 47.78047822 ], [ 16.24775898, 47.78037913 ], [ 16.24773458, 47.78026864 ], [ 16.24772112, 47.78020486 ], [ 16.2477069, 47.78013102 ], [ 16.24704332, 47.78029939 ], [ 16.24573448, 47.78044696 ], [ 16.24397215, 47.7806474 ], [ 16.24399598, 47.78071345 ], [ 16.24400459, 47.78073735 ], [ 16.24402353, 47.78078984 ], [ 16.24403235, 47.78081428 ], [ 16.24404285, 47.78084341 ], [ 16.2440646, 47.78090368 ], [ 16.24412915, 47.78108263 ], [ 16.24416179, 47.78117312 ], [ 16.24418618, 47.78124073 ], [ 16.2441864, 47.78128619 ], [ 16.2441874, 47.78150276 ] ] ] } },
{ "type": "Feature", "properties": { "GID": "81ed5f3d-44db-4fc6-820a-9c1e174eea67", "ZONENAME": "WN07", "COMMUNITY": "Bad Fischau-Brunn", "DISTRICT": "Wiener Neustadt und Wiener Neustadt-Land", "LEGALFOUNDATIONDATE": "2022-12-21T00:00:00", "LEGISLATIONCODE": "NÖ LGBl. Nr. 94/2022", "LEGISLATIONTITLE": "Sektorales RO-Programm über PV-Anlagen im Grünland in NÖ", "LASTUPDATE": "2023-01-17T00:00:00" }, "geometry": { "type": "Polygon", "coordinates": [ [ [ 16.16694289, 47.80782382 ], [ 16.16699465, 47.80785862 ], [ 16.16785578, 47.80843747 ], [ 16.16855733, 47.80854393 ], [ 16.16926962, 47.80883065 ], [ 16.16992582, 47.80912254 ], [ 16.17001205, 47.80904231 ], [ 16.1703715, 47.80863849 ], [ 16.17076685, 47.80816625 ], [ 16.17112186, 47.80750437 ], [ 16.17123165, 47.80718612 ], [ 16.17125191, 47.8070534 ], [ 16.17129622, 47.80676279 ], [ 16.17099847, 47.80677259 ], [ 16.17070251, 47.80678363 ], [ 16.17057763, 47.80678969 ], [ 16.17045191, 47.80679568 ], [ 16.16979404, 47.80681819 ], [ 16.16949559, 47.80682775 ], [ 16.16888924, 47.8068546 ], [ 16.16883038, 47.80685339 ], [ 16.16826358, 47.80685966 ], [ 16.16733895, 47.80686991 ], [ 16.16733086, 47.80689445 ], [ 16.16726831, 47.80706191 ], [ 16.1672339, 47.80715405 ], [ 16.16712306, 47.80745005 ], [ 16.16702689, 47.80767161 ], [ 16.16694289, 47.80782382 ] ] ] } },
{ "type": "Feature", "properties": { "GID": "1a5ad6d6-b04d-4f0a-a1fc-9dfb0125d3c3", "ZONENAME": "WN08", "COMMUNITY": "Wiener Neustadt", "DISTRICT": "Wiener Neustadt und Wiener Neustadt-Land", "LEGALFOUNDATIONDATE": "2022-12-21T00:00:00", "LEGISLATIONCODE": "NÖ LGBl. Nr. 94/2022", "LEGISLATIONTITLE": "Sektorales RO-Programm über PV-Anlagen im Grünland in NÖ", "LASTUPDATE": "2023-01-17T00:00:00" }, "geometry": { "type": "Polygon", "coordinates": [ [ [ 16.23573601, 47.78099289 ], [ 16.23547724, 47.78101164 ], [ 16.23546691, 47.7818682 ], [ 16.23550418, 47.78226073 ], [ 16.23555642, 47.78278205 ], [ 16.2355703, 47.78292057 ], [ 16.23560185, 47.78323556 ], [ 16.23563642, 47.7835806 ], [ 16.2356465, 47.7836817 ], [ 16.23565304, 47.78374754 ], [ 16.23569663, 47.78377312 ], [ 16.23582561, 47.78380552 ], [ 16.23633976, 47.78388125 ], [ 16.23658567, 47.78389801 ], [ 16.23683896, 47.78388968 ], [ 16.23715182, 47.78385857 ], [ 16.23731759, 47.78384198 ], [ 16.23754721, 47.78379037 ], [ 16.23878745, 47.78357621 ], [ 16.23920561, 47.7835324 ], [ 16.24046532, 47.78346106 ], [ 16.24232347, 47.78341861 ], [ 16.24289066, 47.78339029 ], [ 16.24325588, 47.78339697 ], [ 16.24382573, 47.78344573 ], [ 16.24390039, 47.78333418 ], [ 16.24390675, 47.78328525 ], [ 16.24391987, 47.78318426 ], [ 16.24392979, 47.78270787 ], [ 16.24394768, 47.78247836 ], [ 16.24393073, 47.78247834 ], [ 16.24357991, 47.78247869 ], [ 16.24248855, 47.78252323 ], [ 16.24178049, 47.78253182 ], [ 16.24132407, 47.78255672 ], [ 16.24128436, 47.78245353 ], [ 16.24120813, 47.78225389 ], [ 16.24043707, 47.78081801 ], [ 16.23960658, 47.78095195 ], [ 16.23893077, 47.78112269 ], [ 16.23814279, 47.78081853 ], [ 16.23573601, 47.78099289 ] ] ] } },
{ "type": "Feature", "properties": { "GID": "d64cfa1e-0247-4c7c-9bef-f1ad17d033c8", "ZONENAME": "WN09", "COMMUNITY": "Bad Fischau-Brunn", "DISTRICT": "Wiener Neustadt und Wiener Neustadt-Land", "LEGALFOUNDATIONDATE": "2022-12-21T00:00:00", "LEGISLATIONCODE": "NÖ LGBl. Nr. 94/2022", "LEGISLATIONTITLE": "Sektorales RO-Programm über PV-Anlagen im Grünland in NÖ", "LASTUPDATE": "2023-01-17T00:00:00" }, "geometry": { "type": "Polygon", "coordinates": [ [ [ 16.16578439, 47.81375462 ], [ 16.16652517, 47.8131655 ], [ 16.16794504, 47.81186614 ], [ 16.1682749, 47.81156029 ], [ 16.16975908, 47.81022049 ], [ 16.16975732, 47.81021941 ], [ 16.16971063, 47.81019088 ], [ 16.16968263, 47.8101755 ], [ 16.16960468, 47.81013271 ], [ 16.16944983, 47.81004769 ], [ 16.16940701, 47.81002419 ], [ 16.16927958, 47.80996103 ], [ 16.16918363, 47.80991348 ], [ 16.16910766, 47.80987583 ], [ 16.16894536, 47.8097954 ], [ 16.16894198, 47.80979372 ], [ 16.16880226, 47.80972448 ], [ 16.16878781, 47.80971711 ], [ 16.16876274, 47.80970396 ], [ 16.16852245, 47.80957796 ], [ 16.1684874, 47.80955958 ], [ 16.16834413, 47.80949154 ], [ 16.16819511, 47.80942076 ], [ 16.16817467, 47.80941105 ], [ 16.16814027, 47.80940074 ], [ 16.16802274, 47.80938336 ], [ 16.16802083, 47.80938308 ], [ 16.16781879, 47.80936124 ], [ 16.16770754, 47.80934922 ], [ 16.16770257, 47.80934863 ], [ 16.16765629, 47.80934171 ], [ 16.16762196, 47.80933604 ], [ 16.16758794, 47.80932918 ], [ 16.16743689, 47.80929874 ], [ 16.16736482, 47.80928113 ], [ 16.16729623, 47.80925806 ], [ 16.16727909, 47.80925144 ], [ 16.16711928, 47.80918974 ], [ 16.16706994, 47.80916783 ], [ 16.16704878, 47.80915829 ], [ 16.16704462, 47.80915641 ], [ 16.1669912, 47.80912534 ], [ 16.16604549, 47.810068 ], [ 16.16526336, 47.81078034 ], [ 16.16462179, 47.81137889 ], [ 16.16365978, 47.81224078 ], [ 16.16325835, 47.81258552 ], [ 16.16562306, 47.81367995 ], [ 16.16567569, 47.81370431 ], [ 16.16578439, 47.81375462 ] ] ] } },
{ "type": "Feature", "properties": { "GID": "4883eecd-8626-4d08-98b8-b0e95017223c", "ZONENAME": "WN11", "COMMUNITY": "Eggendorf", "DISTRICT": "Wiener Neustadt und Wiener Neustadt-Land", "LEGALFOUNDATIONDATE": "2022-12-21T00:00:00", "LEGISLATIONCODE": "NÖ LGBl. Nr. 94/2022", "LEGISLATIONTITLE": "Sektorales RO-Programm über PV-Anlagen im Grünland in NÖ", "LASTUPDATE": "2023-01-17T00:00:00" }, "geometry": { "type": "Polygon", "coordinates": [ [ [ 16.26340263, 47.88304572 ], [ 16.26346819, 47.88391252 ], [ 16.2652974, 47.88541387 ], [ 16.26662511, 47.88650494 ], [ 16.26671803, 47.8865813 ], [ 16.2670691, 47.88639812 ], [ 16.26759353, 47.88612449 ], [ 16.26795121, 47.88591029 ], [ 16.26798633, 47.88584475 ], [ 16.2680133, 47.88546541 ], [ 16.26808378, 47.88485591 ], [ 16.26809958, 47.88471925 ], [ 16.26816082, 47.88430801 ], [ 16.26823198, 47.88387725 ], [ 16.2683065, 47.88353014 ], [ 16.26841539, 47.88307782 ], [ 16.26854971, 47.88259755 ], [ 16.26874312, 47.88201838 ], [ 16.26884072, 47.88170447 ], [ 16.2689008, 47.88135887 ], [ 16.26893952, 47.88119242 ], [ 16.26868716, 47.88114812 ], [ 16.26606688, 47.88081546 ], [ 16.26605481, 47.88082595 ], [ 16.26340263, 47.88304572 ] ] ] } },
{ "type": "Feature", "properties": { "GID": "053c240d-4a61-4b5d-9eb8-6238e171fab1", "ZONENAME": "WT02", "COMMUNITY": "Waidhofen an der Thaya", "DISTRICT": "Waidhofen an der Thaya", "LEGALFOUNDATIONDATE": "2022-12-21T00:00:00", "LEGISLATIONCODE": "NÖ LGBl. Nr. 94/2022", "LEGISLATIONTITLE": "Sektorales RO-Programm über PV-Anlagen im Grünland in NÖ", "LASTUPDATE": "2023-01-17T00:00:00" }, "geometry": { "type": "Polygon", "coordinates": [ [ [ 15.30774103, 48.81295937 ], [ 15.30801195, 48.81273446 ], [ 15.30809433, 48.81268088 ], [ 15.30835251, 48.81251322 ], [ 15.30877489, 48.81236547 ], [ 15.30900418, 48.81227183 ], [ 15.30916479, 48.81216778 ], [ 15.30928827, 48.81204856 ], [ 15.30932296, 48.81204977 ], [ 15.30947924, 48.81181115 ], [ 15.3096414, 48.8117046 ], [ 15.31025831, 48.81139743 ], [ 15.31024746, 48.81133537 ], [ 15.30920279, 48.81106061 ], [ 15.30790949, 48.81058759 ], [ 15.30708254, 48.81090511 ], [ 15.30715514, 48.81101016 ], [ 15.30714132, 48.81125319 ], [ 15.3066928, 48.81112176 ], [ 15.30649249, 48.81106305 ], [ 15.30572271, 48.81085591 ], [ 15.30547239, 48.81109872 ], [ 15.30525391, 48.81145529 ], [ 15.30516439, 48.81165772 ], [ 15.30510051, 48.81197755 ], [ 15.30500188, 48.81217954 ], [ 15.30520425, 48.81224367 ], [ 15.30535913, 48.81229334 ], [ 15.3055081, 48.81234566 ], [ 15.30568974, 48.81241185 ], [ 15.30601993, 48.81254402 ], [ 15.30649723, 48.81272705 ], [ 15.30695677, 48.81289923 ], [ 15.30709556, 48.81295028 ], [ 15.30726931, 48.81301586 ], [ 15.30749231, 48.81310409 ], [ 15.30761942, 48.8130403 ], [ 15.30774103, 48.81295937 ] ] ] } },
{ "type": "Feature", "properties": { "GID": "9620b2ae-e744-4e05-a015-69caae4a2bb5", "ZONENAME": "WT04", "COMMUNITY": "Waidhofen an der Thaya-Land", "DISTRICT": "Waidhofen an der Thaya", "LEGALFOUNDATIONDATE": "2022-12-21T00:00:00", "LEGISLATIONCODE": "NÖ LGBl. Nr. 94/2022", "LEGISLATIONTITLE": "Sektorales RO-Programm über PV-Anlagen im Grünland in NÖ", "LASTUPDATE": "2023-01-17T00:00:00" }, "geometry": { "type": "Polygon", "coordinates": [ [ [ 15.27582592, 48.79939684 ], [ 15.27583721, 48.79934587 ], [ 15.27678739, 48.79859295 ], [ 15.2771038, 48.79873865 ], [ 15.2793313, 48.79650685 ], [ 15.27920284, 48.79643409 ], [ 15.27895491, 48.79628848 ], [ 15.27872685, 48.79616903 ], [ 15.27833133, 48.7959673 ], [ 15.278197, 48.79588918 ], [ 15.27809294, 48.79591179 ], [ 15.27700548, 48.79700137 ], [ 15.27695919, 48.79698245 ], [ 15.2761317, 48.79653259 ], [ 15.27383672, 48.79462979 ], [ 15.27382283, 48.79463686 ], [ 15.27352126, 48.79481482 ], [ 15.27325714, 48.79500537 ], [ 15.27311275, 48.79513317 ], [ 15.27281953, 48.79539277 ], [ 15.27250845, 48.79569861 ], [ 15.27246869, 48.79573772 ], [ 15.27236263, 48.79584196 ], [ 15.27201431, 48.79619655 ], [ 15.27177727, 48.79643797 ], [ 15.27131859, 48.79691312 ], [ 15.27117536, 48.79739721 ], [ 15.27119737, 48.79748887 ], [ 15.27130521, 48.79760281 ], [ 15.27390903, 48.79842545 ], [ 15.27477689, 48.79886527 ], [ 15.27493905, 48.79894742 ], [ 15.27582592, 48.79939684 ] ] ] } },
{ "type": "Feature", "properties": { "GID": "b9ec9e03-ae39-4a17-9556-4c9c912481eb", "ZONENAME": "WT06", "COMMUNITY": "Ludweis-Aigen", "DISTRICT": "Waidhofen an der Thaya", "LEGALFOUNDATIONDATE": "2022-12-21T00:00:00", "LEGISLATIONCODE": "NÖ LGBl. Nr. 94/2022", "LEGISLATIONTITLE": "Sektorales RO-Programm über PV-Anlagen im Grünland in NÖ", "LASTUPDATE": "2023-01-17T00:00:00" }, "geometry": { "type": "Polygon", "coordinates": [ [ [ 15.49415705, 48.74553335 ], [ 15.49459989, 48.74535382 ], [ 15.49464503, 48.7451321 ], [ 15.4946741, 48.74498927 ], [ 15.49467711, 48.74495513 ], [ 15.49469387, 48.74476446 ], [ 15.49471233, 48.74455464 ], [ 15.49471444, 48.74453066 ], [ 15.49471647, 48.74436637 ], [ 15.49470294, 48.74424394 ], [ 15.49469653, 48.74420789 ], [ 15.49468128, 48.74411344 ], [ 15.49466975, 48.74404194 ], [ 15.4946343, 48.74389001 ], [ 15.49462215, 48.74383799 ], [ 15.49454365, 48.74348289 ], [ 15.49453775, 48.74345622 ], [ 15.49446491, 48.74320957 ], [ 15.49414816, 48.74325527 ], [ 15.49398249, 48.74329965 ], [ 15.49359335, 48.74341344 ], [ 15.49320886, 48.74352915 ], [ 15.49285063, 48.74363696 ], [ 15.49238099, 48.74382294 ], [ 15.49215434, 48.7439127 ], [ 15.49193332, 48.74402213 ], [ 15.49155383, 48.74421989 ], [ 15.49147436, 48.7442613 ], [ 15.49120578, 48.74440959 ], [ 15.49083268, 48.74461153 ], [ 15.49081837, 48.74462194 ], [ 15.49047957, 48.74481414 ], [ 15.49006504, 48.74503836 ], [ 15.48967596, 48.74524881 ], [ 15.48954085, 48.74532189 ], [ 15.48930144, 48.74545309 ], [ 15.48891148, 48.7456668 ], [ 15.48819445, 48.74611349 ], [ 15.48781103, 48.74635436 ], [ 15.48768697, 48.74643225 ], [ 15.4876604, 48.74644893 ], [ 15.48743763, 48.74658893 ], [ 15.48745807, 48.74681218 ], [ 15.48767763, 48.74681514 ], [ 15.48770104, 48.74681397 ], [ 15.48784312, 48.74680674 ], [ 15.48820758, 48.74678802 ], [ 15.48897178, 48.74674724 ], [ 15.48937411, 48.74672457 ], [ 15.48977762, 48.7467046 ], [ 15.49015881, 48.74668573 ], [ 15.49054389, 48.74666185 ], [ 15.49083992, 48.74664486 ], [ 15.49090141, 48.74664298 ], [ 15.49120255, 48.74663371 ], [ 15.4914135, 48.74662722 ], [ 15.49159264, 48.74657485 ], [ 15.49196202, 48.74643294 ], [ 15.49235931, 48.74628029 ], [ 15.49283537, 48.74613521 ], [ 15.49316707, 48.7459947 ], [ 15.49363681, 48.74578827 ], [ 15.49415705, 48.74553335 ] ] ] } },
{ "type": "Feature", "properties": { "GID": "16727b26-ed12-4402-834c-512eea2143e6", "ZONENAME": "WT07", "COMMUNITY": "Waidhofen an der Thaya", "DISTRICT": "Waidhofen an der Thaya", "LEGALFOUNDATIONDATE": "2022-12-21T00:00:00", "LEGISLATIONCODE": "NÖ LGBl. Nr. 94/2022", "LEGISLATIONTITLE": "Sektorales RO-Programm über PV-Anlagen im Grünland in NÖ", "LASTUPDATE": "2023-01-17T00:00:00" }, "geometry": { "type": "Polygon", "coordinates": [ [ [ 15.26998338, 48.80457818 ], [ 15.27001818, 48.80443291 ], [ 15.27005835, 48.80427825 ], [ 15.2700951, 48.80413714 ], [ 15.27023013, 48.80362402 ], [ 15.27030861, 48.8032673 ], [ 15.27043726, 48.80268272 ], [ 15.27045381, 48.80251804 ], [ 15.27046362, 48.80242155 ], [ 15.27036334, 48.80238052 ], [ 15.27005696, 48.8022178 ], [ 15.26994564, 48.80215877 ], [ 15.26980699, 48.80209751 ], [ 15.26965893, 48.80205073 ], [ 15.26849758, 48.80174466 ], [ 15.2684713, 48.80173884 ], [ 15.26805933, 48.80170238 ], [ 15.26795503, 48.80170385 ], [ 15.26684809, 48.80173378 ], [ 15.26553012, 48.80176525 ], [ 15.26541568, 48.80178847 ], [ 15.26529676, 48.80185004 ], [ 15.26526369, 48.80188147 ], [ 15.2651951, 48.8019445 ], [ 15.26420189, 48.80277589 ], [ 15.26450141, 48.80288964 ], [ 15.26418134, 48.80347198 ], [ 15.26477356, 48.80362316 ], [ 15.2648767, 48.80365128 ], [ 15.26511666, 48.80371673 ], [ 15.26532644, 48.80378108 ], [ 15.26564527, 48.80387899 ], [ 15.26565712, 48.80388262 ], [ 15.26592608, 48.80396138 ], [ 15.26593649, 48.80396444 ], [ 15.26619223, 48.80401214 ], [ 15.26623548, 48.80402018 ], [ 15.26640129, 48.80403882 ], [ 15.26663647, 48.80406526 ], [ 15.26689551, 48.80409438 ], [ 15.266941, 48.80409961 ], [ 15.26697213, 48.8041032 ], [ 15.26767379, 48.80418397 ], [ 15.26771403, 48.8041802 ], [ 15.26781119, 48.80412427 ], [ 15.26815612, 48.80411937 ], [ 15.26820274, 48.80419345 ], [ 15.26837077, 48.8042558 ], [ 15.2687874, 48.80437467 ], [ 15.26923678, 48.80446453 ], [ 15.26928387, 48.80447162 ], [ 15.26998338, 48.80457818 ] ] ] } },
{ "type": "Feature", "properties": { "GID": "5cf9d761-221d-45cd-954a-04a478707c5d", "ZONENAME": "ZT03", "COMMUNITY": "Zwettl-Niederösterreich", "DISTRICT": "Zwettl", "LEGALFOUNDATIONDATE": "2022-12-21T00:00:00", "LEGISLATIONCODE": "NÖ LGBl. Nr. 94/2022", "LEGISLATIONTITLE": "Sektorales RO-Programm über PV-Anlagen im Grünland in NÖ", "LASTUPDATE": "2023-01-17T00:00:00" }, "geometry": { "type": "Polygon", "coordinates": [ [ [ 15.18319207, 48.59775292 ], [ 15.18308049, 48.59784227 ], [ 15.18305595, 48.59781936 ], [ 15.18294005, 48.59789305 ], [ 15.18269065, 48.5980925 ], [ 15.18261466, 48.59815977 ], [ 15.18264875, 48.59819577 ], [ 15.18256185, 48.5982672 ], [ 15.18239818, 48.59838705 ], [ 15.18229061, 48.59846709 ], [ 15.18214039, 48.5985681 ], [ 15.18202336, 48.59864669 ], [ 15.18190567, 48.59871835 ], [ 15.18146087, 48.5989781 ], [ 15.18136822, 48.59905766 ], [ 15.18135851, 48.59907243 ], [ 15.18129672, 48.59916648 ], [ 15.18126493, 48.5992408 ], [ 15.1812065, 48.59937753 ], [ 15.1812255, 48.59940038 ], [ 15.18135008, 48.59937735 ], [ 15.18136125, 48.59937531 ], [ 15.18151078, 48.59935217 ], [ 15.18154759, 48.59934819 ], [ 15.18171561, 48.59933003 ], [ 15.18186811, 48.59930755 ], [ 15.18232273, 48.59924726 ], [ 15.18248093, 48.59922475 ], [ 15.18250835, 48.59922113 ], [ 15.18266032, 48.59920106 ], [ 15.18285474, 48.59917539 ], [ 15.18298956, 48.59915759 ], [ 15.18323733, 48.59912487 ], [ 15.18337239, 48.59910703 ], [ 15.18355009, 48.59908357 ], [ 15.18399842, 48.59902475 ], [ 15.18415224, 48.59900457 ], [ 15.18448279, 48.59896121 ], [ 15.18461501, 48.59894386 ], [ 15.18480419, 48.59891974 ], [ 15.18488983, 48.59890883 ], [ 15.18496951, 48.59889868 ], [ 15.18509386, 48.59888283 ], [ 15.18539064, 48.598845 ], [ 15.18552052, 48.59882845 ], [ 15.18569125, 48.59880669 ], [ 15.18609792, 48.59875334 ], [ 15.1865225, 48.59869764 ], [ 15.18688439, 48.59865016 ], [ 15.18692058, 48.59864556 ], [ 15.18767113, 48.5985501 ], [ 15.18798808, 48.59850983 ], [ 15.18880382, 48.5984042 ], [ 15.18909919, 48.59837117 ], [ 15.18930804, 48.59834533 ], [ 15.18946177, 48.59832632 ], [ 15.1898743, 48.59827529 ], [ 15.19009281, 48.59825549 ], [ 15.19032476, 48.59823447 ], [ 15.19076838, 48.59819426 ], [ 15.19119343, 48.59816232 ], [ 15.19139811, 48.59814693 ], [ 15.19164142, 48.59812865 ], [ 15.19174907, 48.59812055 ], [ 15.19209995, 48.59809278 ], [ 15.19257269, 48.59805536 ], [ 15.19307486, 48.59801889 ], [ 15.19355629, 48.59798393 ], [ 15.19369482, 48.59797387 ], [ 15.19456558, 48.59791065 ], [ 15.19493202, 48.59790592 ], [ 15.19511573, 48.597906 ], [ 15.19543379, 48.59790612 ], [ 15.19579906, 48.59791721 ], [ 15.1952198, 48.59760724 ], [ 15.19480164, 48.59737951 ], [ 15.19426062, 48.59706494 ], [ 15.19384764, 48.59678427 ], [ 15.19358777, 48.59660611 ], [ 15.1933352, 48.59644048 ], [ 15.19287755, 48.59613195 ], [ 15.19252534, 48.59589835 ], [ 15.19230407, 48.59573985 ], [ 15.19177715, 48.59536752 ], [ 15.19131795, 48.59504384 ], [ 15.19108622, 48.59486316 ], [ 15.1909054, 48.59472035 ], [ 15.19053444, 48.5943717 ], [ 15.19052982, 48.59436527 ], [ 15.1903614, 48.59442464 ], [ 15.19035112, 48.59442716 ], [ 15.19019116, 48.5944821 ], [ 15.18974926, 48.59463385 ], [ 15.18918308, 48.59477309 ], [ 15.18911207, 48.59475403 ], [ 15.18862169, 48.59489852 ], [ 15.18837786, 48.59496165 ], [ 15.18807513, 48.59503965 ], [ 15.18789043, 48.59508979 ], [ 15.18784191, 48.595101 ], [ 15.18763924, 48.59529808 ], [ 15.18756301, 48.59538356 ], [ 15.18750989, 48.595436 ], [ 15.18725357, 48.59563722 ], [ 15.18709519, 48.59574634 ], [ 15.18685456, 48.59590724 ], [ 15.18674148, 48.59597237 ], [ 15.1866176, 48.59604373 ], [ 15.18638399, 48.59616981 ], [ 15.18566547, 48.5964969 ], [ 15.18521609, 48.59672775 ], [ 15.18494387, 48.59687017 ], [ 15.18470121, 48.59700633 ], [ 15.18444774, 48.59713491 ], [ 15.18429729, 48.59720498 ], [ 15.18418312, 48.59725303 ], [ 15.18385296, 48.59739173 ], [ 15.18374706, 48.59744579 ], [ 15.18368793, 48.59747098 ], [ 15.18360619, 48.5975058 ], [ 15.18340568, 48.59761854 ], [ 15.18319207, 48.59775292 ] ] ] } }
]
}
