{
"type": "FeatureCollection",
"name": "noe_wind_zones",
"crs": { "type": "name", "properties": { "name": "urn:ogc:def:crs:OGC:1.3:CRS84" } },
"features": [
{ "type": "Feature", "properties": { "ID": 11, "ZONE": "IN01", "AREA_HA": 59.509341, "COMMUNITIES": "Achau", "LEGALFOUNDATIONDATE": "2024-09-01T00:00:00", "LEGISLATIONCODE": "NÖ LGBl. Nr. 47/2024", "LEGISLATIONTITLE": "Sektorales Raumordnungsprogramm über die Windkraftnutzung in Niederösterreich - Änderung", "LASTUPDATE": "2024-09-03T00:00:00" }, "geometry": { "type": "Polygon", "coordinates": [ [ [ 16.39185166, 48.06831794 ], [ 16.39175192, 48.06837495 ], [ 16.39123874, 48.06864965 ], [ 16.39078717, 48.06887452 ], [ 16.39040175, 48.06905278 ], [ 16.39020712, 48.06914002 ], [ 16.39015917, 48.06916077 ], [ 16.39052912, 48.0693385 ], [ 16.39076334, 48.06944853 ], [ 16.39104106, 48.06950869 ], [ 16.39165889, 48.06965801 ], [ 16.39196553, 48.06973689 ], [ 16.39226712, 48.06982409 ], [ 16.39230309, 48.06983508 ], [ 16.39239666, 48.06983967 ], [ 16.39267293, 48.06985646 ], [ 16.39322447, 48.06989639 ], [ 16.39349973, 48.06991954 ], [ 16.39391485, 48.06996678 ], [ 16.39438413, 48.07002869 ], [ 16.39730035, 48.07032393 ], [ 16.39758328, 48.07035604 ], [ 16.39787141, 48.07039228 ], [ 16.39830249, 48.07044849 ], [ 16.39856731, 48.07048628 ], [ 16.39873078, 48.0705124 ], [ 16.39881241, 48.07052574 ], [ 16.39902741, 48.07056169 ], [ 16.39926367, 48.07060375 ], [ 16.39973417, 48.07069266 ], [ 16.40027962, 48.07080992 ], [ 16.40089749, 48.07095919 ], [ 16.40093229, 48.07096869 ], [ 16.4030402, 48.06736655 ], [ 16.40314001, 48.06718301 ], [ 16.40333145, 48.06684718 ], [ 16.40335706, 48.06680515 ], [ 16.40278818, 48.06533601 ], [ 16.40278597, 48.06533034 ], [ 16.40163042, 48.06236856 ], [ 16.4009637, 48.0606507 ], [ 16.40049884, 48.05945285 ], [ 16.39953019, 48.05693625 ], [ 16.39952719, 48.05692849 ], [ 16.39908591, 48.05579389 ], [ 16.39756369, 48.05617162 ], [ 16.39760878, 48.05629223 ], [ 16.39774232, 48.05672322 ], [ 16.39784952, 48.05715751 ], [ 16.39790179, 48.05740462 ], [ 16.39791212, 48.05746316 ], [ 16.39791717, 48.05749246 ], [ 16.39792224, 48.05752258 ], [ 16.39794911, 48.0577124 ], [ 16.39799282, 48.05809257 ], [ 16.39801587, 48.05843301 ], [ 16.39802204, 48.05873447 ], [ 16.39802502, 48.05876931 ], [ 16.39802893, 48.05881699 ], [ 16.39803612, 48.05891238 ], [ 16.39804636, 48.05918019 ], [ 16.39804689, 48.05962039 ], [ 16.39804045, 48.05984049 ], [ 16.39802063, 48.06006023 ], [ 16.39796763, 48.06049899 ], [ 16.39788798, 48.06093593 ], [ 16.39778181, 48.06137033 ], [ 16.39764929, 48.06180147 ], [ 16.39749065, 48.06222862 ], [ 16.39740483, 48.06244112 ], [ 16.39730614, 48.06265109 ], [ 16.39709608, 48.06306815 ], [ 16.39686081, 48.06347913 ], [ 16.39660073, 48.06388332 ], [ 16.39634422, 48.06424108 ], [ 16.39630555, 48.06430111 ], [ 16.39612813, 48.06456667 ], [ 16.39588847, 48.06489508 ], [ 16.39558009, 48.06528372 ], [ 16.39526913, 48.06564173 ], [ 16.39500861, 48.06591681 ], [ 16.39495861, 48.0659696 ], [ 16.39485, 48.06607985 ], [ 16.39512006, 48.06635975 ], [ 16.39540699, 48.06665738 ], [ 16.39543561, 48.06668695 ], [ 16.3956443, 48.0669669 ], [ 16.39566069, 48.06697867 ], [ 16.39595679, 48.06719121 ], [ 16.39621325, 48.06746717 ], [ 16.39623622, 48.06749117 ], [ 16.39714035, 48.0684386 ], [ 16.397265, 48.0686586 ], [ 16.397516, 48.06963245 ], [ 16.39758484, 48.06975248 ], [ 16.39729855, 48.06968212 ], [ 16.39727838, 48.06967637 ], [ 16.3967713, 48.06953176 ], [ 16.3964978, 48.06947834 ], [ 16.39638974, 48.06945723 ], [ 16.39540265, 48.06918416 ], [ 16.39530932, 48.0691593 ], [ 16.39391025, 48.06878652 ], [ 16.39326495, 48.06863836 ], [ 16.39269787, 48.0684853 ], [ 16.39211391, 48.06834619 ], [ 16.39203311, 48.06832699 ], [ 16.39190123, 48.06828961 ], [ 16.39185166, 48.06831794 ] ] ] } },
{ "type": "Feature", "properties": { "ID": 4, "ZONE": "IN04", "AREA_HA": 245.977695, "COMMUNITIES": "Ebreichsdorf, Trumau", "LEGALFOUNDATIONDATE": "2024-09-01T00:00:00", "LEGISLATIONCODE": "NÖ LGBl. Nr. 47/2024", "LEGISLATIONTITLE": "Sektorales Raumordnungsprogramm über die Windkraftnutzung in Niederösterreich - Änderung", "LASTUPDATE": "2024-09-03T00:00:00" }, "geometry": { "type": "Polygon", "coordinates": [ [ [ 16.40036599, 48.00064419 ], [ 16.40038092, 48.00043024 ], [ 16.40040596, 48.00021671 ], [ 16.4004411, 48.00000383 ], [ 16.40044213, 48.00000428 ], [ 16.4004723, 47.99985248 ], [ 16.40052591, 47.99963651 ], [ 16.40058993, 47.99942182 ], [ 16.4006643, 47.99920863 ], [ 16.40074894, 47.99899718 ], [ 16.40084376, 47.99878769 ], [ 16.40094866, 47.99858037 ], [ 16.40106353, 47.99837544 ], [ 16.40118824, 47.99817312 ], [ 16.40127377, 47.9980462 ], [ 16.40127274, 47.99804573 ], [ 16.40139027, 47.9978794 ], [ 16.40151452, 47.99771529 ], [ 16.40164539, 47.99755351 ], [ 16.40178279, 47.99739419 ], [ 16.4019059, 47.99724838 ], [ 16.40203437, 47.99710467 ], [ 16.40220878, 47.99692161 ], [ 16.40239188, 47.99674242 ], [ 16.40258348, 47.99656728 ], [ 16.40278339, 47.99639637 ], [ 16.40278985, 47.9963918 ], [ 16.40293399, 47.99627474 ], [ 16.40306726, 47.99617177 ], [ 16.4032036, 47.99607063 ], [ 16.40337401, 47.99594978 ], [ 16.40354881, 47.99583179 ], [ 16.40371121, 47.99572721 ], [ 16.40387705, 47.9956251 ], [ 16.40404626, 47.99552551 ], [ 16.40351484, 47.99510197 ], [ 16.40251199, 47.99432375 ], [ 16.39917886, 47.99173699 ], [ 16.3984745, 47.99221017 ], [ 16.39798431, 47.99253946 ], [ 16.39781402, 47.99241986 ], [ 16.39691394, 47.99178774 ], [ 16.39691108, 47.99178573 ], [ 16.39650007, 47.99142494 ], [ 16.39626868, 47.99124771 ], [ 16.39606848, 47.99126352 ], [ 16.39582269, 47.99128037 ], [ 16.39554461, 47.99129654 ], [ 16.39537987, 47.99130497 ], [ 16.39523956, 47.99131112 ], [ 16.39512966, 47.99131525 ], [ 16.39496349, 47.99132069 ], [ 16.39477225, 47.99132541 ], [ 16.39449368, 47.99133006 ], [ 16.39424666, 47.99133164 ], [ 16.39396741, 47.99133054 ], [ 16.39370675, 47.99132668 ], [ 16.39369602, 47.9913264 ], [ 16.39369581, 47.99132598 ], [ 16.39351435, 47.99132246 ], [ 16.39346651, 47.99132112 ], [ 16.39326083, 47.99131358 ], [ 16.39284978, 47.99129496 ], [ 16.39264441, 47.99128388 ], [ 16.39259675, 47.99128089 ], [ 16.39239199, 47.99126629 ], [ 16.39198313, 47.99123358 ], [ 16.39177902, 47.99121546 ], [ 16.39171586, 47.9912093 ], [ 16.39147215, 47.99118297 ], [ 16.39098606, 47.99112529 ], [ 16.39074368, 47.99109394 ], [ 16.3906812, 47.99108519 ], [ 16.39044086, 47.99104894 ], [ 16.38996195, 47.99097152 ], [ 16.38972339, 47.99093034 ], [ 16.38966181, 47.99091904 ], [ 16.38946396, 47.99088088 ], [ 16.38906977, 47.99080116 ], [ 16.38887343, 47.99075961 ], [ 16.38882795, 47.99074955 ], [ 16.38863309, 47.9907046 ], [ 16.38824515, 47.99061135 ], [ 16.38805207, 47.99056306 ], [ 16.38800742, 47.99055145 ], [ 16.38781631, 47.99049987 ], [ 16.38743611, 47.99039343 ], [ 16.38724701, 47.99033857 ], [ 16.38718874, 47.99032106 ], [ 16.38696473, 47.99025098 ], [ 16.38652005, 47.99010623 ], [ 16.38629937, 47.99003156 ], [ 16.38624281, 47.99001169 ], [ 16.38606155, 47.98994599 ], [ 16.38570159, 47.9898115 ], [ 16.38552288, 47.9897427 ], [ 16.38548165, 47.98972635 ], [ 16.38530571, 47.98965454 ], [ 16.38495664, 47.9895079 ], [ 16.3847835, 47.98943309 ], [ 16.38474358, 47.98941534 ], [ 16.3846071, 47.98935334 ], [ 16.38433606, 47.98922745 ], [ 16.3842015, 47.98916357 ], [ 16.38417194, 47.98914923 ], [ 16.38337135, 47.98920777 ], [ 16.38323566, 47.98916229 ], [ 16.38324527, 47.98905505 ], [ 16.38307697, 47.98904862 ], [ 16.38304857, 47.98904688 ], [ 16.38297782, 47.98904255 ], [ 16.38286993, 47.98903594 ], [ 16.38286963, 47.98903597 ], [ 16.38286721, 47.98903385 ], [ 16.38283943, 47.98901178 ], [ 16.38272844, 47.98892363 ], [ 16.38248276, 47.98900493 ], [ 16.38264556, 47.99032562 ], [ 16.38245439, 47.99454938 ], [ 16.38247918, 47.99567309 ], [ 16.38250041, 47.99663557 ], [ 16.38255879, 47.99721261 ], [ 16.38168672, 47.99689762 ], [ 16.37850472, 47.99630274 ], [ 16.37723168, 47.99615706 ], [ 16.37723149, 47.99613585 ], [ 16.37678464, 47.99605686 ], [ 16.37558658, 47.99584506 ], [ 16.37556995, 47.99584456 ], [ 16.37518546, 47.99571007 ], [ 16.37515048, 47.99566248 ], [ 16.37495922, 47.99856233 ], [ 16.37495849, 47.99857131 ], [ 16.37494056, 47.99869413 ], [ 16.37490715, 47.99883037 ], [ 16.37476344, 47.9993139 ], [ 16.37476249, 47.99931711 ], [ 16.37471265, 47.99952036 ], [ 16.37468272, 47.99972536 ], [ 16.37467856, 47.99977404 ], [ 16.37453516, 48.00171843 ], [ 16.37453264, 48.00174929 ], [ 16.37452774, 48.00180398 ], [ 16.37449769, 48.00213955 ], [ 16.37444039, 48.00277937 ], [ 16.37520417, 48.00278295 ], [ 16.37551995, 48.00277035 ], [ 16.38383054, 48.00282036 ], [ 16.38383472, 48.00294419 ], [ 16.38385756, 48.00362133 ], [ 16.38401064, 48.00452447 ], [ 16.38411333, 48.00513029 ], [ 16.38421676, 48.0051026 ], [ 16.38428856, 48.00508336 ], [ 16.3844621, 48.00503617 ], [ 16.38604784, 48.00460488 ], [ 16.38737211, 48.00427864 ], [ 16.38931494, 48.00380416 ], [ 16.3894256, 48.00377668 ], [ 16.38943672, 48.00377442 ], [ 16.38957855, 48.00374095 ], [ 16.38967226, 48.00371884 ], [ 16.38970213, 48.00371179 ], [ 16.38974956, 48.00370089 ], [ 16.38982807, 48.00368233 ], [ 16.38991757, 48.00366115 ], [ 16.39077087, 48.0034596 ], [ 16.3917422, 48.00323012 ], [ 16.39174843, 48.00323128 ], [ 16.39185295, 48.00324886 ], [ 16.40254048, 48.00504558 ], [ 16.40240305, 48.00492795 ], [ 16.40221056, 48.00475173 ], [ 16.40202667, 48.00457142 ], [ 16.40185159, 48.0043872 ], [ 16.40168549, 48.00419927 ], [ 16.40152855, 48.00400784 ], [ 16.40138093, 48.00381309 ], [ 16.40124279, 48.00361523 ], [ 16.40111427, 48.00341448 ], [ 16.40099551, 48.00321103 ], [ 16.40088663, 48.00300512 ], [ 16.40078775, 48.00279694 ], [ 16.40069897, 48.00258672 ], [ 16.40062038, 48.00237469 ], [ 16.40055206, 48.00216105 ], [ 16.40049409, 48.00194605 ], [ 16.40044653, 48.0017299 ], [ 16.40040943, 48.00151282 ], [ 16.40038282, 48.00129505 ], [ 16.40036673, 48.00107682 ], [ 16.40036119, 48.00085836 ], [ 16.40036379, 48.00074247 ], [ 16.40036599, 48.00064419 ] ] ] } },
{ "type": "Feature", "properties": { "ID": 2, "ZONE": "IN05", "AREA_HA": 753.275723, "COMMUNITIES": "Ebreichsdorf, Oberwaltersdorf, Pottendorf, Tattendorf", "LEGALFOUNDATIONDATE": "2024-09-01T00:00:00", "LEGISLATIONCODE": "NÖ LGBl. Nr. 47/2024", "LEGISLATIONTITLE": "Sektorales Raumordnungsprogramm über die Windkraftnutzung in Niederösterreich - Änderung", "LASTUPDATE": "2024-09-03T00:00:00" }, "geometry": { "type": "Polygon", "coordinates": [ [ [ 16.36724846, 47.96970967 ], [ 16.36766712, 47.96996755 ], [ 16.36840366, 47.96989877 ], [ 16.36881787, 47.97008147 ], [ 16.36933047, 47.97030757 ], [ 16.36914249, 47.96909237 ], [ 16.3731172, 47.96657232 ], [ 16.3730642, 47.96649442 ], [ 16.37292036, 47.96626493 ], [ 16.37291494, 47.96625621 ], [ 16.37285312, 47.96614607 ], [ 16.37280217, 47.96603345 ], [ 16.37279612, 47.96601805 ], [ 16.37272935, 47.9658449 ], [ 16.37269552, 47.96574569 ], [ 16.37267945, 47.96568642 ], [ 16.37259542, 47.96534395 ], [ 16.37257798, 47.96529434 ], [ 16.37247138, 47.96510262 ], [ 16.37244469, 47.96505236 ], [ 16.37239374, 47.96493974 ], [ 16.37235386, 47.96482512 ], [ 16.37232523, 47.964709 ], [ 16.37230797, 47.96459187 ], [ 16.37230216, 47.96447423 ], [ 16.37230781, 47.96435659 ], [ 16.3723249, 47.96423944 ], [ 16.37235337, 47.9641233 ], [ 16.37239309, 47.96400866 ], [ 16.37244388, 47.96389601 ], [ 16.37250554, 47.96378583 ], [ 16.37257779, 47.96367859 ], [ 16.37266033, 47.96357476 ], [ 16.37275281, 47.96347477 ], [ 16.37285482, 47.96337907 ], [ 16.37296593, 47.96328804 ], [ 16.37308567, 47.9632021 ], [ 16.37321352, 47.96312159 ], [ 16.37334894, 47.96304688 ], [ 16.37349134, 47.96297827 ], [ 16.37364012, 47.96291607 ], [ 16.37379464, 47.96286053 ], [ 16.37395423, 47.9628119 ], [ 16.37411822, 47.96277039 ], [ 16.3742859, 47.96273616 ], [ 16.37441718, 47.96271556 ], [ 16.37425607, 47.96252102 ], [ 16.3742235, 47.96228167 ], [ 16.37419077, 47.96182473 ], [ 16.37412585, 47.96165068 ], [ 16.37402864, 47.96162895 ], [ 16.37402849, 47.96143311 ], [ 16.37367132, 47.96032349 ], [ 16.37357377, 47.95982306 ], [ 16.37341135, 47.95921384 ], [ 16.37315158, 47.9583653 ], [ 16.37246951, 47.95584141 ], [ 16.37243693, 47.9555803 ], [ 16.37211218, 47.95440539 ], [ 16.37185256, 47.95370916 ], [ 16.37170636, 47.95307818 ], [ 16.37131685, 47.95188152 ], [ 16.37115433, 47.95105471 ], [ 16.37086226, 47.95022793 ], [ 16.37076493, 47.9499886 ], [ 16.37060217, 47.94877011 ], [ 16.3711846, 47.94792131 ], [ 16.37188014, 47.94674608 ], [ 16.37233319, 47.94620195 ], [ 16.37278612, 47.94550549 ], [ 16.37307745, 47.9452878 ], [ 16.37268856, 47.94493977 ], [ 16.37268852, 47.94488653 ], [ 16.37268845, 47.94478746 ], [ 16.37281919, 47.94475813 ], [ 16.37288274, 47.94474387 ], [ 16.37320679, 47.94500488 ], [ 16.37343369, 47.94526593 ], [ 16.37333664, 47.94541828 ], [ 16.37314244, 47.94559242 ], [ 16.37307771, 47.94565772 ], [ 16.37268942, 47.94615831 ], [ 16.37230115, 47.94670243 ], [ 16.37200995, 47.94711595 ], [ 16.37171874, 47.94752947 ], [ 16.37152464, 47.94785593 ], [ 16.37149232, 47.94796474 ], [ 16.37145999, 47.94805178 ], [ 16.37144576, 47.94806831 ], [ 16.371104, 47.94846533 ], [ 16.37100695, 47.94863943 ], [ 16.37087754, 47.94885707 ], [ 16.37107262, 47.94996675 ], [ 16.37139706, 47.95075 ], [ 16.3715595, 47.95146801 ], [ 16.37162456, 47.95188143 ], [ 16.37198166, 47.95303457 ], [ 16.37274466, 47.95555844 ], [ 16.37274479, 47.95575428 ], [ 16.37349181, 47.95847399 ], [ 16.37376785, 47.95940956 ], [ 16.37379283, 47.95948073 ], [ 16.3738977, 47.95977943 ], [ 16.37393026, 47.95999701 ], [ 16.3739303, 47.9599972 ], [ 16.37422369, 47.95995995 ], [ 16.37435591, 47.9599599 ], [ 16.37443655, 47.95992177 ], [ 16.37455277, 47.95986683 ], [ 16.37559318, 47.9593749 ], [ 16.37607566, 47.95909024 ], [ 16.37611489, 47.95866965 ], [ 16.37602266, 47.95858457 ], [ 16.37600374, 47.95852837 ], [ 16.37599207, 47.95849338 ], [ 16.37600043, 47.95844462 ], [ 16.37600872, 47.95839633 ], [ 16.37621203, 47.95815908 ], [ 16.37799, 47.9521556 ], [ 16.3780099, 47.95208837 ], [ 16.37820281, 47.95193704 ], [ 16.37913488, 47.95249298 ], [ 16.37923689, 47.95240385 ], [ 16.37945443, 47.95239253 ], [ 16.38022387, 47.95295405 ], [ 16.38053805, 47.9531221 ], [ 16.38080611, 47.95326548 ], [ 16.38084142, 47.95322091 ], [ 16.38091291, 47.95313891 ], [ 16.38117259, 47.95284106 ], [ 16.38134394, 47.9526534 ], [ 16.38152654, 47.9524706 ], [ 16.38190268, 47.95211014 ], [ 16.38209623, 47.95193249 ], [ 16.3823004, 47.95176029 ], [ 16.38271902, 47.95142162 ], [ 16.38293347, 47.95125516 ], [ 16.38315785, 47.95109471 ], [ 16.38362011, 47.95077759 ], [ 16.38354779, 47.95070653 ], [ 16.3834314, 47.95063887 ], [ 16.38295384, 47.95033747 ], [ 16.38257457, 47.95007774 ], [ 16.38243425, 47.94997991 ], [ 16.3822703, 47.94986296 ], [ 16.38222293, 47.94982627 ], [ 16.38208477, 47.94971928 ], [ 16.38205556, 47.94969667 ], [ 16.3820521, 47.94969387 ], [ 16.38193378, 47.94960277 ], [ 16.38193124, 47.94960086 ], [ 16.38193253, 47.94960085 ], [ 16.38193464, 47.94960086 ], [ 16.38193675, 47.9496009 ], [ 16.3819369, 47.9496009 ], [ 16.38188757, 47.94956108 ], [ 16.3818875, 47.94956155 ], [ 16.38188731, 47.94956269 ], [ 16.38188709, 47.94956383 ], [ 16.38188683, 47.94956496 ], [ 16.38188655, 47.94956609 ], [ 16.38188633, 47.94956691 ], [ 16.38188258, 47.94956382 ], [ 16.38179193, 47.94948912 ], [ 16.381792, 47.94948912 ], [ 16.3817937, 47.94948915 ], [ 16.3817954, 47.9494892 ], [ 16.38179711, 47.94948927 ], [ 16.38179869, 47.94948935 ], [ 16.38163636, 47.94935834 ], [ 16.38139914, 47.94915736 ], [ 16.38133399, 47.94909938 ], [ 16.38130158, 47.94907034 ], [ 16.38118906, 47.94896879 ], [ 16.38104478, 47.94883857 ], [ 16.38100949, 47.94880557 ], [ 16.38097501, 47.94878243 ], [ 16.37973659, 47.94763622 ], [ 16.37929525, 47.94683837 ], [ 16.37918889, 47.94668213 ], [ 16.37906487, 47.94647835 ], [ 16.3790321, 47.94642122 ], [ 16.37890069, 47.94619618 ], [ 16.37890383, 47.94619754 ], [ 16.37882931, 47.94606758 ], [ 16.37861889, 47.94565071 ], [ 16.37843395, 47.9452284 ], [ 16.37834789, 47.94501598 ], [ 16.37827481, 47.94480138 ], [ 16.37814172, 47.94437035 ], [ 16.37808173, 47.94415393 ], [ 16.37803492, 47.94393603 ], [ 16.37795457, 47.94349915 ], [ 16.37790082, 47.94306045 ], [ 16.37787374, 47.94262062 ], [ 16.37786688, 47.94240051 ], [ 16.37787338, 47.94218041 ], [ 16.37789975, 47.94174056 ], [ 16.3779528, 47.94130181 ], [ 16.37803243, 47.94086487 ], [ 16.37807888, 47.94064694 ], [ 16.37813853, 47.94043047 ], [ 16.3782709, 47.93999935 ], [ 16.37834363, 47.9397847 ], [ 16.37842933, 47.93957221 ], [ 16.37861355, 47.93914977 ], [ 16.37882326, 47.93873273 ], [ 16.3790581, 47.93832179 ], [ 16.37918176, 47.93811792 ], [ 16.3793177, 47.93791761 ], [ 16.37960161, 47.93752089 ], [ 16.37990934, 47.9371323 ], [ 16.38024041, 47.93675245 ], [ 16.38041172, 47.93656479 ], [ 16.38059426, 47.93638199 ], [ 16.37913669, 47.93426862 ], [ 16.37664435, 47.93275239 ], [ 16.37266473, 47.93405808 ], [ 16.37233996, 47.93424127 ], [ 16.37216113, 47.93396915 ], [ 16.3711572, 47.93244139 ], [ 16.37088852, 47.93214889 ], [ 16.37075611, 47.9317653 ], [ 16.37045312, 47.9314523 ], [ 16.36911604, 47.92933723 ], [ 16.36904789, 47.9287091 ], [ 16.36805163, 47.92737363 ], [ 16.36734018, 47.92754013 ], [ 16.36650488, 47.92787845 ], [ 16.36604945, 47.92792636 ], [ 16.36496424, 47.92621335 ], [ 16.36496413, 47.92621339 ], [ 16.36468261, 47.92591669 ], [ 16.36375346, 47.92464657 ], [ 16.36373404, 47.92465297 ], [ 16.36370309, 47.92466337 ], [ 16.36300237, 47.92486759 ], [ 16.36213783, 47.92506361 ], [ 16.36063463, 47.9254516 ], [ 16.36031565, 47.92554213 ], [ 16.36004716, 47.92560323 ], [ 16.35756345, 47.92624423 ], [ 16.35688631, 47.92636434 ], [ 16.3558134, 47.9266183 ], [ 16.35510482, 47.92676543 ], [ 16.35478649, 47.92683152 ], [ 16.35405559, 47.92699744 ], [ 16.35402191, 47.92700395 ], [ 16.35349206, 47.92714211 ], [ 16.35335481, 47.9272016 ], [ 16.35282495, 47.92748332 ], [ 16.35268059, 47.92752039 ], [ 16.35193442, 47.92771404 ], [ 16.35143563, 47.92788596 ], [ 16.35100175, 47.9280618 ], [ 16.35095572, 47.92807318 ], [ 16.3489241, 47.92860041 ], [ 16.34874785, 47.92860605 ], [ 16.34874781, 47.92860606 ], [ 16.34836126, 47.92864117 ], [ 16.34800331, 47.92873397 ], [ 16.34795991, 47.9287202 ], [ 16.34786044, 47.92874584 ], [ 16.34770386, 47.92877467 ], [ 16.34767828, 47.92878211 ], [ 16.34757904, 47.92880702 ], [ 16.34747658, 47.92883267 ], [ 16.3473767, 47.92885819 ], [ 16.34727179, 47.92888553 ], [ 16.34716895, 47.92891194 ], [ 16.34706694, 47.92893879 ], [ 16.34696308, 47.92896493 ], [ 16.34685754, 47.92899203 ], [ 16.34675, 47.92902022 ], [ 16.34664513, 47.92904736 ], [ 16.34653769, 47.92907421 ], [ 16.34642983, 47.92910274 ], [ 16.34631878, 47.92913262 ], [ 16.34621313, 47.9291596 ], [ 16.34610489, 47.92918772 ], [ 16.3459926, 47.92921593 ], [ 16.34588204, 47.92924513 ], [ 16.34576913, 47.92927344 ], [ 16.34565673, 47.92930184 ], [ 16.34554455, 47.92933244 ], [ 16.34543196, 47.92936181 ], [ 16.34531432, 47.92939235 ], [ 16.34519862, 47.92942241 ], [ 16.34508404, 47.92945218 ], [ 16.34496455, 47.92948322 ], [ 16.34484594, 47.92951403 ], [ 16.34472818, 47.92954462 ], [ 16.34460605, 47.92957635 ], [ 16.34602261, 47.93056469 ], [ 16.34899543, 47.93304477 ], [ 16.34922126, 47.93323316 ], [ 16.35178713, 47.93521094 ], [ 16.35376475, 47.93592389 ], [ 16.35394692, 47.93598957 ], [ 16.35813261, 47.93749836 ], [ 16.35678563, 47.93870416 ], [ 16.35656551, 47.9389012 ], [ 16.3562259, 47.9392052 ], [ 16.35632181, 47.93923456 ], [ 16.35600484, 47.93945579 ], [ 16.35561259, 47.93974506 ], [ 16.35499374, 47.94016954 ], [ 16.35468175, 47.9403669 ], [ 16.35426611, 47.94063002 ], [ 16.35390333, 47.94084595 ], [ 16.35211583, 47.94209042 ], [ 16.35174895, 47.94234584 ], [ 16.35123926, 47.94270967 ], [ 16.3509741, 47.94293313 ], [ 16.3509465, 47.94295647 ], [ 16.35215722, 47.9434819 ], [ 16.35294036, 47.94380077 ], [ 16.35446991, 47.94441573 ], [ 16.35470671, 47.94450088 ], [ 16.35539389, 47.94474783 ], [ 16.35539032, 47.94480239 ], [ 16.35566596, 47.94489776 ], [ 16.35586881, 47.9449864 ], [ 16.3568255, 47.94535443 ], [ 16.35702231, 47.94542931 ], [ 16.35724455, 47.94551543 ], [ 16.35730386, 47.94553844 ], [ 16.35778236, 47.94572254 ], [ 16.35799965, 47.94580928 ], [ 16.35826072, 47.94590654 ], [ 16.35873909, 47.94609055 ], [ 16.3592176, 47.94627455 ], [ 16.35959609, 47.94642521 ], [ 16.35969596, 47.94645856 ], [ 16.35991595, 47.94654314 ], [ 16.35986447, 47.94658587 ], [ 16.35920267, 47.94713516 ], [ 16.35898729, 47.94731392 ], [ 16.35896783, 47.94733007 ], [ 16.35879699, 47.94747187 ], [ 16.35875215, 47.94750702 ], [ 16.35880078, 47.9476538 ], [ 16.35848543, 47.94782277 ], [ 16.35624136, 47.94962106 ], [ 16.35521797, 47.95030893 ], [ 16.35518177, 47.95035318 ], [ 16.35526334, 47.95044453 ], [ 16.35566746, 47.95065093 ], [ 16.35605754, 47.95085017 ], [ 16.35651976, 47.95108285 ], [ 16.35786291, 47.95170643 ], [ 16.35884711, 47.95218683 ], [ 16.35879914, 47.95223026 ], [ 16.35888816, 47.95227508 ], [ 16.35872171, 47.95240973 ], [ 16.35864423, 47.95237051 ], [ 16.35860959, 47.95240188 ], [ 16.35839465, 47.95264222 ], [ 16.35793208, 47.95303382 ], [ 16.35739375, 47.95348575 ], [ 16.35732064, 47.95354713 ], [ 16.35690825, 47.95389373 ], [ 16.35646577, 47.95430639 ], [ 16.35627254, 47.95448714 ], [ 16.35574299, 47.95483011 ], [ 16.3556316, 47.95488839 ], [ 16.35558039, 47.95491572 ], [ 16.35437637, 47.95558046 ], [ 16.35270727, 47.95651164 ], [ 16.3527366, 47.95654212 ], [ 16.35269497, 47.9565647 ], [ 16.35641454, 47.95986682 ], [ 16.35646741, 47.95991375 ], [ 16.35643268, 47.95993057 ], [ 16.35613042, 47.96007695 ], [ 16.35567331, 47.96029834 ], [ 16.35554677, 47.96037354 ], [ 16.35512352, 47.96056459 ], [ 16.35421997, 47.96100217 ], [ 16.3542398, 47.96102272 ], [ 16.35400469, 47.96117789 ], [ 16.3538112, 47.96120013 ], [ 16.35365039, 47.961278 ], [ 16.35151453, 47.96231025 ], [ 16.35146131, 47.96233596 ], [ 16.35144088, 47.96234893 ], [ 16.35144419, 47.96238228 ], [ 16.35133569, 47.96241571 ], [ 16.35120854, 47.96249641 ], [ 16.35120322, 47.96250035 ], [ 16.35117043, 47.9625206 ], [ 16.35102079, 47.96261307 ], [ 16.35099987, 47.96264736 ], [ 16.35098521, 47.96267198 ], [ 16.35096894, 47.96269934 ], [ 16.35096892, 47.96269937 ], [ 16.35094382, 47.96275164 ], [ 16.35092915, 47.9627978 ], [ 16.35091123, 47.96285422 ], [ 16.35092044, 47.96291603 ], [ 16.35092045, 47.96291605 ], [ 16.35100081, 47.96299193 ], [ 16.35104766, 47.9630335 ], [ 16.35104769, 47.96303352 ], [ 16.35115901, 47.96310742 ], [ 16.35122933, 47.96316277 ], [ 16.35126616, 47.9631653 ], [ 16.35126199, 47.96324511 ], [ 16.35123438, 47.96326564 ], [ 16.35120342, 47.96326536 ], [ 16.3512026, 47.96330413 ], [ 16.35120259, 47.96330415 ], [ 16.35113818, 47.96337694 ], [ 16.35111642, 47.96340168 ], [ 16.35112648, 47.96344242 ], [ 16.351129, 47.96345198 ], [ 16.35114054, 47.96347099 ], [ 16.35114572, 47.96347951 ], [ 16.35114573, 47.96347954 ], [ 16.35121776, 47.96364899 ], [ 16.35123919, 47.96370612 ], [ 16.3512392, 47.96370617 ], [ 16.35252804, 47.96351792 ], [ 16.35353623, 47.96421414 ], [ 16.3555428, 47.96317899 ], [ 16.35574701, 47.96320172 ], [ 16.35591351, 47.96308983 ], [ 16.35721996, 47.96314666 ], [ 16.36014465, 47.96347959 ], [ 16.36016521, 47.96348193 ], [ 16.35994979, 47.96359363 ], [ 16.35954606, 47.96380298 ], [ 16.35788678, 47.96466335 ], [ 16.35762433, 47.96485091 ], [ 16.35735297, 47.96504483 ], [ 16.35798916, 47.96531424 ], [ 16.35919383, 47.96599021 ], [ 16.35953032, 47.96606799 ], [ 16.36057227, 47.96665121 ], [ 16.36057218, 47.96665129 ], [ 16.36075302, 47.96691092 ], [ 16.36091621, 47.96731541 ], [ 16.36105517, 47.96784475 ], [ 16.36105529, 47.96784474 ], [ 16.3616061, 47.96800228 ], [ 16.3622079, 47.96800215 ], [ 16.36228164, 47.96802783 ], [ 16.36253936, 47.96801939 ], [ 16.36355983, 47.96804295 ], [ 16.36416606, 47.9681157 ], [ 16.3640718, 47.96808882 ], [ 16.36435153, 47.9681683 ], [ 16.36616159, 47.96900171 ], [ 16.36639261, 47.96901177 ], [ 16.36716542, 47.96942864 ], [ 16.36724846, 47.96970967 ] ] ] } },
{ "type": "Feature", "properties": { "ID": 3, "ZONE": "IN06", "AREA_HA": 381.98202, "COMMUNITIES": "Ebreichsdorf, Reisenberg, Seibersdorf", "LEGALFOUNDATIONDATE": "2024-09-01T00:00:00", "LEGISLATIONCODE": "NÖ LGBl. Nr. 47/2024", "LEGISLATIONTITLE": "Sektorales Raumordnungsprogramm über die Windkraftnutzung in Niederösterreich - Änderung", "LASTUPDATE": "2024-09-03T00:00:00" }, "geometry": { "type": "MultiPolygon", "coordinates": [ [ [ [ 16.47068029, 47.96899338 ], [ 16.47099288, 47.96876952 ], [ 16.47154379, 47.96899236 ], [ 16.47233124, 47.96931088 ], [ 16.47334853, 47.9697223 ], [ 16.47388064, 47.96993759 ], [ 16.47413604, 47.9700408 ], [ 16.47443837, 47.97016313 ], [ 16.4745837, 47.97022193 ], [ 16.47489568, 47.9703481 ], [ 16.47531834, 47.97054391 ], [ 16.47576701, 47.97075175 ], [ 16.47619705, 47.97095088 ], [ 16.47697789, 47.97131255 ], [ 16.47708798, 47.97136359 ], [ 16.47762289, 47.97161133 ], [ 16.47785783, 47.97172013 ], [ 16.47835645, 47.97201252 ], [ 16.47837396, 47.9719991 ], [ 16.47841071, 47.97197082 ], [ 16.47895757, 47.9722916 ], [ 16.47948595, 47.97260154 ], [ 16.48046331, 47.97317483 ], [ 16.48098088, 47.97347762 ], [ 16.48141046, 47.97372892 ], [ 16.48260203, 47.97442598 ], [ 16.48269587, 47.97448088 ], [ 16.48271281, 47.97449079 ], [ 16.48276026, 47.97445497 ], [ 16.48282066, 47.97440936 ], [ 16.48282666, 47.97440484 ], [ 16.48282675, 47.97440476 ], [ 16.48401578, 47.97347375 ], [ 16.48469744, 47.9729427 ], [ 16.48478572, 47.97286047 ], [ 16.48478674, 47.97285923 ], [ 16.48456768, 47.97276995 ], [ 16.4823271, 47.97185679 ], [ 16.4818995, 47.97167549 ], [ 16.48186321, 47.9716601 ], [ 16.48025462, 47.97097804 ], [ 16.47953809, 47.97066585 ], [ 16.47888102, 47.97036174 ], [ 16.47776886, 47.96984345 ], [ 16.47748303, 47.96969682 ], [ 16.47724721, 47.96977636 ], [ 16.47697772, 47.96978794 ], [ 16.47665842, 47.96964134 ], [ 16.47645543, 47.96948336 ], [ 16.47626993, 47.96929163 ], [ 16.47601787, 47.96924669 ], [ 16.47566382, 47.96924712 ], [ 16.47542837, 47.96915691 ], [ 16.47527636, 47.96896513 ], [ 16.47542722, 47.96872775 ], [ 16.47542701, 47.96864849 ], [ 16.47525859, 47.96858096 ], [ 16.47514005, 47.96838915 ], [ 16.47505587, 47.96820854 ], [ 16.47512259, 47.96811796 ], [ 16.47486842, 47.96759861 ], [ 16.47475061, 47.96736126 ], [ 16.47454875, 47.96730502 ], [ 16.47438016, 47.96748621 ], [ 16.47412805, 47.9674185 ], [ 16.47377445, 47.96727222 ], [ 16.47355516, 47.96727248 ], [ 16.47340355, 47.96722742 ], [ 16.47382359, 47.96686548 ], [ 16.4731933, 47.96653067 ], [ 16.47332766, 47.96638352 ], [ 16.4719972, 47.96586544 ], [ 16.47112918, 47.96548292 ], [ 16.46982003, 47.96589818 ], [ 16.46962117, 47.96596125 ], [ 16.46932114, 47.96604851 ], [ 16.46901704, 47.96612917 ], [ 16.46870919, 47.96620313 ], [ 16.46839792, 47.96627032 ], [ 16.46808355, 47.96633067 ], [ 16.46776643, 47.96638412 ], [ 16.46744688, 47.96643061 ], [ 16.46712525, 47.96647008 ], [ 16.46680188, 47.9665025 ], [ 16.4664771, 47.96652784 ], [ 16.46615127, 47.96654606 ], [ 16.46582473, 47.96655715 ], [ 16.46549782, 47.96656109 ], [ 16.4651709, 47.96655789 ], [ 16.4648443, 47.96654753 ], [ 16.46451838, 47.96653005 ], [ 16.46419348, 47.96650544 ], [ 16.46386995, 47.96647375 ], [ 16.46354812, 47.966435 ], [ 16.46322834, 47.96638924 ], [ 16.46291095, 47.9663365 ], [ 16.46259629, 47.96627686 ], [ 16.46228468, 47.96621037 ], [ 16.46197646, 47.9661371 ], [ 16.46167196, 47.96605713 ], [ 16.46137149, 47.96597055 ], [ 16.46130883, 47.96595085 ], [ 16.46111782, 47.96607273 ], [ 16.46087583, 47.96621746 ], [ 16.46062702, 47.96635686 ], [ 16.46038575, 47.9664834 ], [ 16.46036245, 47.96655966 ], [ 16.46020461, 47.96698691 ], [ 16.4601192, 47.96719945 ], [ 16.46002095, 47.96740948 ], [ 16.45981178, 47.96782666 ], [ 16.45957744, 47.96823777 ], [ 16.45931833, 47.96864212 ], [ 16.45903486, 47.96903903 ], [ 16.45872752, 47.96942785 ], [ 16.45839683, 47.96980791 ], [ 16.45804331, 47.97017861 ], [ 16.45785805, 47.97036358 ], [ 16.45826829, 47.97062573 ], [ 16.45850282, 47.97077956 ], [ 16.4587278, 47.97093967 ], [ 16.45916787, 47.97126593 ], [ 16.45958775, 47.97160397 ], [ 16.45998677, 47.97195323 ], [ 16.46018097, 47.9721306 ], [ 16.46036425, 47.97231314 ], [ 16.46071955, 47.97268308 ], [ 16.46105208, 47.97306243 ], [ 16.4613613, 47.97345058 ], [ 16.4616467, 47.97384687 ], [ 16.46190779, 47.97425065 ], [ 16.46214413, 47.97466125 ], [ 16.46231449, 47.97499736 ], [ 16.46453438, 47.97349719 ], [ 16.46598115, 47.97251941 ], [ 16.46607386, 47.97245676 ], [ 16.46614138, 47.97241112 ], [ 16.46617894, 47.972385 ], [ 16.46623453, 47.97234097 ], [ 16.46628334, 47.97230232 ], [ 16.46840291, 47.97062422 ], [ 16.47068029, 47.96899338 ] ] ], [ [ [ 16.50152837, 47.97528671 ], [ 16.50203287, 47.97516259 ], [ 16.50198182, 47.97521936 ], [ 16.50212469, 47.97518665 ], [ 16.50274938, 47.97505314 ], [ 16.50306376, 47.97499066 ], [ 16.50338167, 47.97493684 ], [ 16.50402049, 47.97483796 ], [ 16.50445311, 47.97478336 ], [ 16.50466447, 47.97469576 ], [ 16.50494692, 47.97458397 ], [ 16.50523592, 47.97448002 ], [ 16.50581999, 47.97428011 ], [ 16.50641569, 47.97409636 ], [ 16.50649427, 47.97407469 ], [ 16.50632436, 47.97394361 ], [ 16.50590415, 47.97360574 ], [ 16.50580013, 47.97351854 ], [ 16.50538593, 47.97328741 ], [ 16.50538556, 47.97317556 ], [ 16.50540439, 47.973161 ], [ 16.50512703, 47.97289689 ], [ 16.5049436, 47.97271443 ], [ 16.50477141, 47.97252709 ], [ 16.50443855, 47.97214786 ], [ 16.50412902, 47.97175983 ], [ 16.50384331, 47.97136364 ], [ 16.50370647, 47.97116358 ], [ 16.50358191, 47.97095995 ], [ 16.50334525, 47.97054944 ], [ 16.50313373, 47.97013279 ], [ 16.50294769, 47.96971069 ], [ 16.5028349, 47.96942654 ], [ 16.50278401, 47.9692827 ], [ 16.50275573, 47.96919992 ], [ 16.50243221, 47.96898794 ], [ 16.50197246, 47.96867418 ], [ 16.50169133, 47.96847222 ], [ 16.50157996, 47.96838799 ], [ 16.50152459, 47.96834568 ], [ 16.50148566, 47.9683156 ], [ 16.50132841, 47.96819035 ], [ 16.50101965, 47.9679367 ], [ 16.50067381, 47.967631 ], [ 16.5002961, 47.96727123 ], [ 16.50011271, 47.96708876 ], [ 16.50009927, 47.96707414 ], [ 16.50009184, 47.9670769 ], [ 16.49987128, 47.96682248 ], [ 16.49960777, 47.96652217 ], [ 16.49929831, 47.96613414 ], [ 16.49901267, 47.96573793 ], [ 16.49887586, 47.96553787 ], [ 16.49875133, 47.96533423 ], [ 16.49851473, 47.9649237 ], [ 16.49830327, 47.96450705 ], [ 16.49811729, 47.96408494 ], [ 16.49803071, 47.96387261 ], [ 16.49795711, 47.96365809 ], [ 16.49782298, 47.9632272 ], [ 16.49776246, 47.96301084 ], [ 16.49771513, 47.96279299 ], [ 16.49763375, 47.9623562 ], [ 16.49757896, 47.96191755 ], [ 16.49755086, 47.96147776 ], [ 16.49754348, 47.96125766 ], [ 16.49754626, 47.96112491 ], [ 16.49745319, 47.96098643 ], [ 16.49732867, 47.96078279 ], [ 16.49709211, 47.96037227 ], [ 16.49688068, 47.95995561 ], [ 16.49669473, 47.95953349 ], [ 16.49660817, 47.95932116 ], [ 16.49653457, 47.95910664 ], [ 16.49640047, 47.95867575 ], [ 16.49633996, 47.95845939 ], [ 16.49629264, 47.95824154 ], [ 16.49621128, 47.95780475 ], [ 16.49615651, 47.9573661 ], [ 16.49614205, 47.95713974 ], [ 16.49612551, 47.95683939 ], [ 16.49612105, 47.95670621 ], [ 16.49612706, 47.95648609 ], [ 16.49615243, 47.95604622 ], [ 16.49620449, 47.95560742 ], [ 16.49628315, 47.9551704 ], [ 16.49632911, 47.95495243 ], [ 16.49638828, 47.9547359 ], [ 16.4965197, 47.95430464 ], [ 16.49659196, 47.95408991 ], [ 16.4966772, 47.95387734 ], [ 16.49686051, 47.95345471 ], [ 16.49706932, 47.95303746 ], [ 16.49730329, 47.95262628 ], [ 16.49742652, 47.95242228 ], [ 16.49756204, 47.95222183 ], [ 16.49784512, 47.95182483 ], [ 16.49815205, 47.95143592 ], [ 16.49848235, 47.95105573 ], [ 16.49865327, 47.95086789 ], [ 16.49883545, 47.95068491 ], [ 16.49921077, 47.95032407 ], [ 16.4994039, 47.95014622 ], [ 16.49960768, 47.94997381 ], [ 16.50002551, 47.94963472 ], [ 16.50023958, 47.94946804 ], [ 16.50046359, 47.94930736 ], [ 16.50092117, 47.94899227 ], [ 16.50128355, 47.94875789 ], [ 16.50154376, 47.94859983 ], [ 16.50167517, 47.94852174 ], [ 16.50195077, 47.94836154 ], [ 16.50195819, 47.94835723 ], [ 16.50211109, 47.94822235 ], [ 16.50240009, 47.94797571 ], [ 16.50270994, 47.94774078 ], [ 16.50334944, 47.94728341 ], [ 16.50367909, 47.94706098 ], [ 16.50402743, 47.94685179 ], [ 16.50474162, 47.94644739 ], [ 16.50510746, 47.94625216 ], [ 16.50548958, 47.94607156 ], [ 16.5062688, 47.94572558 ], [ 16.50663356, 47.94557367 ], [ 16.50657588, 47.94552666 ], [ 16.50601443, 47.94547362 ], [ 16.5056551, 47.94543295 ], [ 16.50522835, 47.94536676 ], [ 16.50480895, 47.94528195 ], [ 16.50469393, 47.94525306 ], [ 16.50446476, 47.94543527 ], [ 16.50419244, 47.94564091 ], [ 16.50378635, 47.94593986 ], [ 16.50350607, 47.94614097 ], [ 16.50321824, 47.9463372 ], [ 16.50292305, 47.94652843 ], [ 16.50262069, 47.94671454 ], [ 16.50231135, 47.9468954 ], [ 16.50199524, 47.94707089 ], [ 16.50167256, 47.9472409 ], [ 16.50134353, 47.94740533 ], [ 16.50100835, 47.94756406 ], [ 16.50066725, 47.94771699 ], [ 16.50032045, 47.94786401 ], [ 16.49996818, 47.94800504 ], [ 16.49961066, 47.94813999 ], [ 16.49924812, 47.94826875 ], [ 16.49888081, 47.94839126 ], [ 16.49850897, 47.94850743 ], [ 16.49813283, 47.94861718 ], [ 16.49775264, 47.94872044 ], [ 16.49750758, 47.94878216 ], [ 16.49743977, 47.94886295 ], [ 16.49741262, 47.94889433 ], [ 16.49732451, 47.94899577 ], [ 16.49729482, 47.94902839 ], [ 16.49725596, 47.9490821 ], [ 16.49723541, 47.94911028 ], [ 16.49714363, 47.94923526 ], [ 16.49680816, 47.94969127 ], [ 16.49677212, 47.94974068 ], [ 16.4967199, 47.94981096 ], [ 16.49651134, 47.95008664 ], [ 16.49633873, 47.95032932 ], [ 16.49629406, 47.95039111 ], [ 16.49616511, 47.95056663 ], [ 16.49603523, 47.95074332 ], [ 16.49587324, 47.95096214 ], [ 16.49583355, 47.9510167 ], [ 16.49568581, 47.95122094 ], [ 16.49537885, 47.95160985 ], [ 16.49504853, 47.95199002 ], [ 16.4946954, 47.95236083 ], [ 16.49435014, 47.95269493 ], [ 16.49401635, 47.95299325 ], [ 16.49384561, 47.95314048 ], [ 16.49354851, 47.95338773 ], [ 16.49351701, 47.95341378 ], [ 16.49345383, 47.95346569 ], [ 16.49320805, 47.95365822 ], [ 16.49276989, 47.95398555 ], [ 16.49254584, 47.95414622 ], [ 16.49231222, 47.95430061 ], [ 16.49183579, 47.95460286 ], [ 16.49134142, 47.95489179 ], [ 16.4908299, 47.95516694 ], [ 16.49056994, 47.95530102 ], [ 16.49030207, 47.95542785 ], [ 16.48975885, 47.95567408 ], [ 16.4894835, 47.95579346 ], [ 16.48920112, 47.95590521 ], [ 16.48862982, 47.95612087 ], [ 16.4880459, 47.95632069 ], [ 16.48745032, 47.95650434 ], [ 16.48714974, 47.95659208 ], [ 16.48684408, 47.95667152 ], [ 16.48622819, 47.95682195 ], [ 16.48560369, 47.95695537 ], [ 16.48497159, 47.95707157 ], [ 16.48433297, 47.95717035 ], [ 16.48368887, 47.95725155 ], [ 16.48336557, 47.95728773 ], [ 16.48304035, 47.95731503 ], [ 16.48238854, 47.95736068 ], [ 16.48173451, 47.95738843 ], [ 16.48107933, 47.95739824 ], [ 16.48075158, 47.95739866 ], [ 16.48042408, 47.95739009 ], [ 16.47976988, 47.95736399 ], [ 16.47911782, 47.95731998 ], [ 16.47846898, 47.95725814 ], [ 16.47782444, 47.95717857 ], [ 16.47718526, 47.9570814 ], [ 16.47686714, 47.95702844 ], [ 16.47655339, 47.95696843 ], [ 16.47599132, 47.9571075 ], [ 16.47536679, 47.95724087 ], [ 16.47482154, 47.95734105 ], [ 16.47490833, 47.95749221 ], [ 16.47501595, 47.95769955 ], [ 16.47511348, 47.95790913 ], [ 16.47520079, 47.95812074 ], [ 16.47527781, 47.95833414 ], [ 16.47534445, 47.95854911 ], [ 16.47540063, 47.95876542 ], [ 16.4754463, 47.95898285 ], [ 16.47548141, 47.95920116 ], [ 16.47550593, 47.95942013 ], [ 16.47551982, 47.95963951 ], [ 16.47552307, 47.95985908 ], [ 16.47551568, 47.96007861 ], [ 16.47549765, 47.96029785 ], [ 16.47546901, 47.96051659 ], [ 16.47542979, 47.96073459 ], [ 16.47538002, 47.96095161 ], [ 16.47531976, 47.96116743 ], [ 16.47524907, 47.96138181 ], [ 16.47516803, 47.96159454 ], [ 16.47507672, 47.96180539 ], [ 16.47497524, 47.96201412 ], [ 16.4748637, 47.96222053 ], [ 16.47474221, 47.96242439 ], [ 16.47461091, 47.96262548 ], [ 16.47446993, 47.9628236 ], [ 16.47431942, 47.96301853 ], [ 16.47415955, 47.96321006 ], [ 16.47399047, 47.963398 ], [ 16.47381238, 47.96358215 ], [ 16.47362545, 47.9637623 ], [ 16.47342989, 47.96393827 ], [ 16.47322591, 47.96410987 ], [ 16.47301371, 47.96427692 ], [ 16.47279353, 47.96443924 ], [ 16.47277641, 47.96445106 ], [ 16.47290926, 47.964499 ], [ 16.47316708, 47.96459207 ], [ 16.47336418, 47.96466322 ], [ 16.47342061, 47.96468357 ], [ 16.47361226, 47.96474512 ], [ 16.47410936, 47.9649047 ], [ 16.47423696, 47.96494781 ], [ 16.47457177, 47.9650609 ], [ 16.47480445, 47.96513959 ], [ 16.47485069, 47.96515518 ], [ 16.4751677, 47.96527027 ], [ 16.47518767, 47.96527752 ], [ 16.47550857, 47.96539397 ], [ 16.47559369, 47.9654249 ], [ 16.47596432, 47.96555944 ], [ 16.47619086, 47.96564163 ], [ 16.47653001, 47.96577405 ], [ 16.47692856, 47.9659296 ], [ 16.47695175, 47.96593866 ], [ 16.4772538, 47.96606465 ], [ 16.47751134, 47.96617198 ], [ 16.47761564, 47.96621179 ], [ 16.47779328, 47.96628666 ], [ 16.47827526, 47.96648977 ], [ 16.47889658, 47.96676537 ], [ 16.47895301, 47.96678419 ], [ 16.47961798, 47.96710416 ], [ 16.47971882, 47.96715233 ], [ 16.48004735, 47.9673094 ], [ 16.48029194, 47.96742627 ], [ 16.48084513, 47.96770429 ], [ 16.48098969, 47.96777588 ], [ 16.48146965, 47.96801351 ], [ 16.48203929, 47.96828097 ], [ 16.48209588, 47.96830752 ], [ 16.48263101, 47.96853842 ], [ 16.48274337, 47.96858694 ], [ 16.48339962, 47.96883774 ], [ 16.48378638, 47.96897727 ], [ 16.48406951, 47.96907709 ], [ 16.48473786, 47.96929217 ], [ 16.48504305, 47.96939333 ], [ 16.48544404, 47.96952625 ], [ 16.48606479, 47.96973002 ], [ 16.486123, 47.96974913 ], [ 16.48673208, 47.96995057 ], [ 16.48680774, 47.96997559 ], [ 16.4874989, 47.97019916 ], [ 16.48814705, 47.97040983 ], [ 16.48820778, 47.97043268 ], [ 16.48826838, 47.97045544 ], [ 16.48884628, 47.97064075 ], [ 16.48899012, 47.97068772 ], [ 16.48951924, 47.97086047 ], [ 16.49020507, 47.97108403 ], [ 16.49087523, 47.97130419 ], [ 16.49118262, 47.97140572 ], [ 16.49153775, 47.97152301 ], [ 16.49176123, 47.97159735 ], [ 16.49221892, 47.97174971 ], [ 16.49291737, 47.9719736 ], [ 16.49304396, 47.97201656 ], [ 16.49360433, 47.97220676 ], [ 16.49429771, 47.97243559 ], [ 16.49469337, 47.9725635 ], [ 16.49476532, 47.97258676 ], [ 16.49488319, 47.97263399 ], [ 16.49636696, 47.97316353 ], [ 16.49706104, 47.97341124 ], [ 16.49718016, 47.97345604 ], [ 16.49805519, 47.97378514 ], [ 16.49823738, 47.97388408 ], [ 16.498883, 47.97424111 ], [ 16.49886878, 47.97425557 ], [ 16.49882505, 47.97430001 ], [ 16.49864213, 47.97450423 ], [ 16.49834773, 47.9748329 ], [ 16.49780322, 47.97544076 ], [ 16.49796805, 47.97570207 ], [ 16.49838935, 47.97637001 ], [ 16.4984174, 47.97641448 ], [ 16.49859298, 47.9763349 ], [ 16.49915088, 47.97610373 ], [ 16.49943335, 47.97599195 ], [ 16.49972237, 47.97588801 ], [ 16.50030647, 47.97568813 ], [ 16.50090221, 47.97550442 ], [ 16.50150863, 47.97533716 ], [ 16.50160037, 47.97531331 ], [ 16.50152837, 47.97528671 ] ], [ [ 16.48703377, 47.96551576 ], [ 16.48706199, 47.96555702 ], [ 16.48721535, 47.96578122 ], [ 16.48733448, 47.96591749 ], [ 16.48737666, 47.96596575 ], [ 16.48778771, 47.96643595 ], [ 16.48778759, 47.966436 ], [ 16.48807899, 47.96685593 ], [ 16.48828054, 47.96714955 ], [ 16.48829074, 47.96717324 ], [ 16.48831958, 47.96720621 ], [ 16.48831946, 47.96720626 ], [ 16.4884344, 47.9673737 ], [ 16.48971425, 47.96923812 ], [ 16.48971632, 47.9692411 ], [ 16.48920296, 47.96968938 ], [ 16.48853376, 47.97011747 ], [ 16.48826515, 47.97014059 ], [ 16.48776387, 47.9696022 ], [ 16.48604893, 47.96704129 ], [ 16.48527382, 47.96614238 ], [ 16.48513996, 47.96587303 ], [ 16.4849051, 47.9656929 ], [ 16.48463508, 47.96522024 ], [ 16.48423219, 47.96481661 ], [ 16.4830884, 47.96315484 ], [ 16.48330764, 47.96314331 ], [ 16.48355746, 47.96299685 ], [ 16.4835393, 47.96234099 ], [ 16.48452622, 47.96217964 ], [ 16.48455043, 47.96217693 ], [ 16.4849552, 47.9627518 ], [ 16.48510061, 47.96294571 ], [ 16.48576968, 47.96366766 ], [ 16.48703377, 47.96551576 ] ] ] ] } },
{ "type": "Feature", "properties": { "ID": 1, "ZONE": "IN07", "AREA_HA": 370.016308, "COMMUNITIES": "Au am Leithaberge, Hof am Leithaberge, Mannersdorf am Leithagebirge", "LEGALFOUNDATIONDATE": "2024-09-01T00:00:00", "LEGISLATIONCODE": "NÖ LGBl. Nr. 47/2024", "LEGISLATIONTITLE": "Sektorales Raumordnungsprogramm über die Windkraftnutzung in Niederösterreich - Änderung", "LASTUPDATE": "2024-09-03T00:00:00" }, "geometry": { "type": "MultiPolygon", "coordinates": [ [ [ [ 16.53857867, 47.93468489 ], [ 16.53811764, 47.93439417 ], [ 16.53778998, 47.93417062 ], [ 16.53776053, 47.93437512 ], [ 16.53726457, 47.93438181 ], [ 16.53715528, 47.93438329 ], [ 16.53573343, 47.93440246 ], [ 16.53302317, 47.93403236 ], [ 16.5322434, 47.93383143 ], [ 16.52981398, 47.93232177 ], [ 16.53003602, 47.93207157 ], [ 16.52861965, 47.93150389 ], [ 16.5283542, 47.93140447 ], [ 16.52801594, 47.93127778 ], [ 16.52797465, 47.93137702 ], [ 16.52785418, 47.93155026 ], [ 16.52770861, 47.93166652 ], [ 16.52751744, 47.9317557 ], [ 16.52724188, 47.93182667 ], [ 16.5269737, 47.93186354 ], [ 16.52672766, 47.93194259 ], [ 16.52672742, 47.93194279 ], [ 16.52640255, 47.93237014 ], [ 16.52589868, 47.93303301 ], [ 16.52578058, 47.93323515 ], [ 16.52550653, 47.93368367 ], [ 16.52532635, 47.93392751 ], [ 16.52507596, 47.93411526 ], [ 16.52471888, 47.93425543 ], [ 16.52452949, 47.93428806 ], [ 16.52452429, 47.93428896 ], [ 16.52452404, 47.934289 ], [ 16.52389044, 47.93448851 ], [ 16.52350934, 47.93460851 ], [ 16.52328711, 47.93500801 ], [ 16.52223445, 47.9369003 ], [ 16.52223429, 47.93690076 ], [ 16.52218358, 47.93712817 ], [ 16.52218185, 47.93735724 ], [ 16.52219815, 47.93744391 ], [ 16.52222265, 47.93757428 ], [ 16.52231379, 47.93783386 ], [ 16.52234763, 47.93805145 ], [ 16.52226892, 47.93827076 ], [ 16.52208839, 47.93846333 ], [ 16.52183831, 47.93863371 ], [ 16.52167512, 47.9387741 ], [ 16.52153558, 47.93889689 ], [ 16.52141856, 47.93923117 ], [ 16.52137968, 47.93934224 ], [ 16.52146158, 47.93937246 ], [ 16.52157265, 47.93941437 ], [ 16.52194509, 47.93956916 ], [ 16.52200621, 47.93959678 ], [ 16.52233569, 47.93974748 ], [ 16.52246016, 47.93978091 ], [ 16.52285949, 47.93990171 ], [ 16.52312506, 47.93999417 ], [ 16.52369236, 47.94020262 ], [ 16.52381351, 47.94024824 ], [ 16.52418597, 47.94040302 ], [ 16.52454257, 47.94057384 ], [ 16.52488177, 47.94075996 ], [ 16.52504676, 47.94085999 ], [ 16.52509604, 47.94089089 ], [ 16.52523029, 47.9409507 ], [ 16.5252361, 47.94095329 ], [ 16.5255927, 47.94112411 ], [ 16.52593192, 47.94131023 ], [ 16.52594721, 47.94131922 ], [ 16.5262108, 47.94147472 ], [ 16.52624843, 47.94148981 ], [ 16.52682513, 47.94170756 ], [ 16.52687833, 47.94172787 ], [ 16.52725081, 47.94188264 ], [ 16.52760743, 47.94205345 ], [ 16.52794666, 47.94223956 ], [ 16.52826705, 47.94244018 ], [ 16.52849978, 47.94260381 ], [ 16.52898423, 47.94283509 ], [ 16.52916875, 47.94292641 ], [ 16.52950799, 47.94311252 ], [ 16.52952328, 47.94312151 ], [ 16.52966598, 47.94320569 ], [ 16.52979974, 47.94326528 ], [ 16.52980555, 47.94326787 ], [ 16.53010346, 47.94340889 ], [ 16.53051814, 47.94361676 ], [ 16.53079046, 47.94374913 ], [ 16.5309285, 47.94381806 ], [ 16.53126775, 47.94400416 ], [ 16.53137764, 47.94407002 ], [ 16.53155215, 47.94417696 ], [ 16.53165999, 47.94423462 ], [ 16.53189237, 47.94436475 ], [ 16.53195691, 47.94440308 ], [ 16.53224086, 47.9445739 ], [ 16.53249673, 47.94473618 ], [ 16.53257819, 47.94479158 ], [ 16.5328174, 47.94488921 ], [ 16.53352681, 47.94519254 ], [ 16.53363751, 47.94524091 ], [ 16.53399417, 47.9454117 ], [ 16.53410105, 47.94546767 ], [ 16.53456482, 47.94571563 ], [ 16.5349969, 47.94592838 ], [ 16.53510124, 47.94598081 ], [ 16.53544053, 47.9461669 ], [ 16.53576097, 47.9463675 ], [ 16.53587139, 47.94644307 ], [ 16.53600988, 47.9465122 ], [ 16.53609348, 47.94655577 ], [ 16.5361587, 47.94657442 ], [ 16.53648281, 47.946674 ], [ 16.53684376, 47.94680212 ], [ 16.5369525, 47.94684362 ], [ 16.53701122, 47.94682725 ], [ 16.5371872, 47.94678265 ], [ 16.53786, 47.94641106 ], [ 16.53895316, 47.94580728 ], [ 16.53956499, 47.94545383 ], [ 16.54057063, 47.94486314 ], [ 16.54096057, 47.94462798 ], [ 16.54102475, 47.94430419 ], [ 16.54117857, 47.94387015 ], [ 16.54130804, 47.94350514 ], [ 16.54152196, 47.94290165 ], [ 16.54155585, 47.94280608 ], [ 16.54166347, 47.94250235 ], [ 16.54166373, 47.94250037 ], [ 16.54170078, 47.94225829 ], [ 16.54170275, 47.9420115 ], [ 16.5416502, 47.9415209 ], [ 16.54162303, 47.94126742 ], [ 16.54161921, 47.94123181 ], [ 16.54160379, 47.94108327 ], [ 16.54157384, 47.9407948 ], [ 16.54155116, 47.9405763 ], [ 16.54148089, 47.93990002 ], [ 16.54147034, 47.93977269 ], [ 16.54145122, 47.93950741 ], [ 16.54146994, 47.9394008 ], [ 16.54147976, 47.93934457 ], [ 16.541526, 47.93909123 ], [ 16.54165681, 47.93876471 ], [ 16.54171685, 47.93861468 ], [ 16.54173977, 47.93855735 ], [ 16.54181863, 47.93836043 ], [ 16.54186197, 47.93825207 ], [ 16.54198058, 47.93795605 ], [ 16.54211257, 47.93762629 ], [ 16.54213167, 47.93758057 ], [ 16.54238873, 47.93696414 ], [ 16.54251998, 47.9366493 ], [ 16.54252488, 47.93663751 ], [ 16.5425818, 47.93649747 ], [ 16.54255409, 47.93648404 ], [ 16.54196044, 47.93628343 ], [ 16.54167091, 47.93618041 ], [ 16.54138786, 47.93606955 ], [ 16.54082876, 47.93584016 ], [ 16.54028406, 47.93559564 ], [ 16.53975465, 47.93533638 ], [ 16.53947594, 47.93519353 ], [ 16.53943132, 47.93516959 ], [ 16.53927315, 47.93508431 ], [ 16.53903913, 47.93495313 ], [ 16.53857867, 47.93468489 ] ] ], [ [ [ 16.57293171, 47.96433077 ], [ 16.57283365, 47.96437592 ], [ 16.57264414, 47.96446316 ], [ 16.57254106, 47.96451057 ], [ 16.57245578, 47.96454987 ], [ 16.57234974, 47.96459868 ], [ 16.57225163, 47.96464385 ], [ 16.57213909, 47.96469565 ], [ 16.57206253, 47.96438499 ], [ 16.5720246, 47.96423109 ], [ 16.56984713, 47.96020137 ], [ 16.5694743, 47.96043575 ], [ 16.56885232, 47.96077967 ], [ 16.56871189, 47.9604732 ], [ 16.56744978, 47.95816261 ], [ 16.56702642, 47.95812259 ], [ 16.56638174, 47.95804352 ], [ 16.56574238, 47.95794684 ], [ 16.56542416, 47.95789412 ], [ 16.56510942, 47.95783273 ], [ 16.56448393, 47.95770136 ], [ 16.56417318, 47.9576314 ], [ 16.56386694, 47.95755297 ], [ 16.56325948, 47.95738779 ], [ 16.56266257, 47.95720611 ], [ 16.56207718, 47.95700821 ], [ 16.56178749, 47.95690525 ], [ 16.56150429, 47.95679444 ], [ 16.56094488, 47.95656514 ], [ 16.5606436, 47.95643538 ], [ 16.56058101, 47.95640706 ], [ 16.5604966, 47.95636861 ], [ 16.56025352, 47.95625333 ], [ 16.55977388, 47.95601681 ], [ 16.5592847, 47.95575532 ], [ 16.5587882, 47.95546801 ], [ 16.55830957, 47.95516734 ], [ 16.5578496, 47.9548538 ], [ 16.55762437, 47.95469387 ], [ 16.55740905, 47.95452791 ], [ 16.55698866, 47.95419023 ], [ 16.5567836, 47.9540185 ], [ 16.55658913, 47.9538413 ], [ 16.55621113, 47.95348172 ], [ 16.5560276, 47.95329934 ], [ 16.55585528, 47.95311208 ], [ 16.55552218, 47.95273299 ], [ 16.55521238, 47.95234511 ], [ 16.55490142, 47.95252624 ], [ 16.55015921, 47.95540528 ], [ 16.5500515, 47.95561279 ], [ 16.54993378, 47.95581783 ], [ 16.54980618, 47.95602019 ], [ 16.54966883, 47.95621964 ], [ 16.54952188, 47.95641599 ], [ 16.54936548, 47.95660901 ], [ 16.54919981, 47.95679851 ], [ 16.54902503, 47.95698428 ], [ 16.54884134, 47.95716613 ], [ 16.54864892, 47.95734387 ], [ 16.54844798, 47.9575173 ], [ 16.54823873, 47.95768624 ], [ 16.54802141, 47.95785051 ], [ 16.54779623, 47.95800993 ], [ 16.54756343, 47.95816435 ], [ 16.54732327, 47.95831359 ], [ 16.547076, 47.95845749 ], [ 16.54696433, 47.95866348 ], [ 16.54684274, 47.95886693 ], [ 16.54671138, 47.95906761 ], [ 16.54657038, 47.95926532 ], [ 16.54643636, 47.95943854 ], [ 16.55175699, 47.96609028 ], [ 16.5572231, 47.96715869 ], [ 16.56056791, 47.96890883 ], [ 16.56063385, 47.96894332 ], [ 16.56119452, 47.96923667 ], [ 16.56123694, 47.96949542 ], [ 16.56199765, 47.96878868 ], [ 16.56221491, 47.96864 ], [ 16.56221492, 47.96863996 ], [ 16.56221529, 47.96863978 ], [ 16.56223833, 47.96856403 ], [ 16.56224131, 47.9685623 ], [ 16.56235655, 47.96845523 ], [ 16.56243485, 47.96843027 ], [ 16.56243498, 47.96843014 ], [ 16.56243527, 47.96843028 ], [ 16.56323636, 47.96766127 ], [ 16.56332023, 47.96753097 ], [ 16.56405962, 47.9668776 ], [ 16.56419057, 47.96676189 ], [ 16.56452274, 47.96662732 ], [ 16.56453372, 47.96662138 ], [ 16.56459406, 47.96659842 ], [ 16.56490014, 47.96647442 ], [ 16.56595096, 47.96605617 ], [ 16.56597233, 47.96607398 ], [ 16.56600678, 47.96610271 ], [ 16.56600719, 47.96610305 ], [ 16.56606839, 47.96615387 ], [ 16.56617116, 47.96625674 ], [ 16.56655756, 47.96664348 ], [ 16.56662777, 47.96671375 ], [ 16.56666956, 47.96669919 ], [ 16.56670531, 47.96668676 ], [ 16.56689517, 47.96661729 ], [ 16.56693038, 47.96661309 ], [ 16.56713232, 47.9665455 ], [ 16.56722484, 47.96652208 ], [ 16.56748794, 47.96688204 ], [ 16.5695099, 47.96964824 ], [ 16.56969095, 47.96984423 ], [ 16.57017096, 47.96977047 ], [ 16.57069041, 47.96970971 ], [ 16.57121389, 47.96966733 ], [ 16.57173996, 47.96964346 ], [ 16.57198333, 47.96964101 ], [ 16.57198319, 47.96963943 ], [ 16.57195084, 47.96928515 ], [ 16.57193628, 47.9691257 ], [ 16.57192126, 47.96881197 ], [ 16.57193343, 47.96849819 ], [ 16.5719849, 47.96787163 ], [ 16.57202422, 47.96755886 ], [ 16.57209054, 47.96724814 ], [ 16.57224998, 47.96662983 ], [ 16.57234309, 47.96632224 ], [ 16.57246267, 47.9660188 ], [ 16.5727279, 47.9654171 ], [ 16.57287355, 47.96511884 ], [ 16.57298544, 47.96492798 ], [ 16.57304477, 47.96482677 ], [ 16.57306643, 47.96479275 ], [ 16.57308885, 47.96475756 ], [ 16.57327964, 47.96445797 ], [ 16.5734122, 47.96424982 ], [ 16.57355365, 47.96404444 ], [ 16.57348548, 47.96407582 ], [ 16.57340322, 47.9641137 ], [ 16.57321633, 47.96419975 ], [ 16.57311212, 47.96424773 ], [ 16.57301814, 47.96429099 ], [ 16.57293171, 47.96433077 ] ] ] ] } },
{ "type": "Feature", "properties": { "ID": 6, "ZONE": "IN08", "AREA_HA": 181.385807, "COMMUNITIES": "Sommerein", "LEGALFOUNDATIONDATE": "2024-09-01T00:00:00", "LEGISLATIONCODE": "NÖ LGBl. Nr. 47/2024", "LEGISLATIONTITLE": "Sektorales Raumordnungsprogramm über die Windkraftnutzung in Niederösterreich - Änderung", "LASTUPDATE": "2024-09-03T00:00:00" }, "geometry": { "type": "Polygon", "coordinates": [ [ [ 16.69405016, 48.00941283 ], [ 16.69526848, 48.00916564 ], [ 16.69612478, 48.00901914 ], [ 16.69734293, 48.0087498 ], [ 16.69806748, 48.00862582 ], [ 16.69856153, 48.00854682 ], [ 16.69902291, 48.00851217 ], [ 16.69898466, 48.00775999 ], [ 16.6989665, 48.00738745 ], [ 16.69904202, 48.00737883 ], [ 16.69925748, 48.00717504 ], [ 16.69953406, 48.0069467 ], [ 16.69983229, 48.00673099 ], [ 16.70015092, 48.00652883 ], [ 16.70034279, 48.00641908 ], [ 16.70068184, 48.00623242 ], [ 16.70082761, 48.00615442 ], [ 16.70092, 48.00610955 ], [ 16.70092515, 48.00588032 ], [ 16.70086103, 48.00508211 ], [ 16.70079095, 48.0047855 ], [ 16.70079105, 48.0047695 ], [ 16.70079043, 48.00473196 ], [ 16.70063074, 48.00463397 ], [ 16.70072622, 48.00197133 ], [ 16.70065943, 48.00195526 ], [ 16.70028975, 48.00185931 ], [ 16.69992374, 48.00175723 ], [ 16.69956161, 48.00164909 ], [ 16.69920359, 48.00153495 ], [ 16.69884991, 48.00141488 ], [ 16.69850077, 48.00128897 ], [ 16.69815639, 48.00115728 ], [ 16.69781699, 48.00101989 ], [ 16.69743111, 48.00095459 ], [ 16.69704776, 48.00088287 ], [ 16.69666719, 48.00080477 ], [ 16.69628964, 48.00072034 ], [ 16.69591533, 48.00062964 ], [ 16.69554449, 48.00053272 ], [ 16.69517736, 48.00042964 ], [ 16.69481417, 48.00032047 ], [ 16.69445513, 48.00020527 ], [ 16.69410048, 48.00008411 ], [ 16.69375042, 47.99995707 ], [ 16.69367461, 47.9999279 ], [ 16.69337702, 47.99981276 ], [ 16.69306497, 47.99968567 ], [ 16.69273, 47.99954147 ], [ 16.69240047, 47.99939173 ], [ 16.6920766, 47.99923653 ], [ 16.69175858, 47.99907598 ], [ 16.69144661, 47.99891016 ], [ 16.69114087, 47.99873919 ], [ 16.69084157, 47.99856318 ], [ 16.69054888, 47.99838222 ], [ 16.69026299, 47.99819643 ], [ 16.68998407, 47.99800593 ], [ 16.6897123, 47.99781083 ], [ 16.68934818, 47.99768399 ], [ 16.68906296, 47.99757834 ], [ 16.68881095, 47.99748096 ], [ 16.68863502, 47.9974118 ], [ 16.68828644, 47.99726663 ], [ 16.68794349, 47.99711554 ], [ 16.6876064, 47.99695862 ], [ 16.68727539, 47.99679598 ], [ 16.68695067, 47.99662772 ], [ 16.68663246, 47.99645395 ], [ 16.68632096, 47.99627478 ], [ 16.68601638, 47.99609034 ], [ 16.68571891, 47.99590074 ], [ 16.68542875, 47.99570611 ], [ 16.68514608, 47.99550657 ], [ 16.6848711, 47.99530225 ], [ 16.68460398, 47.99509328 ], [ 16.68434489, 47.99487981 ], [ 16.684094, 47.99466197 ], [ 16.68385149, 47.9944399 ], [ 16.68361749, 47.99421375 ], [ 16.68339217, 47.99398366 ], [ 16.68325688, 47.99383751 ], [ 16.68311562, 47.99540991 ], [ 16.68311563, 47.99541001 ], [ 16.68295574, 47.99719 ], [ 16.68294058, 47.99732893 ], [ 16.68290491, 47.9976065 ], [ 16.6828844, 47.99774513 ], [ 16.68281871, 47.9980559 ], [ 16.68266049, 47.99867436 ], [ 16.68256798, 47.99898204 ], [ 16.68244898, 47.99928559 ], [ 16.68218485, 47.99988754 ], [ 16.68203973, 48.00018594 ], [ 16.68186901, 48.00047816 ], [ 16.68162419, 48.00086382 ], [ 16.68155552, 48.00109218 ], [ 16.68147767, 48.00129075 ], [ 16.6814365, 48.00139573 ], [ 16.68117235, 48.00199767 ], [ 16.68102723, 48.00229607 ], [ 16.68085649, 48.0025883 ], [ 16.68082951, 48.00263079 ], [ 16.68087123, 48.00264199 ], [ 16.68105576, 48.00268492 ], [ 16.68112092, 48.00270048 ], [ 16.68162243, 48.0028024 ], [ 16.68161109, 48.00282193 ], [ 16.68131846, 48.00326059 ], [ 16.68102493, 48.00363312 ], [ 16.68100582, 48.00362791 ], [ 16.68061149, 48.0035337 ], [ 16.68041733, 48.00348853 ], [ 16.68038784, 48.00348115 ], [ 16.68029071, 48.00345507 ], [ 16.68007408, 48.0037276 ], [ 16.67961018, 48.00427242 ], [ 16.67936641, 48.00454031 ], [ 16.67922196, 48.00468007 ], [ 16.67909984, 48.00479823 ], [ 16.6785448, 48.00530323 ], [ 16.67825633, 48.00555031 ], [ 16.67794693, 48.00578571 ], [ 16.67746995, 48.00612801 ], [ 16.67730826, 48.00624404 ], [ 16.67697898, 48.00646697 ], [ 16.67663095, 48.00667668 ], [ 16.67591728, 48.00708215 ], [ 16.67555165, 48.00727791 ], [ 16.67516968, 48.00745908 ], [ 16.67477642, 48.00762884 ], [ 16.67438615, 48.00780164 ], [ 16.67399364, 48.00797215 ], [ 16.67357921, 48.00811744 ], [ 16.67345884, 48.00836708 ], [ 16.67305677, 48.00935625 ], [ 16.67311101, 48.0093409 ], [ 16.67360181, 48.00920779 ], [ 16.67415914, 48.00907244 ], [ 16.67478379, 48.00893799 ], [ 16.67509816, 48.00887504 ], [ 16.6754161, 48.00882075 ], [ 16.676055, 48.00872091 ], [ 16.67669942, 48.00863863 ], [ 16.67734831, 48.00857406 ], [ 16.67770951, 48.0085437 ], [ 16.6777989, 48.00853759 ], [ 16.67812088, 48.00851643 ], [ 16.6781689, 48.00851338 ], [ 16.67826503, 48.00850746 ], [ 16.67831314, 48.0085046 ], [ 16.6786872, 48.00848308 ], [ 16.67884862, 48.0084749 ], [ 16.67904103, 48.00846644 ], [ 16.6790576, 48.0084359 ], [ 16.67907472, 48.00843556 ], [ 16.67941416, 48.00843131 ], [ 16.67940391, 48.00845255 ], [ 16.67966173, 48.00844472 ], [ 16.6805695, 48.00841647 ], [ 16.68065576, 48.0084141 ], [ 16.68082834, 48.00840997 ], [ 16.68124275, 48.00840724 ], [ 16.68189865, 48.00841424 ], [ 16.68255357, 48.00843919 ], [ 16.68319727, 48.00848144 ], [ 16.68319686, 48.00848409 ], [ 16.68324724, 48.00848761 ], [ 16.68352374, 48.00851007 ], [ 16.68372124, 48.00852778 ], [ 16.68411555, 48.00856648 ], [ 16.68418647, 48.00857405 ], [ 16.68425722, 48.00858289 ], [ 16.6847777, 48.00864611 ], [ 16.685299, 48.00872429 ], [ 16.68560682, 48.00877593 ], [ 16.68605172, 48.00885556 ], [ 16.68667813, 48.00898626 ], [ 16.68729608, 48.00913399 ], [ 16.68760282, 48.00921209 ], [ 16.68781535, 48.00927296 ], [ 16.68819542, 48.0092659 ], [ 16.689339, 48.00961549 ], [ 16.68969132, 48.00970291 ], [ 16.6903746, 48.00996633 ], [ 16.69097015, 48.01025951 ], [ 16.69156286, 48.01013967 ], [ 16.69222143, 48.01000487 ], [ 16.6930992, 48.00978088 ], [ 16.69371465, 48.00970191 ], [ 16.69371127, 48.00953649 ], [ 16.69405016, 48.00941283 ] ] ] } },
{ "type": "Feature", "properties": { "ID": 8, "ZONE": "IN09", "AREA_HA": 327.79806, "COMMUNITIES": "Bruck an der Leitha, Göttlesbrunn-Arbesthal, Trautmannsdorf an der Leitha", "LEGALFOUNDATIONDATE": "2024-09-01T00:00:00", "LEGISLATIONCODE": "NÖ LGBl. Nr. 47/2024", "LEGISLATIONTITLE": "Sektorales Raumordnungsprogramm über die Windkraftnutzung in Niederösterreich - Änderung", "LASTUPDATE": "2024-09-03T00:00:00" }, "geometry": { "type": "Polygon", "coordinates": [ [ [ 16.67640648, 48.05965318 ], [ 16.68151395, 48.05729026 ], [ 16.68174908, 48.05718147 ], [ 16.68697406, 48.0547637 ], [ 16.68732348, 48.05460199 ], [ 16.692017, 48.05242973 ], [ 16.70601892, 48.04594709 ], [ 16.70581596, 48.04571761 ], [ 16.70577981, 48.04546872 ], [ 16.7056469, 48.04540282 ], [ 16.70561157, 48.04526831 ], [ 16.70521022, 48.04529237 ], [ 16.70370425, 48.04581348 ], [ 16.70382869, 48.04423116 ], [ 16.70385976, 48.04422461 ], [ 16.70388548, 48.04422216 ], [ 16.70391146, 48.04422254 ], [ 16.70392097, 48.04422374 ], [ 16.70396999, 48.0442248 ], [ 16.70401721, 48.04421591 ], [ 16.70405824, 48.0441979 ], [ 16.70408928, 48.04417243 ], [ 16.70410744, 48.04414188 ], [ 16.70411104, 48.04410908 ], [ 16.70411115, 48.04410908 ], [ 16.70409036, 48.04393427 ], [ 16.70409004, 48.04392852 ], [ 16.70409002, 48.04392801 ], [ 16.70408996, 48.04392572 ], [ 16.7040908, 48.04382465 ], [ 16.70409155, 48.04374707 ], [ 16.70409218, 48.04367022 ], [ 16.70405287, 48.04282019 ], [ 16.70384304, 48.04247203 ], [ 16.70384012, 48.04246599 ], [ 16.70383333, 48.04244758 ], [ 16.70383105, 48.04243251 ], [ 16.70383196, 48.04241738 ], [ 16.70383604, 48.04240249 ], [ 16.70384322, 48.04238813 ], [ 16.70385334, 48.0423746 ], [ 16.70386946, 48.04235901 ], [ 16.70387657, 48.04235307 ], [ 16.70401604, 48.04225224 ], [ 16.70402358, 48.04224637 ], [ 16.7045374, 48.04181674 ], [ 16.70455821, 48.04179412 ], [ 16.70480467, 48.0414328 ], [ 16.70481692, 48.0414062 ], [ 16.70481862, 48.04137839 ], [ 16.70481403, 48.04134357 ], [ 16.70480473, 48.04131577 ], [ 16.70478491, 48.04129057 ], [ 16.70478236, 48.04128816 ], [ 16.70487725, 48.04115645 ], [ 16.70594525, 48.04047682 ], [ 16.70628219, 48.04047573 ], [ 16.70630036, 48.04055577 ], [ 16.70643756, 48.0406208 ], [ 16.70680307, 48.04072037 ], [ 16.70739385, 48.04104286 ], [ 16.70785692, 48.04141495 ], [ 16.70788082, 48.04195815 ], [ 16.70789235, 48.0422202 ], [ 16.70789552, 48.04224048 ], [ 16.70791999, 48.04222614 ], [ 16.70794405, 48.04236921 ], [ 16.70795589, 48.04243961 ], [ 16.70820726, 48.04242728 ], [ 16.70910754, 48.04208626 ], [ 16.70954283, 48.04200728 ], [ 16.70974188, 48.04216818 ], [ 16.70984176, 48.04212295 ], [ 16.71017311, 48.04230237 ], [ 16.71029748, 48.04255027 ], [ 16.71097895, 48.04281579 ], [ 16.71113109, 48.043396 ], [ 16.71104429, 48.04361962 ], [ 16.71118962, 48.04355231 ], [ 16.73480037, 48.03261133 ], [ 16.73512788, 48.0324595 ], [ 16.74212051, 48.02921732 ], [ 16.74209826, 48.02918509 ], [ 16.74197261, 48.02898172 ], [ 16.7417338, 48.02857171 ], [ 16.74152012, 48.02815551 ], [ 16.74133193, 48.02773381 ], [ 16.74124424, 48.02752167 ], [ 16.74116954, 48.02730731 ], [ 16.74103322, 48.02687672 ], [ 16.74097161, 48.02666049 ], [ 16.74092652, 48.02645772 ], [ 16.7409232, 48.02644275 ], [ 16.74090127, 48.02632813 ], [ 16.7406074, 48.02636812 ], [ 16.74051806, 48.02637969 ], [ 16.73933397, 48.02653298 ], [ 16.73604903, 48.02697278 ], [ 16.73347649, 48.0272973 ], [ 16.73325366, 48.02753255 ], [ 16.73307204, 48.02771592 ], [ 16.73287941, 48.02789416 ], [ 16.7324835, 48.02824521 ], [ 16.73206656, 48.02858514 ], [ 16.73162929, 48.02891337 ], [ 16.73140566, 48.0290745 ], [ 16.73117241, 48.02922937 ], [ 16.7306967, 48.02953261 ], [ 16.73020296, 48.02982256 ], [ 16.72969197, 48.03009877 ], [ 16.72943227, 48.03023338 ], [ 16.7291646, 48.03036077 ], [ 16.72862174, 48.03060812 ], [ 16.72834654, 48.03072808 ], [ 16.72806427, 48.03084041 ], [ 16.72749315, 48.03105725 ], [ 16.72690931, 48.03125829 ], [ 16.72631373, 48.03144317 ], [ 16.72601313, 48.03153154 ], [ 16.7257074, 48.03161161 ], [ 16.72509132, 48.03176332 ], [ 16.72446653, 48.03189804 ], [ 16.72383407, 48.03201555 ], [ 16.72319499, 48.03211566 ], [ 16.72255034, 48.0321982 ], [ 16.72222674, 48.03223506 ], [ 16.72190118, 48.03226303 ], [ 16.72152503, 48.03229013 ], [ 16.72151248, 48.03235794 ], [ 16.72149086, 48.03246426 ], [ 16.72146546, 48.03257263 ], [ 16.72143877, 48.03267847 ], [ 16.72140817, 48.0327862 ], [ 16.72137643, 48.03289144 ], [ 16.72134067, 48.03299842 ], [ 16.72130391, 48.03310295 ], [ 16.72126302, 48.03320908 ], [ 16.72122128, 48.03331279 ], [ 16.72117531, 48.03341795 ], [ 16.72112863, 48.03352074 ], [ 16.72107762, 48.03362481 ], [ 16.72102604, 48.03372658 ], [ 16.72097006, 48.03382947 ], [ 16.72091364, 48.0339301 ], [ 16.72085274, 48.03403169 ], [ 16.72079153, 48.03413109 ], [ 16.72072578, 48.03423128 ], [ 16.72065984, 48.03432933 ], [ 16.72058931, 48.03442803 ], [ 16.72051871, 48.03452464 ], [ 16.72044348, 48.03462173 ], [ 16.72036828, 48.03471679 ], [ 16.72028843, 48.03481218 ], [ 16.72020871, 48.0349056 ], [ 16.72012432, 48.03499919 ], [ 16.72004017, 48.03509087 ], [ 16.71995132, 48.03518256 ], [ 16.71986282, 48.03527241 ], [ 16.71976963, 48.0353621 ], [ 16.71967686, 48.03545002 ], [ 16.71957941, 48.03553763 ], [ 16.71948247, 48.03562353 ], [ 16.71938086, 48.03570896 ], [ 16.71927986, 48.03579276 ], [ 16.71925999, 48.03580924 ], [ 16.71926003, 48.03580837 ], [ 16.71908999, 48.03594221 ], [ 16.71887118, 48.03610357 ], [ 16.7186447, 48.03626011 ], [ 16.71841079, 48.03641165 ], [ 16.7181697, 48.03655804 ], [ 16.71792167, 48.03669912 ], [ 16.71766697, 48.03683476 ], [ 16.71740586, 48.03696479 ], [ 16.71713862, 48.0370891 ], [ 16.71686553, 48.03720754 ], [ 16.71658686, 48.03732 ], [ 16.71642693, 48.03737991 ], [ 16.7162914, 48.03743035 ], [ 16.716014, 48.03752651 ], [ 16.7157204, 48.03762033 ], [ 16.71542243, 48.03770774 ], [ 16.7151204, 48.03778864 ], [ 16.71481463, 48.03786295 ], [ 16.71450543, 48.03793059 ], [ 16.71419313, 48.03799149 ], [ 16.71387806, 48.03804558 ], [ 16.71386724, 48.03805066 ], [ 16.7138569, 48.03805582 ], [ 16.71358801, 48.0381811 ], [ 16.71331319, 48.03830044 ], [ 16.71303271, 48.03841372 ], [ 16.71274688, 48.03852082 ], [ 16.71245601, 48.03862162 ], [ 16.7121604, 48.03871602 ], [ 16.71186036, 48.03880391 ], [ 16.71155621, 48.0388852 ], [ 16.71124828, 48.03895981 ], [ 16.71093689, 48.03902766 ], [ 16.71062237, 48.03908868 ], [ 16.71030505, 48.0391428 ], [ 16.70998528, 48.03918996 ], [ 16.70966339, 48.03923011 ], [ 16.70933971, 48.03926322 ], [ 16.7090146, 48.03928924 ], [ 16.7086884, 48.03930815 ], [ 16.70836146, 48.03931993 ], [ 16.70803412, 48.03932456 ], [ 16.70770672, 48.03932205 ], [ 16.70737962, 48.03931238 ], [ 16.70705317, 48.03929559 ], [ 16.7067277, 48.03927167 ], [ 16.70640356, 48.03924066 ], [ 16.70608111, 48.0392026 ], [ 16.70576067, 48.03915751 ], [ 16.70544259, 48.03910545 ], [ 16.7051272, 48.03904647 ], [ 16.70481485, 48.03898064 ], [ 16.70450586, 48.03890803 ], [ 16.70420055, 48.03882871 ], [ 16.70389926, 48.03874276 ], [ 16.70360231, 48.03865028 ], [ 16.70330999, 48.03855137 ], [ 16.70302264, 48.03844613 ], [ 16.70274055, 48.03833467 ], [ 16.70246401, 48.03821712 ], [ 16.70219333, 48.03809358 ], [ 16.70192879, 48.03796421 ], [ 16.70167067, 48.03782912 ], [ 16.70141925, 48.03768848 ], [ 16.70117479, 48.03754241 ], [ 16.70093754, 48.03739109 ], [ 16.70070777, 48.03723467 ], [ 16.70048571, 48.03707332 ], [ 16.7002716, 48.0369072 ], [ 16.70006567, 48.0367365 ], [ 16.69986814, 48.03656139 ], [ 16.69967921, 48.03638206 ], [ 16.69949908, 48.03619871 ], [ 16.69932795, 48.03601151 ], [ 16.699166, 48.03582068 ], [ 16.69901339, 48.03562642 ], [ 16.6988703, 48.03542893 ], [ 16.69873686, 48.03522841 ], [ 16.69861323, 48.0350251 ], [ 16.69849953, 48.03481918 ], [ 16.69839589, 48.0346109 ], [ 16.69830241, 48.03440047 ], [ 16.6982192, 48.0341881 ], [ 16.69814633, 48.03397403 ], [ 16.69808389, 48.03375848 ], [ 16.69803195, 48.03354169 ], [ 16.69799056, 48.03332387 ], [ 16.69795976, 48.03310527 ], [ 16.69793958, 48.03288611 ], [ 16.69793005, 48.03266663 ], [ 16.69793118, 48.03244705 ], [ 16.69794296, 48.03222762 ], [ 16.69796538, 48.03200855 ], [ 16.69799843, 48.0317901 ], [ 16.69804205, 48.03157248 ], [ 16.69809622, 48.03135593 ], [ 16.69816086, 48.03114068 ], [ 16.69823592, 48.03092695 ], [ 16.6983213, 48.03071497 ], [ 16.69841693, 48.03050497 ], [ 16.69852269, 48.03029717 ], [ 16.69863849, 48.03009179 ], [ 16.69876418, 48.02988904 ], [ 16.69889965, 48.02968915 ], [ 16.69904475, 48.02949232 ], [ 16.69919932, 48.02929876 ], [ 16.69936319, 48.02910868 ], [ 16.69953621, 48.02892228 ], [ 16.69971817, 48.02873975 ], [ 16.6999089, 48.02856129 ], [ 16.70010818, 48.02838709 ], [ 16.70031581, 48.02821734 ], [ 16.70053157, 48.0280522 ], [ 16.70075522, 48.02789187 ], [ 16.70098653, 48.0277365 ], [ 16.70122526, 48.02758627 ], [ 16.70147115, 48.02744132 ], [ 16.70172394, 48.02730182 ], [ 16.70198337, 48.02716792 ], [ 16.70224915, 48.02703974 ], [ 16.7024182, 48.0269637 ], [ 16.70238263, 48.02692346 ], [ 16.70207129, 48.02653598 ], [ 16.70178376, 48.02614029 ], [ 16.70164602, 48.02594047 ], [ 16.70152054, 48.02573705 ], [ 16.70128206, 48.02532696 ], [ 16.70106872, 48.02491068 ], [ 16.70088087, 48.02448891 ], [ 16.70079335, 48.02427674 ], [ 16.70071882, 48.02406235 ], [ 16.70058285, 48.02363171 ], [ 16.70052141, 48.02341547 ], [ 16.70047317, 48.02319771 ], [ 16.70038998, 48.02276107 ], [ 16.70038366, 48.0227121 ], [ 16.69923948, 48.02273077 ], [ 16.69916368, 48.02298253 ], [ 16.69900765, 48.02341009 ], [ 16.69892313, 48.02362281 ], [ 16.69882575, 48.02383304 ], [ 16.69861828, 48.02425065 ], [ 16.69838559, 48.02466224 ], [ 16.69812806, 48.02506711 ], [ 16.69784613, 48.0254646 ], [ 16.69754025, 48.02585405 ], [ 16.69721095, 48.02623479 ], [ 16.69685877, 48.02660622 ], [ 16.69667701, 48.02678953 ], [ 16.69648427, 48.02696771 ], [ 16.69608811, 48.02731864 ], [ 16.69567094, 48.02765843 ], [ 16.69523345, 48.02798653 ], [ 16.69500971, 48.02814758 ], [ 16.69477636, 48.02830239 ], [ 16.69430044, 48.02860547 ], [ 16.6938065, 48.02889527 ], [ 16.69364493, 48.02898252 ], [ 16.69360431, 48.02902006 ], [ 16.69352509, 48.02909024 ], [ 16.69353545, 48.02912104 ], [ 16.69387675, 48.03575535 ], [ 16.69384337, 48.03584636 ], [ 16.69406619, 48.03622955 ], [ 16.69427952, 48.03664584 ], [ 16.69437986, 48.03685545 ], [ 16.69446737, 48.03706763 ], [ 16.6946294, 48.03749419 ], [ 16.69476536, 48.03792484 ], [ 16.69487502, 48.03835884 ], [ 16.69495819, 48.03879548 ], [ 16.69501474, 48.03923404 ], [ 16.69503634, 48.03945371 ], [ 16.69504457, 48.03967378 ], [ 16.69504514, 48.03975561 ], [ 16.69509974, 48.039888 ], [ 16.69526179, 48.04031457 ], [ 16.69539777, 48.04074521 ], [ 16.69550744, 48.04117921 ], [ 16.69559062, 48.04161585 ], [ 16.69564717, 48.04205441 ], [ 16.69566878, 48.04227407 ], [ 16.69567701, 48.04249415 ], [ 16.69567851, 48.04270943 ], [ 16.69568481, 48.0427058 ], [ 16.69567955, 48.04295679 ], [ 16.69567491, 48.04315445 ], [ 16.69565636, 48.04337424 ], [ 16.69560591, 48.04381313 ], [ 16.695558, 48.04408474 ], [ 16.69551436, 48.04446437 ], [ 16.69543725, 48.04490151 ], [ 16.69533361, 48.04533619 ], [ 16.69520362, 48.04576766 ], [ 16.69504749, 48.04619522 ], [ 16.69496292, 48.04640793 ], [ 16.69493708, 48.04646368 ], [ 16.6947885, 48.04677301 ], [ 16.69465788, 48.04703576 ], [ 16.69442506, 48.04744734 ], [ 16.69416739, 48.0478522 ], [ 16.6938853, 48.04824968 ], [ 16.69357926, 48.04863912 ], [ 16.69324979, 48.04901985 ], [ 16.69289742, 48.04939126 ], [ 16.69271557, 48.04957456 ], [ 16.69252273, 48.04975274 ], [ 16.69212637, 48.05010365 ], [ 16.69170899, 48.05044343 ], [ 16.69127128, 48.05077151 ], [ 16.69104471, 48.05093436 ], [ 16.69077228, 48.05111389 ], [ 16.69056477, 48.05124597 ], [ 16.69033782, 48.05139042 ], [ 16.68984364, 48.0516802 ], [ 16.68933222, 48.05195623 ], [ 16.6890723, 48.05209075 ], [ 16.68880442, 48.05221805 ], [ 16.68826113, 48.05246521 ], [ 16.6880472, 48.05255832 ], [ 16.68789737, 48.05263918 ], [ 16.68763744, 48.0527737 ], [ 16.68736956, 48.05290099 ], [ 16.68682626, 48.05314814 ], [ 16.68655084, 48.053268 ], [ 16.6865314, 48.05327573 ], [ 16.68652807, 48.05327215 ], [ 16.68618781, 48.0534143 ], [ 16.68618612, 48.0534114 ], [ 16.68569681, 48.05359686 ], [ 16.68554634, 48.05364858 ], [ 16.68533599, 48.05377191 ], [ 16.68482452, 48.05404792 ], [ 16.68456458, 48.05418244 ], [ 16.68429668, 48.05430972 ], [ 16.68375335, 48.05455686 ], [ 16.68347792, 48.05467671 ], [ 16.68319542, 48.05478893 ], [ 16.68262384, 48.05500555 ], [ 16.68203956, 48.05520636 ], [ 16.68144354, 48.05539101 ], [ 16.68114273, 48.05547926 ], [ 16.68083678, 48.05555921 ], [ 16.68060161, 48.05561699 ], [ 16.6803203, 48.05568611 ], [ 16.68022029, 48.05571068 ], [ 16.67959509, 48.05584516 ], [ 16.67896223, 48.05596242 ], [ 16.67857618, 48.05602711 ], [ 16.67844029, 48.0560475 ], [ 16.6783723, 48.0560575 ], [ 16.67830975, 48.05606651 ], [ 16.67821703, 48.05608003 ], [ 16.67801255, 48.05610799 ], [ 16.67760247, 48.05616037 ], [ 16.67739691, 48.05618478 ], [ 16.67726251, 48.05619953 ], [ 16.67719597, 48.05622748 ], [ 16.67689104, 48.05634937 ], [ 16.67630367, 48.05657254 ], [ 16.67600627, 48.05668007 ], [ 16.67571105, 48.05677646 ], [ 16.67511499, 48.05696109 ], [ 16.67508609, 48.05696956 ], [ 16.67476173, 48.05706302 ], [ 16.67450818, 48.05712926 ], [ 16.67389165, 48.05728069 ], [ 16.67326642, 48.05741513 ], [ 16.67263352, 48.05753236 ], [ 16.67199403, 48.05763219 ], [ 16.67134898, 48.05771444 ], [ 16.67102519, 48.05775115 ], [ 16.67069944, 48.05777898 ], [ 16.67004653, 48.0578257 ], [ 16.66939134, 48.05785452 ], [ 16.66873492, 48.05786541 ], [ 16.66840654, 48.05786636 ], [ 16.6682736, 48.0578631 ], [ 16.66817661, 48.05805793 ], [ 16.66794353, 48.05846946 ], [ 16.6676856, 48.05887426 ], [ 16.66740324, 48.05927168 ], [ 16.66709694, 48.05966104 ], [ 16.6667672, 48.0600417 ], [ 16.66641457, 48.06041303 ], [ 16.66639145, 48.06043631 ], [ 16.66660103, 48.06061831 ], [ 16.66729111, 48.06122927 ], [ 16.66797264, 48.06184454 ], [ 16.66864556, 48.06246405 ], [ 16.66920128, 48.06298585 ], [ 16.67613758, 48.05977757 ], [ 16.67640648, 48.05965318 ] ], [ [ 16.7010939, 48.03940272 ], [ 16.70120695, 48.03903223 ], [ 16.70399132, 48.03915824 ], [ 16.70407901, 48.03958515 ], [ 16.70373006, 48.03989936 ], [ 16.70385009, 48.04039445 ], [ 16.70440576, 48.04097753 ], [ 16.7017657, 48.0419522 ], [ 16.7008636, 48.04251716 ], [ 16.7007965, 48.04262923 ], [ 16.70079676, 48.04261714 ], [ 16.70078162, 48.04261699 ], [ 16.70075468, 48.04261358 ], [ 16.70072902, 48.04260711 ], [ 16.7007054, 48.04259779 ], [ 16.70068451, 48.04258588 ], [ 16.70066698, 48.04257175 ], [ 16.70064985, 48.04255176 ], [ 16.70064402, 48.04254335 ], [ 16.70008579, 48.04151459 ], [ 16.70008577, 48.04151457 ], [ 16.70041999, 48.04141743 ], [ 16.70044871, 48.04088844 ], [ 16.7006623, 48.04081435 ], [ 16.70069959, 48.04079649 ], [ 16.70072787, 48.0407723 ], [ 16.70074815, 48.04074865 ], [ 16.70076511, 48.04072008 ], [ 16.70076938, 48.04068947 ], [ 16.70073188, 48.04018581 ], [ 16.70072587, 48.04010521 ], [ 16.70072451, 48.0400956 ], [ 16.70069206, 48.03994059 ], [ 16.70067402, 48.03985449 ], [ 16.70062059, 48.03959987 ], [ 16.70067492, 48.03941558 ], [ 16.7010939, 48.03940272 ] ] ] } },
{ "type": "Feature", "properties": { "ID": 7, "ZONE": "IN10", "AREA_HA": 71.417543, "COMMUNITIES": "Trautmannsdorf an der Leitha", "LEGALFOUNDATIONDATE": "2024-09-01T00:00:00", "LEGISLATIONCODE": "NÖ LGBl. Nr. 47/2024", "LEGISLATIONTITLE": "Sektorales Raumordnungsprogramm über die Windkraftnutzung in Niederösterreich - Änderung", "LASTUPDATE": "2024-09-03T00:00:00" }, "geometry": { "type": "Polygon", "coordinates": [ [ [ 16.64481878, 48.04007659 ], [ 16.64521401, 48.04006655 ], [ 16.64547499, 48.04006585 ], [ 16.6461313, 48.04007306 ], [ 16.6467866, 48.04009821 ], [ 16.64710736, 48.04011935 ], [ 16.64717917, 48.04011223 ], [ 16.64783187, 48.04006564 ], [ 16.64848686, 48.04003693 ], [ 16.64881481, 48.04002706 ], [ 16.64914308, 48.04002617 ], [ 16.64936523, 48.0400286 ], [ 16.6497925, 48.04003328 ], [ 16.64979938, 48.04003336 ], [ 16.65045468, 48.04005849 ], [ 16.65110793, 48.04010152 ], [ 16.65143391, 48.04012751 ], [ 16.65175804, 48.04016239 ], [ 16.65240389, 48.04024098 ], [ 16.6528653, 48.04030654 ], [ 16.65314535, 48.04035213 ], [ 16.65344558, 48.04040513 ], [ 16.65360097, 48.04043472 ], [ 16.65369818, 48.04020927 ], [ 16.65390607, 48.03979175 ], [ 16.65413918, 48.03938025 ], [ 16.654262, 48.0391761 ], [ 16.65436932, 48.03901676 ], [ 16.65444512, 48.03876582 ], [ 16.65456914, 48.03842259 ], [ 16.65472874, 48.03798462 ], [ 16.65491105, 48.03756175 ], [ 16.65511893, 48.03714422 ], [ 16.65535202, 48.03673272 ], [ 16.65547482, 48.03652856 ], [ 16.65560995, 48.03632793 ], [ 16.65589227, 48.03593054 ], [ 16.65611427, 48.03564831 ], [ 16.65632848, 48.03539115 ], [ 16.65652817, 48.03516058 ], [ 16.6566988, 48.03497251 ], [ 16.65688071, 48.03478928 ], [ 16.65725553, 48.03442793 ], [ 16.65744844, 48.03424982 ], [ 16.65765201, 48.03407713 ], [ 16.65786114, 48.03390698 ], [ 16.65729385, 48.03404629 ], [ 16.65666885, 48.03418064 ], [ 16.6560362, 48.03429778 ], [ 16.65539696, 48.03439751 ], [ 16.65495015, 48.03445444 ], [ 16.65449726, 48.034505 ], [ 16.65410555, 48.03454393 ], [ 16.65345822, 48.03459032 ], [ 16.65313386, 48.03460912 ], [ 16.65298452, 48.03461574 ], [ 16.65286425, 48.03462046 ], [ 16.65270494, 48.03462592 ], [ 16.6525829, 48.03471366 ], [ 16.65234939, 48.03486837 ], [ 16.65187316, 48.03517128 ], [ 16.65137892, 48.03546089 ], [ 16.65086746, 48.03573676 ], [ 16.65060752, 48.03587119 ], [ 16.65033962, 48.0359984 ], [ 16.64979632, 48.03624538 ], [ 16.64952092, 48.03636515 ], [ 16.64923844, 48.03647729 ], [ 16.64866692, 48.03669374 ], [ 16.64808272, 48.03689437 ], [ 16.64755106, 48.03705895 ], [ 16.64755245, 48.03706031 ], [ 16.64747699, 48.03708416 ], [ 16.64737366, 48.03711201 ], [ 16.64718602, 48.03716701 ], [ 16.64688013, 48.03724687 ], [ 16.64626375, 48.03739816 ], [ 16.64563869, 48.03753245 ], [ 16.64500597, 48.03764953 ], [ 16.64436666, 48.0377492 ], [ 16.643749, 48.03782783 ], [ 16.64374904, 48.03782791 ], [ 16.6434392, 48.0378592 ], [ 16.64342636, 48.03786473 ], [ 16.64339813, 48.03786793 ], [ 16.64307249, 48.03789568 ], [ 16.64304524, 48.03789762 ], [ 16.64268234, 48.03792351 ], [ 16.64241981, 48.03794224 ], [ 16.64183454, 48.03796957 ], [ 16.64153228, 48.03797626 ], [ 16.64149154, 48.0379771 ], [ 16.64113774, 48.03798373 ], [ 16.6409311, 48.03798267 ], [ 16.64088761, 48.03798304 ], [ 16.64070653, 48.03798652 ], [ 16.64027493, 48.03799185 ], [ 16.63994712, 48.03798105 ], [ 16.63961944, 48.0379689 ], [ 16.6392916, 48.03795854 ], [ 16.63863839, 48.03791544 ], [ 16.63815929, 48.03787053 ], [ 16.63785076, 48.03787134 ], [ 16.63752273, 48.03786322 ], [ 16.63686744, 48.03783802 ], [ 16.63627856, 48.03780076 ], [ 16.63575643, 48.03775468 ], [ 16.63549598, 48.03772878 ], [ 16.63527103, 48.03770388 ], [ 16.63498794, 48.03767255 ], [ 16.63469988, 48.03764068 ], [ 16.63457605, 48.03762698 ], [ 16.63402031, 48.03756548 ], [ 16.63342107, 48.03749914 ], [ 16.63306532, 48.03745972 ], [ 16.6328687, 48.03743798 ], [ 16.63251494, 48.03739885 ], [ 16.63211384, 48.03735442 ], [ 16.6319169, 48.03733257 ], [ 16.6317291, 48.03731179 ], [ 16.63134403, 48.03726917 ], [ 16.63052258, 48.03717823 ], [ 16.63006722, 48.03784584 ], [ 16.62983848, 48.0381812 ], [ 16.62932673, 48.03893145 ], [ 16.62980412, 48.03911104 ], [ 16.63019896, 48.03926285 ], [ 16.63066916, 48.03944363 ], [ 16.63079546, 48.03949219 ], [ 16.63178145, 48.03987954 ], [ 16.63276201, 48.04027306 ], [ 16.63373704, 48.04067271 ], [ 16.63470647, 48.04107845 ], [ 16.6356702, 48.04149026 ], [ 16.63612533, 48.04168877 ], [ 16.63641792, 48.04178022 ], [ 16.63669136, 48.04168636 ], [ 16.63711808, 48.04155033 ], [ 16.63738218, 48.04147243 ], [ 16.63751479, 48.04143427 ], [ 16.63794932, 48.04131228 ], [ 16.63836936, 48.0411947 ], [ 16.63863987, 48.04110623 ], [ 16.63909646, 48.04096852 ], [ 16.63970319, 48.04080054 ], [ 16.64000911, 48.0407207 ], [ 16.64031963, 48.04064929 ], [ 16.64094475, 48.04051503 ], [ 16.64117543, 48.04046894 ], [ 16.64146683, 48.04041683 ], [ 16.64157752, 48.04039797 ], [ 16.64221688, 48.04029831 ], [ 16.64286174, 48.04021623 ], [ 16.64351108, 48.04015185 ], [ 16.64416378, 48.04010528 ], [ 16.64481878, 48.04007659 ] ] ] } },
{ "type": "Feature", "properties": { "ID": 5, "ZONE": "IN11", "AREA_HA": 116.086789, "COMMUNITIES": "Traiskirchen", "LEGALFOUNDATIONDATE": "2024-09-01T00:00:00", "LEGISLATIONCODE": "NÖ LGBl. Nr. 47/2024", "LEGISLATIONTITLE": "Sektorales Raumordnungsprogramm über die Windkraftnutzung in Niederösterreich - Änderung", "LASTUPDATE": "2024-09-03T00:00:00" }, "geometry": { "type": "MultiPolygon", "coordinates": [ [ [ [ 16.32445877, 48.00660506 ], [ 16.32478656, 48.00659611 ], [ 16.32511463, 48.00659614 ], [ 16.32525967, 48.00659814 ], [ 16.32518692, 48.0065315 ], [ 16.32483509, 48.00619502 ], [ 16.32457943, 48.00632284 ], [ 16.32442882, 48.00639857 ], [ 16.32441146, 48.0064073 ], [ 16.3242312, 48.00649107 ], [ 16.32394012, 48.00662633 ], [ 16.32445877, 48.00660506 ] ] ], [ [ [ 16.31964975, 48.00296449 ], [ 16.31959231, 48.00291476 ], [ 16.31928693, 48.0030338 ], [ 16.31738002, 48.00393851 ], [ 16.31705623, 48.00409213 ], [ 16.31425086, 48.00542298 ], [ 16.31410703, 48.00549106 ], [ 16.31382568, 48.00562426 ], [ 16.31304223, 48.00599514 ], [ 16.3121693, 48.00640838 ], [ 16.31196106, 48.00650872 ], [ 16.31196956, 48.00655522 ], [ 16.31203092, 48.00659902 ], [ 16.31247036, 48.00692584 ], [ 16.31288958, 48.00726441 ], [ 16.31328787, 48.00761418 ], [ 16.31348171, 48.00779179 ], [ 16.31366459, 48.00797457 ], [ 16.31401909, 48.00834496 ], [ 16.31422303, 48.00855551 ], [ 16.31484627, 48.00838441 ], [ 16.3153342, 48.00826304 ], [ 16.31569901, 48.00818121 ], [ 16.3158821, 48.00814176 ], [ 16.31596321, 48.008125 ], [ 16.31611304, 48.00809404 ], [ 16.31624864, 48.0080646 ], [ 16.31648628, 48.00801268 ], [ 16.31672218, 48.00798279 ], [ 16.31680659, 48.00795742 ], [ 16.31688622, 48.00793807 ], [ 16.31688106, 48.00792852 ], [ 16.31692453, 48.00791867 ], [ 16.31721065, 48.00785419 ], [ 16.31749489, 48.00778969 ], [ 16.31755026, 48.00777723 ], [ 16.31766818, 48.00775089 ], [ 16.31780854, 48.0077151 ], [ 16.31809725, 48.00764166 ], [ 16.31831703, 48.0075856 ], [ 16.31851505, 48.00753391 ], [ 16.31860219, 48.0075109 ], [ 16.3187188, 48.00748007 ], [ 16.31883268, 48.00744951 ], [ 16.31904008, 48.00739213 ], [ 16.31919821, 48.0073497 ], [ 16.31929807, 48.00732372 ], [ 16.3193854, 48.00730139 ], [ 16.31956048, 48.00725741 ], [ 16.31995899, 48.00716521 ], [ 16.3203944, 48.00707297 ], [ 16.32071991, 48.00700604 ], [ 16.32089933, 48.00697071 ], [ 16.32121763, 48.0069174 ], [ 16.32185719, 48.00681952 ], [ 16.32250214, 48.00673924 ], [ 16.32315145, 48.00667666 ], [ 16.32363232, 48.00664369 ], [ 16.32275461, 48.00585084 ], [ 16.32251437, 48.00563383 ], [ 16.32188717, 48.00504549 ], [ 16.32094936, 48.00416311 ], [ 16.31993452, 48.00321101 ], [ 16.31964975, 48.00296449 ] ] ], [ [ [ 16.34942131, 48.01594235 ], [ 16.34933336, 48.01595577 ], [ 16.3490155, 48.01599978 ], [ 16.34861755, 48.01604927 ], [ 16.34859895, 48.01605555 ], [ 16.34856157, 48.01606029 ], [ 16.34809869, 48.01610583 ], [ 16.34804553, 48.01611113 ], [ 16.34773192, 48.01614137 ], [ 16.34707925, 48.01618626 ], [ 16.34650641, 48.01621183 ], [ 16.34601452, 48.01622197 ], [ 16.34576845, 48.01622452 ], [ 16.34557676, 48.01622454 ], [ 16.34549476, 48.01622426 ], [ 16.3453307, 48.01622316 ], [ 16.3449208, 48.01621337 ], [ 16.34426593, 48.01618649 ], [ 16.34402087, 48.01617071 ], [ 16.34369782, 48.01614957 ], [ 16.34326087, 48.01611117 ], [ 16.3430354, 48.01608917 ], [ 16.34293956, 48.01607889 ], [ 16.34284059, 48.01606785 ], [ 16.34264292, 48.01604494 ], [ 16.34222292, 48.0159885 ], [ 16.34158327, 48.01589058 ], [ 16.3415099, 48.01587828 ], [ 16.34156904, 48.01602435 ], [ 16.3417281, 48.01645141 ], [ 16.34186107, 48.01688248 ], [ 16.34196772, 48.01731682 ], [ 16.34204787, 48.01775372 ], [ 16.34209463, 48.01813695 ], [ 16.34208653, 48.01813877 ], [ 16.3420991, 48.01828336 ], [ 16.34211847, 48.01837911 ], [ 16.3421215, 48.01841218 ], [ 16.34212822, 48.01863228 ], [ 16.34212827, 48.01907248 ], [ 16.3421216, 48.01929258 ], [ 16.34210156, 48.01951231 ], [ 16.34206471, 48.01981488 ], [ 16.34206415, 48.01981484 ], [ 16.34202671, 48.02010226 ], [ 16.34202137, 48.02009708 ], [ 16.34196807, 48.02038795 ], [ 16.34186151, 48.0208223 ], [ 16.34172863, 48.02125338 ], [ 16.34156964, 48.02168046 ], [ 16.34148366, 48.02189291 ], [ 16.34138482, 48.02210284 ], [ 16.34117448, 48.0225198 ], [ 16.34093895, 48.02293067 ], [ 16.34067863, 48.02333474 ], [ 16.34039395, 48.02373135 ], [ 16.3400854, 48.02411985 ], [ 16.33975348, 48.02449957 ], [ 16.33939874, 48.0248699 ], [ 16.33921572, 48.02505264 ], [ 16.33911894, 48.02514124 ], [ 16.33924487, 48.02644276 ], [ 16.33957642, 48.0281582 ], [ 16.34051907, 48.02787021 ], [ 16.34096338, 48.02773447 ], [ 16.34212226, 48.02737197 ], [ 16.34265813, 48.02720278 ], [ 16.34303258, 48.02710671 ], [ 16.34394379, 48.02682123 ], [ 16.34477363, 48.02655314 ], [ 16.34567591, 48.0262551 ], [ 16.34583765, 48.02629287 ], [ 16.34775326, 48.02548155 ], [ 16.35002317, 48.02433912 ], [ 16.3515127, 48.02345851 ], [ 16.35282649, 48.02247235 ], [ 16.35289403, 48.02238447 ], [ 16.35236227, 48.02179321 ], [ 16.35163801, 48.02098788 ], [ 16.35031009, 48.0211926 ], [ 16.35032919, 48.0211376 ], [ 16.35043867, 48.02089532 ], [ 16.35058597, 48.02056933 ], [ 16.35063458, 48.02046175 ], [ 16.35100519, 48.01980075 ], [ 16.35143944, 48.01915742 ], [ 16.35174992, 48.01876754 ], [ 16.35176866, 48.018744 ], [ 16.351778, 48.01873227 ], [ 16.35169235, 48.01863311 ], [ 16.351693, 48.01863291 ], [ 16.35168877, 48.01862825 ], [ 16.35168303, 48.01862193 ], [ 16.3516797, 48.01861827 ], [ 16.35167268, 48.01861054 ], [ 16.3516894, 48.01860538 ], [ 16.35169721, 48.01860298 ], [ 16.35179747, 48.01857215 ], [ 16.35191668, 48.0185355 ], [ 16.35196363, 48.01852106 ], [ 16.35201507, 48.01846253 ], [ 16.35225374, 48.01819097 ], [ 16.35249114, 48.01793472 ], [ 16.35310408, 48.01736059 ], [ 16.35344899, 48.01707848 ], [ 16.35342004, 48.01707412 ], [ 16.35303375, 48.01629604 ], [ 16.35292323, 48.01607342 ], [ 16.35282107, 48.01609787 ], [ 16.3513906, 48.0162425 ], [ 16.35031802, 48.01634301 ], [ 16.35015462, 48.01586826 ], [ 16.3496559, 48.01590309 ], [ 16.34942131, 48.01594235 ] ] ] ] } },
{ "type": "Feature", "properties": { "ID": 14, "ZONE": "IN12", "AREA_HA": 311.758213, "COMMUNITIES": "Höflein, Scharndorf", "LEGALFOUNDATIONDATE": "2024-09-01T00:00:00", "LEGISLATIONCODE": "NÖ LGBl. Nr. 47/2024", "LEGISLATIONTITLE": "Sektorales Raumordnungsprogramm über die Windkraftnutzung in Niederösterreich - Änderung", "LASTUPDATE": "2024-09-03T00:00:00" }, "geometry": { "type": "Polygon", "coordinates": [ [ [ 16.73467494, 48.10689793 ], [ 16.73482714, 48.10700565 ], [ 16.73507281, 48.1071795 ], [ 16.73574595, 48.10772307 ], [ 16.73632849, 48.10826159 ], [ 16.73640352, 48.10825732 ], [ 16.73657908, 48.1082461 ], [ 16.73713516, 48.10821304 ], [ 16.73744898, 48.10819594 ], [ 16.73761087, 48.10818998 ], [ 16.73824356, 48.10816564 ], [ 16.7403033, 48.10800921 ], [ 16.74051291, 48.10794282 ], [ 16.74066135, 48.10789581 ], [ 16.74071974, 48.10802996 ], [ 16.74072447, 48.10805095 ], [ 16.74073534, 48.10809911 ], [ 16.74254803, 48.10791167 ], [ 16.74581488, 48.10773353 ], [ 16.74929407, 48.10745935 ], [ 16.75067507, 48.10737835 ], [ 16.75077252, 48.10667697 ], [ 16.75081905, 48.1064817 ], [ 16.75100135, 48.10579505 ], [ 16.75117256, 48.10529098 ], [ 16.75147318, 48.10461409 ], [ 16.75183925, 48.10395182 ], [ 16.7522692, 48.10330701 ], [ 16.75276117, 48.1026824 ], [ 16.75331307, 48.10208068 ], [ 16.75392253, 48.10150443 ], [ 16.75439001, 48.10111863 ], [ 16.75478889, 48.10081009 ], [ 16.75530345, 48.10043805 ], [ 16.756069, 48.09995249 ], [ 16.7568803, 48.09950151 ], [ 16.75773389, 48.09908703 ], [ 16.7586261, 48.09871082 ], [ 16.75955313, 48.0983745 ], [ 16.76051099, 48.09807951 ], [ 16.7614956, 48.09782711 ], [ 16.76250273, 48.09761837 ], [ 16.76331215, 48.09748877 ], [ 16.76364477, 48.09744084 ], [ 16.76456726, 48.09733529 ], [ 16.76561582, 48.09726215 ], [ 16.76666927, 48.0972351 ], [ 16.76772311, 48.09725426 ], [ 16.76877282, 48.09731953 ], [ 16.76959289, 48.09740313 ], [ 16.769593, 48.09740314 ], [ 16.76996177, 48.09744727 ], [ 16.77125544, 48.09760205 ], [ 16.77133809, 48.09757223 ], [ 16.77189105, 48.0973818 ], [ 16.7714769, 48.09575682 ], [ 16.7713971, 48.09540974 ], [ 16.77128784, 48.09470735 ], [ 16.77124739, 48.09400166 ], [ 16.77127593, 48.09329572 ], [ 16.77137332, 48.09259254 ], [ 16.77153915, 48.09189513 ], [ 16.7717727, 48.09120648 ], [ 16.77207297, 48.09052954 ], [ 16.77233205, 48.09004706 ], [ 16.77317361, 48.08858947 ], [ 16.77328023, 48.08840961 ], [ 16.77370977, 48.08776471 ], [ 16.77420134, 48.08714001 ], [ 16.77475283, 48.08653819 ], [ 16.77482383, 48.086471 ], [ 16.7747516, 48.0864592 ], [ 16.77443582, 48.08639838 ], [ 16.77380825, 48.08626817 ], [ 16.77349645, 48.08619877 ], [ 16.77318913, 48.08612091 ], [ 16.77257949, 48.08595685 ], [ 16.77198036, 48.08577626 ], [ 16.77139272, 48.08557945 ], [ 16.7711019, 48.08547702 ], [ 16.77081754, 48.08536673 ], [ 16.77025581, 48.08513847 ], [ 16.76970846, 48.08489505 ], [ 16.76917637, 48.08463687 ], [ 16.76891426, 48.08450413 ], [ 16.76866044, 48.08436435 ], [ 16.76833296, 48.08417636 ], [ 16.76795537, 48.08404988 ], [ 16.76766456, 48.08394744 ], [ 16.76738023, 48.08383714 ], [ 16.76681852, 48.08360886 ], [ 16.7662712, 48.08336543 ], [ 16.76573915, 48.08310723 ], [ 16.76547705, 48.08297449 ], [ 16.76522325, 48.0828347 ], [ 16.76472439, 48.0825483 ], [ 16.76424339, 48.0822485 ], [ 16.76378103, 48.0819358 ], [ 16.76355462, 48.08177628 ], [ 16.7633381, 48.08161072 ], [ 16.76291534, 48.0812738 ], [ 16.76270909, 48.08110245 ], [ 16.76251343, 48.0809256 ], [ 16.76213307, 48.08056671 ], [ 16.76184875, 48.08027942 ], [ 16.76165318, 48.08006742 ], [ 16.76155724, 48.07996066 ], [ 16.76127677, 48.07964028 ], [ 16.76120573, 48.07955746 ], [ 16.76106585, 48.07939099 ], [ 16.76084687, 48.07911157 ], [ 16.7605586, 48.07871603 ], [ 16.76042048, 48.07851628 ], [ 16.76029464, 48.07831293 ], [ 16.76005545, 48.07790297 ], [ 16.75984142, 48.07748681 ], [ 16.75969704, 48.07716387 ], [ 16.75965431, 48.07718833 ], [ 16.75876967, 48.07763002 ], [ 16.75806872, 48.07796956 ], [ 16.75754876, 48.07818507 ], [ 16.75673065, 48.07855932 ], [ 16.75629632, 48.07878575 ], [ 16.75582424, 48.07897165 ], [ 16.75390308, 48.0795918 ], [ 16.75353576, 48.07970527 ], [ 16.75300136, 48.07979855 ], [ 16.75222987, 48.08013691 ], [ 16.75186365, 48.08038724 ], [ 16.7514126, 48.08062439 ], [ 16.75081064, 48.08087304 ], [ 16.75050682, 48.08093799 ], [ 16.75052562, 48.08099969 ], [ 16.75029219, 48.08117872 ], [ 16.7509692, 48.08191879 ], [ 16.75131075, 48.0824566 ], [ 16.75147925, 48.08254733 ], [ 16.75144576, 48.08265959 ], [ 16.75077277, 48.08252712 ], [ 16.75053663, 48.0823703 ], [ 16.75031863, 48.08238261 ], [ 16.75003965, 48.08284509 ], [ 16.75033893, 48.08282125 ], [ 16.75015693, 48.08303409 ], [ 16.74853341, 48.08341231 ], [ 16.74800842, 48.08361468 ], [ 16.74810323, 48.08373998 ], [ 16.74824184, 48.08393895 ], [ 16.7483707, 48.08414083 ], [ 16.74848969, 48.08434542 ], [ 16.74859868, 48.0845525 ], [ 16.74869756, 48.08476184 ], [ 16.74878621, 48.08497323 ], [ 16.74886455, 48.08518643 ], [ 16.74893249, 48.08540124 ], [ 16.74898996, 48.08561741 ], [ 16.7490369, 48.08583472 ], [ 16.74907325, 48.08605294 ], [ 16.74908989, 48.08619443 ], [ 16.74933245, 48.08650913 ], [ 16.75004205, 48.08742974 ], [ 16.75039994, 48.08832836 ], [ 16.75002191, 48.08920686 ], [ 16.74985568, 48.08929654 ], [ 16.7498566, 48.08941093 ], [ 16.74986218, 48.08941431 ], [ 16.75026127, 48.08965622 ], [ 16.75079778, 48.08981195 ], [ 16.75133548, 48.08969788 ], [ 16.75163353, 48.08951637 ], [ 16.7520612, 48.08950986 ], [ 16.7526259, 48.08950125 ], [ 16.75262832, 48.08953697 ], [ 16.75270116, 48.09061363 ], [ 16.75262228, 48.09113019 ], [ 16.75311446, 48.09112078 ], [ 16.75329337, 48.09111736 ], [ 16.75443423, 48.09130404 ], [ 16.75453749, 48.09141552 ], [ 16.75487158, 48.09143707 ], [ 16.75517639, 48.09157086 ], [ 16.75548, 48.09166109 ], [ 16.75554507, 48.09161532 ], [ 16.75616587, 48.09171199 ], [ 16.75709163, 48.09185614 ], [ 16.75712465, 48.09178997 ], [ 16.75739387, 48.09177746 ], [ 16.75966343, 48.09239838 ], [ 16.76025331, 48.09281327 ], [ 16.7604884, 48.09283292 ], [ 16.76069086, 48.09296679 ], [ 16.76061086, 48.09344008 ], [ 16.76042803, 48.09375609 ], [ 16.76048447, 48.09414238 ], [ 16.76050005, 48.09424905 ], [ 16.75996716, 48.09454358 ], [ 16.75982258, 48.09512159 ], [ 16.75964059, 48.09584911 ], [ 16.75937477, 48.09627727 ], [ 16.75924136, 48.09627776 ], [ 16.75922523, 48.09635764 ], [ 16.75877342, 48.09661758 ], [ 16.75874207, 48.09688722 ], [ 16.75770862, 48.09774538 ], [ 16.75736129, 48.09816232 ], [ 16.75694404, 48.09844489 ], [ 16.7554108, 48.09986667 ], [ 16.75522629, 48.09987887 ], [ 16.75511168, 48.10002543 ], [ 16.75495822, 48.10003751 ], [ 16.75479298, 48.10025283 ], [ 16.75440874, 48.10036609 ], [ 16.75411669, 48.10040021 ], [ 16.7537238, 48.10044611 ], [ 16.75253167, 48.10058537 ], [ 16.75129005, 48.10062415 ], [ 16.74716442, 48.10110046 ], [ 16.74647062, 48.10112095 ], [ 16.74585481, 48.10113914 ], [ 16.745521, 48.10116113 ], [ 16.74457743, 48.10124923 ], [ 16.74238236, 48.10145415 ], [ 16.74236602, 48.10151042 ], [ 16.73991901, 48.10172224 ], [ 16.73968391, 48.10181216 ], [ 16.73969353, 48.10518379 ], [ 16.73980049, 48.10576827 ], [ 16.73968273, 48.10594911 ], [ 16.73865728, 48.10637944 ], [ 16.73854678, 48.10642581 ], [ 16.73663816, 48.10680784 ], [ 16.73643183, 48.10684914 ], [ 16.73467494, 48.10689793 ] ], [ [ 16.75113811, 48.08527393 ], [ 16.75113792, 48.08525013 ], [ 16.75085402, 48.08527495 ], [ 16.75074518, 48.08498981 ], [ 16.75056399, 48.08453835 ], [ 16.75038395, 48.08422967 ], [ 16.7508792, 48.08398993 ], [ 16.7513038, 48.08379804 ], [ 16.75148078, 48.08372601 ], [ 16.75162493, 48.08398724 ], [ 16.75187562, 48.08424808 ], [ 16.75212535, 48.08438994 ], [ 16.75290468, 48.08414917 ], [ 16.75329377, 48.08395739 ], [ 16.75378862, 48.08367006 ], [ 16.75393162, 48.08378851 ], [ 16.75364908, 48.0839799 ], [ 16.75301391, 48.0844819 ], [ 16.75244957, 48.08495985 ], [ 16.75199213, 48.085485 ], [ 16.75159977, 48.08527226 ], [ 16.75113811, 48.08527393 ] ], [ [ 16.75562098, 48.08835154 ], [ 16.75562932, 48.08834762 ], [ 16.75565446, 48.0883551 ], [ 16.75853351, 48.08771389 ], [ 16.75927159, 48.08748746 ], [ 16.75973683, 48.08723899 ], [ 16.76084511, 48.0872453 ], [ 16.76143392, 48.08733334 ], [ 16.76193827, 48.08755518 ], [ 16.7627479, 48.08817131 ], [ 16.76274994, 48.08841806 ], [ 16.76150687, 48.09017694 ], [ 16.75527736, 48.08986912 ], [ 16.75492667, 48.08985178 ], [ 16.75456964, 48.08979368 ], [ 16.75364975, 48.08964396 ], [ 16.7536825, 48.08944037 ], [ 16.75503573, 48.08881883 ], [ 16.75525164, 48.08864886 ], [ 16.75525163, 48.08864879 ], [ 16.7553807, 48.08846518 ], [ 16.75543007, 48.08844183 ], [ 16.75562098, 48.08835154 ] ] ] } },
{ "type": "Feature", "properties": { "ID": 9, "ZONE": "IN13", "AREA_HA": 409.832521, "COMMUNITIES": "Bruck an der Leitha, Göttlesbrunn-Arbesthal, Höflein, Rohrau", "LEGALFOUNDATIONDATE": "2024-09-01T00:00:00", "LEGISLATIONCODE": "NÖ LGBl. Nr. 47/2024", "LEGISLATIONTITLE": "Sektorales Raumordnungsprogramm über die Windkraftnutzung in Niederösterreich - Änderung", "LASTUPDATE": "2024-09-03T00:00:00" }, "geometry": { "type": "Polygon", "coordinates": [ [ [ 16.78497, 48.05461234 ], [ 16.78537571, 48.05447245 ], [ 16.78555388, 48.05441102 ], [ 16.7861495, 48.05422583 ], [ 16.7867559, 48.05405707 ], [ 16.78706167, 48.05397684 ], [ 16.78737206, 48.05390503 ], [ 16.78799695, 48.05376997 ], [ 16.78831146, 48.05370671 ], [ 16.78862955, 48.0536521 ], [ 16.78926878, 48.05355163 ], [ 16.78991357, 48.05346872 ], [ 16.79056288, 48.0534035 ], [ 16.79121561, 48.0533561 ], [ 16.79187069, 48.05332658 ], [ 16.79219869, 48.0533163 ], [ 16.79252704, 48.05331499 ], [ 16.79318352, 48.05332136 ], [ 16.79383906, 48.05334568 ], [ 16.79449259, 48.05338789 ], [ 16.79481872, 48.05341347 ], [ 16.79514303, 48.05344794 ], [ 16.79578925, 48.05352573 ], [ 16.7964302, 48.05362111 ], [ 16.79706482, 48.05373394 ], [ 16.79766389, 48.05385819 ], [ 16.79769205, 48.05386403 ], [ 16.79831085, 48.05401116 ], [ 16.79861802, 48.05408896 ], [ 16.79892019, 48.05417509 ], [ 16.79951906, 48.05435554 ], [ 16.80010644, 48.05455221 ], [ 16.80068139, 48.05476478 ], [ 16.80096563, 48.054875 ], [ 16.80124293, 48.05499289 ], [ 16.80179012, 48.05523617 ], [ 16.80218339, 48.0554226 ], [ 16.80242835, 48.05554625 ], [ 16.80254994, 48.05560886 ], [ 16.80263037, 48.0556511 ], [ 16.80276702, 48.05572447 ], [ 16.80303787, 48.05587318 ], [ 16.80342368, 48.05609913 ], [ 16.80391696, 48.05640711 ], [ 16.8041694, 48.05657179 ], [ 16.80426948, 48.05663999 ], [ 16.80442813, 48.05675124 ], [ 16.80473773, 48.05697463 ], [ 16.80489018, 48.05708779 ], [ 16.80523232, 48.05734908 ], [ 16.80528706, 48.05739133 ], [ 16.80539586, 48.05747618 ], [ 16.80542317, 48.05749861 ], [ 16.80565622, 48.05769006 ], [ 16.80598258, 48.05797261 ], [ 16.80614959, 48.05812124 ], [ 16.80619348, 48.05816251 ], [ 16.80621904, 48.05818587 ], [ 16.80624922, 48.05821492 ], [ 16.80631053, 48.05827257 ], [ 16.80641821, 48.0583776 ], [ 16.80644537, 48.05840375 ], [ 16.8064541, 48.05841261 ], [ 16.80664685, 48.05860826 ], [ 16.80669365, 48.05865745 ], [ 16.80676971, 48.05873741 ], [ 16.80684371, 48.05881822 ], [ 16.80688924, 48.05886796 ], [ 16.8070674, 48.05906972 ], [ 16.80709867, 48.05910667 ], [ 16.80724301, 48.05927969 ], [ 16.80728894, 48.05933621 ], [ 16.80745354, 48.05954544 ], [ 16.8076161, 48.05964925 ], [ 16.8123766, 48.05757114 ], [ 16.81245521, 48.05753683 ], [ 16.81254022, 48.05749971 ], [ 16.81301652, 48.05729177 ], [ 16.81330772, 48.05716464 ], [ 16.81383697, 48.05693357 ], [ 16.81502304, 48.05641573 ], [ 16.81150441, 48.05373327 ], [ 16.81135423, 48.05351465 ], [ 16.81097713, 48.05285525 ], [ 16.81066516, 48.05218073 ], [ 16.81041967, 48.05149398 ], [ 16.8102417, 48.05079793 ], [ 16.81013201, 48.05009556 ], [ 16.81009107, 48.04938989 ], [ 16.81011906, 48.04868393 ], [ 16.81021584, 48.04798072 ], [ 16.810381, 48.04728325 ], [ 16.81061384, 48.04659452 ], [ 16.81091334, 48.04591747 ], [ 16.81107775, 48.04560236 ], [ 16.81246019, 48.04307853 ], [ 16.81266066, 48.04273118 ], [ 16.81308934, 48.04208613 ], [ 16.81340191, 48.04167679 ], [ 16.81435919, 48.04048635 ], [ 16.81452874, 48.0402755 ], [ 16.81500987, 48.03967716 ], [ 16.81518794, 48.03946162 ], [ 16.81561355, 48.03899618 ], [ 16.81552963, 48.03893738 ], [ 16.81539218, 48.03885131 ], [ 16.81524775, 48.03877055 ], [ 16.81509679, 48.03869534 ], [ 16.81493979, 48.03862593 ], [ 16.81477723, 48.03856253 ], [ 16.81460963, 48.03850534 ], [ 16.81443751, 48.03845455 ], [ 16.81426141, 48.03841031 ], [ 16.81408189, 48.03837275 ], [ 16.81389951, 48.03834201 ], [ 16.81371485, 48.03831817 ], [ 16.81352849, 48.03830132 ], [ 16.81334101, 48.0382915 ], [ 16.81315301, 48.03828874 ], [ 16.81296507, 48.03829306 ], [ 16.81277779, 48.03830444 ], [ 16.81259175, 48.03832284 ], [ 16.81240755, 48.03834821 ], [ 16.81222576, 48.03838046 ], [ 16.81204694, 48.0384195 ], [ 16.81187168, 48.0384652 ], [ 16.81170051, 48.03851742 ], [ 16.81153397, 48.038576 ], [ 16.8113726, 48.03864074 ], [ 16.81127883, 48.03868332 ], [ 16.81106514, 48.03878916 ], [ 16.81092441, 48.03886987 ], [ 16.81078856, 48.03895707 ], [ 16.81066021, 48.03904924 ], [ 16.81053977, 48.0391461 ], [ 16.81042762, 48.03924733 ], [ 16.81032411, 48.03935262 ], [ 16.81022956, 48.03946164 ], [ 16.81014428, 48.03957404 ], [ 16.81006853, 48.03968947 ], [ 16.81000254, 48.03980756 ], [ 16.80994654, 48.03992795 ], [ 16.80990069, 48.04005026 ], [ 16.80986514, 48.0401741 ], [ 16.80983999, 48.04029908 ], [ 16.80982534, 48.04042481 ], [ 16.8098253, 48.04042627 ], [ 16.80691297, 48.04118335 ], [ 16.80712847, 48.041468 ], [ 16.80658603, 48.04170546 ], [ 16.80654319, 48.04169649 ], [ 16.80636081, 48.04166574 ], [ 16.80617614, 48.04164189 ], [ 16.80598977, 48.04162502 ], [ 16.80580228, 48.04161519 ], [ 16.80561426, 48.04161242 ], [ 16.80542631, 48.04161672 ], [ 16.80523902, 48.04162809 ], [ 16.80505297, 48.04164648 ], [ 16.80486875, 48.04167184 ], [ 16.80468694, 48.04170408 ], [ 16.80450811, 48.04174311 ], [ 16.80433282, 48.0417888 ], [ 16.80416163, 48.04184101 ], [ 16.80399508, 48.04189957 ], [ 16.80383368, 48.0419643 ], [ 16.80367795, 48.042035 ], [ 16.80352838, 48.04211145 ], [ 16.80338543, 48.0421934 ], [ 16.80324956, 48.04228059 ], [ 16.80314568, 48.04235517 ], [ 16.80290396, 48.04266386 ], [ 16.8026595, 48.04294731 ], [ 16.80254752, 48.04307431 ], [ 16.8022238, 48.04341664 ], [ 16.80209775, 48.04354411 ], [ 16.80209687, 48.043545 ], [ 16.80204236, 48.04360012 ], [ 16.80184992, 48.04377847 ], [ 16.80145435, 48.04412976 ], [ 16.80103774, 48.04446993 ], [ 16.80060078, 48.04479843 ], [ 16.8003773, 48.04495969 ], [ 16.80014419, 48.04511471 ], [ 16.79966874, 48.04541822 ], [ 16.79917523, 48.04570847 ], [ 16.79903171, 48.04578617 ], [ 16.79881775, 48.045902 ], [ 16.79866446, 48.04598498 ], [ 16.79840485, 48.04611976 ], [ 16.79813728, 48.04624731 ], [ 16.79759458, 48.04649498 ], [ 16.79731946, 48.0466151 ], [ 16.79703726, 48.0467276 ], [ 16.79646625, 48.04694479 ], [ 16.79612727, 48.04706663 ], [ 16.79602679, 48.0471007 ], [ 16.79597649, 48.04711761 ], [ 16.79472936, 48.04753314 ], [ 16.79448375, 48.04761153 ], [ 16.7939887, 48.0477627 ], [ 16.79373619, 48.04783231 ], [ 16.79315255, 48.04802925 ], [ 16.79209897, 48.0483847 ], [ 16.79183554, 48.04846959 ], [ 16.79130426, 48.04863289 ], [ 16.79073068, 48.04879155 ], [ 16.79011459, 48.0489436 ], [ 16.78980424, 48.04901541 ], [ 16.7895124, 48.04907138 ], [ 16.78928886, 48.04911425 ], [ 16.78907629, 48.04914992 ], [ 16.788855, 48.04919116 ], [ 16.7885368, 48.04924579 ], [ 16.78822252, 48.04929518 ], [ 16.78790158, 48.04934102 ], [ 16.78763344, 48.0493755 ], [ 16.78737606, 48.04941128 ], [ 16.78693407, 48.04946415 ], [ 16.78660844, 48.04949231 ], [ 16.78595574, 48.04953969 ], [ 16.78548961, 48.04956436 ], [ 16.78521134, 48.04957365 ], [ 16.78507213, 48.04957748 ], [ 16.78330931, 48.04961579 ], [ 16.78269124, 48.04963174 ], [ 16.78261459, 48.0496373 ], [ 16.78207948, 48.04967612 ], [ 16.78161479, 48.04970073 ], [ 16.78133941, 48.04970995 ], [ 16.7812017, 48.04971376 ], [ 16.78102526, 48.04971763 ], [ 16.7807004, 48.0497247 ], [ 16.78045226, 48.04973008 ], [ 16.78020887, 48.04973536 ], [ 16.77992386, 48.04974151 ], [ 16.77973545, 48.0497441 ], [ 16.7793586, 48.04974632 ], [ 16.77884201, 48.04973823 ], [ 16.77818651, 48.04971383 ], [ 16.77753304, 48.04967152 ], [ 16.77688269, 48.04961137 ], [ 16.77623656, 48.04953349 ], [ 16.77559569, 48.04943799 ], [ 16.7752767, 48.04938585 ], [ 16.77496115, 48.04932504 ], [ 16.77433403, 48.04919482 ], [ 16.77402245, 48.04912542 ], [ 16.77371535, 48.04904756 ], [ 16.77310615, 48.0488835 ], [ 16.77250745, 48.04870292 ], [ 16.77192023, 48.0485061 ], [ 16.77162961, 48.04840367 ], [ 16.77134546, 48.04829338 ], [ 16.77078413, 48.04806512 ], [ 16.77023717, 48.0478217 ], [ 16.76970546, 48.04756352 ], [ 16.76944354, 48.04743079 ], [ 16.76918991, 48.047291 ], [ 16.76869137, 48.04700461 ], [ 16.76821067, 48.04670483 ], [ 16.76774861, 48.04639214 ], [ 16.76752234, 48.04623263 ], [ 16.76730596, 48.04606707 ], [ 16.76688347, 48.04573017 ], [ 16.76673526, 48.04560697 ], [ 16.76662944, 48.04559084 ], [ 16.76625942, 48.04553445 ], [ 16.76590468, 48.04548038 ], [ 16.76489517, 48.04527915 ], [ 16.76390746, 48.04503407 ], [ 16.76294578, 48.04474618 ], [ 16.76201425, 48.04441673 ], [ 16.76111686, 48.04404712 ], [ 16.76025746, 48.04363894 ], [ 16.75956368, 48.0432614 ], [ 16.75956336, 48.0432614 ], [ 16.75923594, 48.04325904 ], [ 16.7589088, 48.04324952 ], [ 16.7585823, 48.04323287 ], [ 16.75825679, 48.0432091 ], [ 16.7579326, 48.04317824 ], [ 16.75761008, 48.04314032 ], [ 16.75728957, 48.04309538 ], [ 16.75697142, 48.04304346 ], [ 16.75665595, 48.04298462 ], [ 16.75634351, 48.04291893 ], [ 16.75603442, 48.04284646 ], [ 16.75572902, 48.04276727 ], [ 16.75542762, 48.04268146 ], [ 16.75513055, 48.04258912 ], [ 16.75483812, 48.04249034 ], [ 16.75455064, 48.04238523 ], [ 16.75426841, 48.0422739 ], [ 16.75399174, 48.04215646 ], [ 16.75372092, 48.04203305 ], [ 16.75345623, 48.0419038 ], [ 16.75319796, 48.04176883 ], [ 16.75294637, 48.0416283 ], [ 16.75284092, 48.04156538 ], [ 16.75448733, 48.04381748 ], [ 16.75473122, 48.04395022 ], [ 16.75550377, 48.04443017 ], [ 16.75622788, 48.04494296 ], [ 16.75690044, 48.04548642 ], [ 16.75751856, 48.0460582 ], [ 16.7580796, 48.04665586 ], [ 16.75830833, 48.04692709 ], [ 16.76084995, 48.05004494 ], [ 16.76112281, 48.05039469 ], [ 16.76156279, 48.05103633 ], [ 16.76193926, 48.05169589 ], [ 16.76225058, 48.05237054 ], [ 16.76249544, 48.0530574 ], [ 16.76267277, 48.05375353 ], [ 16.76272812, 48.05410999 ], [ 16.76332916, 48.05502785 ], [ 16.76448856, 48.05713671 ], [ 16.76457456, 48.05749725 ], [ 16.764692, 48.05777131 ], [ 16.76636549, 48.06005884 ], [ 16.76661361, 48.05993552 ], [ 16.76715658, 48.059688 ], [ 16.76771417, 48.05945552 ], [ 16.76799651, 48.05934309 ], [ 16.76828545, 48.05923847 ], [ 16.76886944, 48.05903723 ], [ 16.76946518, 48.05885213 ], [ 16.77007169, 48.05868346 ], [ 16.77037751, 48.05860327 ], [ 16.77068795, 48.05853151 ], [ 16.77131295, 48.05839654 ], [ 16.7716275, 48.05833332 ], [ 16.77194564, 48.05827876 ], [ 16.77258496, 48.05817838 ], [ 16.77278195, 48.05815308 ], [ 16.77330579, 48.05791424 ], [ 16.77386334, 48.05768173 ], [ 16.77414565, 48.05756928 ], [ 16.77443457, 48.05746465 ], [ 16.77501852, 48.05726338 ], [ 16.77561421, 48.05707824 ], [ 16.77622068, 48.05690954 ], [ 16.77654154, 48.05682585 ], [ 16.77685718, 48.05667293 ], [ 16.77740007, 48.05642536 ], [ 16.77795757, 48.05619283 ], [ 16.77823987, 48.05608037 ], [ 16.77852877, 48.05597573 ], [ 16.77911269, 48.05577444 ], [ 16.77970835, 48.05558928 ], [ 16.78031479, 48.05542056 ], [ 16.78062058, 48.05534034 ], [ 16.78093098, 48.05526855 ], [ 16.78155591, 48.05513352 ], [ 16.78187043, 48.05507028 ], [ 16.78218854, 48.05501569 ], [ 16.7828278, 48.05491526 ], [ 16.78347262, 48.05483238 ], [ 16.78412195, 48.05476721 ], [ 16.78466636, 48.05472289 ], [ 16.78497, 48.05461234 ] ], [ [ 16.76332491, 48.05102156 ], [ 16.76351783, 48.05095892 ], [ 16.76272935, 48.05024021 ], [ 16.76347493, 48.0499965 ], [ 16.76347735, 48.04999571 ], [ 16.76378159, 48.04989626 ], [ 16.764515, 48.05056465 ], [ 16.76457196, 48.05061657 ], [ 16.76477449, 48.05080115 ], [ 16.76521661, 48.05120409 ], [ 16.76526264, 48.05124604 ], [ 16.76536725, 48.05134138 ], [ 16.76553969, 48.05149854 ], [ 16.76566741, 48.05161372 ], [ 16.76593427, 48.05186618 ], [ 16.76686944, 48.05275085 ], [ 16.7684837, 48.05427787 ], [ 16.76871052, 48.05449243 ], [ 16.76972747, 48.05545434 ], [ 16.76974885, 48.05547456 ], [ 16.76982529, 48.05554994 ], [ 16.76980383, 48.05555838 ], [ 16.7697044, 48.05559749 ], [ 16.76918868, 48.05579801 ], [ 16.76888048, 48.05591788 ], [ 16.76801282, 48.05625534 ], [ 16.76775021, 48.05635751 ], [ 16.76746808, 48.05646721 ], [ 16.76728342, 48.05653904 ], [ 16.76726205, 48.05650279 ], [ 16.76716543, 48.05639458 ], [ 16.76705124, 48.05626671 ], [ 16.76557075, 48.0546086 ], [ 16.76425103, 48.05313044 ], [ 16.76261548, 48.05129602 ], [ 16.76258796, 48.05126038 ], [ 16.76260802, 48.05125432 ], [ 16.76332491, 48.05102156 ] ] ] } },
{ "type": "Feature", "properties": { "ID": 13, "ZONE": "IN14", "AREA_HA": 948.928113, "COMMUNITIES": "Höflein, Petronell-Carnuntum, Rohrau, Scharndorf", "LEGALFOUNDATIONDATE": "2024-09-01T00:00:00", "LEGISLATIONCODE": "NÖ LGBl. Nr. 47/2024", "LEGISLATIONTITLE": "Sektorales Raumordnungsprogramm über die Windkraftnutzung in Niederösterreich - Änderung", "LASTUPDATE": "2024-09-03T00:00:00" }, "geometry": { "type": "MultiPolygon", "coordinates": [ [ [ [ 16.83856846, 48.11093251 ], [ 16.84178309, 48.10516762 ], [ 16.83144503, 48.10542345 ], [ 16.83170725, 48.10580452 ], [ 16.83208501, 48.10646384 ], [ 16.83239759, 48.10713829 ], [ 16.83264365, 48.107825 ], [ 16.83277883, 48.10835218 ], [ 16.8306158, 48.11164743 ], [ 16.83234245, 48.11179922 ], [ 16.8324456, 48.11180829 ], [ 16.83273206, 48.11183347 ], [ 16.83563982, 48.11208902 ], [ 16.83794591, 48.11210138 ], [ 16.83795421, 48.11203381 ], [ 16.83796232, 48.11202701 ], [ 16.83795635, 48.11202703 ], [ 16.83813773, 48.11151896 ], [ 16.83856846, 48.11093251 ] ] ], [ [ [ 16.80819138, 48.0785289 ], [ 16.80912876, 48.07903432 ], [ 16.80982625, 48.07941038 ], [ 16.81660574, 48.08306517 ], [ 16.81817131, 48.08345208 ], [ 16.81934867, 48.08274838 ], [ 16.81965173, 48.08256724 ], [ 16.82019222, 48.08289233 ], [ 16.82087356, 48.08344705 ], [ 16.82152046, 48.08402515 ], [ 16.82211613, 48.08468478 ], [ 16.82257247, 48.0852753 ], [ 16.8229816, 48.08593396 ], [ 16.82342266, 48.08657536 ], [ 16.82380018, 48.0872347 ], [ 16.82411253, 48.08790918 ], [ 16.82435838, 48.0885959 ], [ 16.82437042, 48.08864291 ], [ 16.82320294, 48.08941652 ], [ 16.82098463, 48.09110261 ], [ 16.8210743, 48.09118008 ], [ 16.82127714, 48.091264 ], [ 16.82479664, 48.09345454 ], [ 16.82395014, 48.09398179 ], [ 16.82386579, 48.09417242 ], [ 16.82350071, 48.09483492 ], [ 16.82307173, 48.09548 ], [ 16.82258068, 48.09610491 ], [ 16.82247463, 48.09622789 ], [ 16.82185092, 48.09705166 ], [ 16.82143733, 48.09759839 ], [ 16.84474996, 48.1011085 ], [ 16.84510498, 48.10065644 ], [ 16.84565578, 48.10005429 ], [ 16.84626418, 48.09947754 ], [ 16.84646064, 48.09931501 ], [ 16.85124928, 48.09969245 ], [ 16.85138798, 48.09953955 ], [ 16.85144808, 48.09947329 ], [ 16.85157589, 48.09934927 ], [ 16.85171427, 48.09921498 ], [ 16.85226861, 48.09870915 ], [ 16.85236809, 48.09862371 ], [ 16.85286592, 48.09822577 ], [ 16.8531099, 48.09805019 ], [ 16.8530955, 48.09780566 ], [ 16.85309602, 48.09736329 ], [ 16.85316571, 48.09682374 ], [ 16.85263927, 48.09652825 ], [ 16.85223081, 48.09629899 ], [ 16.85223016, 48.09629862 ], [ 16.85218743, 48.09627515 ], [ 16.85218188, 48.09627254 ], [ 16.85217439, 48.09627049 ], [ 16.85262496, 48.09611082 ], [ 16.85345326, 48.09586129 ], [ 16.85346044, 48.09584292 ], [ 16.85355261, 48.09563486 ], [ 16.85365472, 48.09542889 ], [ 16.85376667, 48.09522523 ], [ 16.85388834, 48.09502409 ], [ 16.8540196, 48.09482567 ], [ 16.85416033, 48.09463019 ], [ 16.85431037, 48.09443784 ], [ 16.85446957, 48.09424882 ], [ 16.85463776, 48.09406333 ], [ 16.85481478, 48.09388157 ], [ 16.85488318, 48.09380496 ], [ 16.85505965, 48.09362112 ], [ 16.85524492, 48.0934412 ], [ 16.8554388, 48.0932654 ], [ 16.85564107, 48.09309391 ], [ 16.85585153, 48.09292689 ], [ 16.85606995, 48.09276453 ], [ 16.85629612, 48.09260699 ], [ 16.85642964, 48.09251982 ], [ 16.85644393, 48.09246707 ], [ 16.8595455, 48.08767334 ], [ 16.85888168, 48.0816071 ], [ 16.85884758, 48.08160349 ], [ 16.85781962, 48.0814478 ], [ 16.85750252, 48.08139008 ], [ 16.85731393, 48.08139997 ], [ 16.85626085, 48.08142785 ], [ 16.85520731, 48.08140951 ], [ 16.85415782, 48.08134503 ], [ 16.85311687, 48.08123468 ], [ 16.85208893, 48.08107893 ], [ 16.85107839, 48.08087846 ], [ 16.8500896, 48.08063413 ], [ 16.84912678, 48.08034697 ], [ 16.84819406, 48.08001822 ], [ 16.84729544, 48.07964929 ], [ 16.84643476, 48.07924177 ], [ 16.84561571, 48.07879738 ], [ 16.84484181, 48.07831805 ], [ 16.84466968, 48.07820248 ], [ 16.84336195, 48.07731104 ], [ 16.84331875, 48.07728429 ], [ 16.84310251, 48.07713574 ], [ 16.84308083, 48.0771213 ], [ 16.84293385, 48.07701989 ], [ 16.84289247, 48.07699146 ], [ 16.84288729, 48.07698776 ], [ 16.84264761, 48.07681675 ], [ 16.84160898, 48.07609112 ], [ 16.84005451, 48.07500503 ], [ 16.8398318, 48.07484625 ], [ 16.83807988, 48.07357156 ], [ 16.83788686, 48.07342857 ], [ 16.8372131, 48.0728856 ], [ 16.83659377, 48.07231426 ], [ 16.83603154, 48.07171699 ], [ 16.83591605, 48.07157441 ], [ 16.83576936, 48.07151415 ], [ 16.83490891, 48.07110654 ], [ 16.8340901, 48.07066207 ], [ 16.83331642, 48.07018266 ], [ 16.83271441, 48.06976224 ], [ 16.82981377, 48.06762372 ], [ 16.82575292, 48.06480664 ], [ 16.82529465, 48.06447507 ], [ 16.82462113, 48.06393202 ], [ 16.82400205, 48.06336061 ], [ 16.82344007, 48.06276327 ], [ 16.82297474, 48.06218848 ], [ 16.82248344, 48.06198656 ], [ 16.82075231, 48.06094965 ], [ 16.82020871, 48.061187 ], [ 16.81923359, 48.06161274 ], [ 16.81875296, 48.06182258 ], [ 16.81825844, 48.06203848 ], [ 16.81250244, 48.06455121 ], [ 16.81259339, 48.064718 ], [ 16.81268023, 48.06488577 ], [ 16.81276294, 48.06505447 ], [ 16.8128415, 48.06522407 ], [ 16.81291589, 48.06539451 ], [ 16.81298608, 48.06556574 ], [ 16.81305206, 48.06573773 ], [ 16.8130803, 48.06582765 ], [ 16.8130978, 48.06587339 ], [ 16.81323482, 48.06630388 ], [ 16.81324301, 48.06633598 ], [ 16.81328207, 48.06648905 ], [ 16.81334554, 48.06673777 ], [ 16.81342976, 48.06717432 ], [ 16.81348735, 48.06761281 ], [ 16.81350947, 48.06783245 ], [ 16.8135182, 48.06805251 ], [ 16.81352227, 48.06849269 ], [ 16.81351761, 48.06871281 ], [ 16.81349955, 48.06893262 ], [ 16.81345008, 48.06937155 ], [ 16.81341866, 48.06959068 ], [ 16.81337336, 48.06981121 ], [ 16.81329119, 48.07015805 ], [ 16.81326095, 48.07033081 ], [ 16.81315826, 48.07076558 ], [ 16.81307541, 48.07104264 ], [ 16.81302919, 48.07119719 ], [ 16.81287396, 48.0716249 ], [ 16.81279899, 48.07181455 ], [ 16.8124737, 48.0725323 ], [ 16.81206443, 48.07322091 ], [ 16.81158558, 48.07388906 ], [ 16.81103942, 48.07453361 ], [ 16.81042851, 48.0751515 ], [ 16.80975574, 48.07573984 ], [ 16.80902428, 48.07629583 ], [ 16.80823758, 48.07681686 ], [ 16.80739935, 48.07730046 ], [ 16.80651355, 48.07774436 ], [ 16.80558435, 48.07814646 ], [ 16.80461615, 48.07850485 ], [ 16.8036135, 48.07881786 ], [ 16.80337884, 48.07890818 ], [ 16.80314195, 48.07899584 ], [ 16.80290289, 48.07908083 ], [ 16.80266174, 48.0791631 ], [ 16.80241855, 48.07924266 ], [ 16.80217341, 48.07931946 ], [ 16.80192637, 48.07939349 ], [ 16.80181535, 48.07945027 ], [ 16.80170361, 48.0795064 ], [ 16.80159114, 48.07956188 ], [ 16.80147795, 48.0796167 ], [ 16.80136407, 48.07967087 ], [ 16.80124948, 48.07972437 ], [ 16.80113421, 48.0797772 ], [ 16.80139244, 48.07979358 ], [ 16.80165025, 48.07981274 ], [ 16.80190757, 48.07983469 ], [ 16.80216432, 48.07985941 ], [ 16.80242045, 48.07988689 ], [ 16.80267588, 48.07991714 ], [ 16.80293056, 48.07995014 ], [ 16.80301518, 48.07996014 ], [ 16.80383438, 48.07967265 ], [ 16.80465863, 48.07932611 ], [ 16.80502348, 48.07917245 ], [ 16.80530959, 48.07905203 ], [ 16.80554475, 48.07895196 ], [ 16.80585757, 48.07878817 ], [ 16.80716233, 48.07811192 ], [ 16.80727098, 48.07803278 ], [ 16.80811022, 48.07850914 ], [ 16.80816821, 48.07854263 ], [ 16.80819138, 48.0785289 ] ] ] ] } },
{ "type": "Feature", "properties": { "ID": 15, "ZONE": "IN15", "AREA_HA": 445.890994, "COMMUNITIES": "Bad Deutsch-Altenburg, Petronell-Carnuntum, Prellenkirchen, Rohrau", "LEGALFOUNDATIONDATE": "2024-09-01T00:00:00", "LEGISLATIONCODE": "NÖ LGBl. Nr. 47/2024", "LEGISLATIONTITLE": "Sektorales Raumordnungsprogramm über die Windkraftnutzung in Niederösterreich - Änderung", "LASTUPDATE": "2024-09-03T00:00:00" }, "geometry": { "type": "Polygon", "coordinates": [ [ [ 16.89910427, 48.10565773 ], [ 16.89893218, 48.10564429 ], [ 16.89419594, 48.10527434 ], [ 16.89727553, 48.10380307 ], [ 16.89740643, 48.1036473 ], [ 16.89768687, 48.10362463 ], [ 16.89825367, 48.10337876 ], [ 16.89827829, 48.10337475 ], [ 16.89825204, 48.10338633 ], [ 16.89992086, 48.10351712 ], [ 16.89996542, 48.10352061 ], [ 16.89995236, 48.10330149 ], [ 16.89994995, 48.1030822 ], [ 16.89995819, 48.10286297 ], [ 16.89997706, 48.10264404 ], [ 16.89997859, 48.10263044 ], [ 16.90000852, 48.10241329 ], [ 16.90004907, 48.10219625 ], [ 16.90010011, 48.1019802 ], [ 16.90016157, 48.10176538 ], [ 16.90023341, 48.10155201 ], [ 16.90031553, 48.10134031 ], [ 16.90040786, 48.1011305 ], [ 16.90051029, 48.10092281 ], [ 16.90062272, 48.10071745 ], [ 16.90074504, 48.10051464 ], [ 16.90087711, 48.1003146 ], [ 16.90101879, 48.10011753 ], [ 16.90116993, 48.09992364 ], [ 16.90133038, 48.09973313 ], [ 16.90149997, 48.09954621 ], [ 16.90167851, 48.09936307 ], [ 16.90186582, 48.0991839 ], [ 16.90206171, 48.0990089 ], [ 16.90214981, 48.09893529 ], [ 16.9022638, 48.09884 ], [ 16.90247668, 48.0986734 ], [ 16.90269753, 48.09851152 ], [ 16.90292612, 48.09835454 ], [ 16.90316221, 48.09820261 ], [ 16.90321585, 48.0981258 ], [ 16.90330025, 48.09800496 ], [ 16.90344776, 48.0978104 ], [ 16.90360459, 48.09761913 ], [ 16.90377057, 48.09743137 ], [ 16.90394553, 48.0972473 ], [ 16.90412929, 48.09706711 ], [ 16.90432165, 48.09689101 ], [ 16.90452241, 48.09671916 ], [ 16.90473137, 48.09655175 ], [ 16.90494829, 48.09638896 ], [ 16.90517297, 48.09623096 ], [ 16.90540515, 48.0960779 ], [ 16.90555112, 48.09598772 ], [ 16.90555989, 48.09598187 ], [ 16.90568638, 48.09590046 ], [ 16.90581497, 48.09582054 ], [ 16.90594561, 48.09574212 ], [ 16.90607828, 48.09566525 ], [ 16.90621292, 48.09558993 ], [ 16.9063495, 48.0955162 ], [ 16.90648798, 48.09544407 ], [ 16.90662831, 48.09537357 ], [ 16.90677045, 48.09530472 ], [ 16.90691437, 48.09523753 ], [ 16.90706, 48.09517204 ], [ 16.90720732, 48.09510825 ], [ 16.90735627, 48.09504619 ], [ 16.90750682, 48.09498589 ], [ 16.90765891, 48.09492734 ], [ 16.9078125, 48.09487058 ], [ 16.90796754, 48.09481562 ], [ 16.90812399, 48.09476248 ], [ 16.90828179, 48.09471118 ], [ 16.90844091, 48.09466172 ], [ 16.90860128, 48.09461412 ], [ 16.90876287, 48.09456841 ], [ 16.90892563, 48.09452459 ], [ 16.90908949, 48.09448267 ], [ 16.90925442, 48.09444267 ], [ 16.90942037, 48.0944046 ], [ 16.90958728, 48.09436848 ], [ 16.90975511, 48.09433431 ], [ 16.9099238, 48.0943021 ], [ 16.9100933, 48.09427186 ], [ 16.91026356, 48.09424361 ], [ 16.91043453, 48.09421735 ], [ 16.91060616, 48.09419309 ], [ 16.91077839, 48.09417083 ], [ 16.91095117, 48.09415059 ], [ 16.91112446, 48.09413236 ], [ 16.91129819, 48.09411617 ], [ 16.91147232, 48.094102 ], [ 16.91164679, 48.09408986 ], [ 16.91182154, 48.09407977 ], [ 16.91199654, 48.09407171 ], [ 16.91205826, 48.09406959 ], [ 16.9116422, 48.09290877 ], [ 16.91162466, 48.09285669 ], [ 16.91105688, 48.09289515 ], [ 16.9104345, 48.09293731 ], [ 16.91030555, 48.09294604 ], [ 16.90906809, 48.09299377 ], [ 16.90734326, 48.09306701 ], [ 16.90677213, 48.09309126 ], [ 16.90628632, 48.09305685 ], [ 16.90740987, 48.08933433 ], [ 16.90646184, 48.08914678 ], [ 16.90547262, 48.08890293 ], [ 16.90450935, 48.08861624 ], [ 16.90357613, 48.08828794 ], [ 16.90267697, 48.08791945 ], [ 16.90181572, 48.08751234 ], [ 16.9010062, 48.08707385 ], [ 16.900822, 48.08711527 ], [ 16.90051642, 48.08717715 ], [ 16.90036316, 48.08720708 ], [ 16.90004207, 48.08726747 ], [ 16.89987892, 48.08729693 ], [ 16.89955177, 48.08735353 ], [ 16.89906652, 48.08742685 ], [ 16.89842147, 48.08751037 ], [ 16.89809766, 48.08754773 ], [ 16.89786996, 48.08756762 ], [ 16.89793965, 48.08781434 ], [ 16.89740183, 48.08788527 ], [ 16.89756708, 48.08896283 ], [ 16.89748407, 48.0891209 ], [ 16.89515129, 48.08907747 ], [ 16.89490589, 48.08818278 ], [ 16.8947479, 48.08821482 ], [ 16.89459852, 48.08824406 ], [ 16.8940669, 48.08834441 ], [ 16.89389987, 48.08837464 ], [ 16.89356494, 48.08843269 ], [ 16.89307578, 48.08850666 ], [ 16.8924307, 48.08859015 ], [ 16.89210688, 48.08862749 ], [ 16.89178106, 48.08865594 ], [ 16.89112798, 48.08870392 ], [ 16.89047253, 48.08873401 ], [ 16.88981578, 48.08874615 ], [ 16.88948721, 48.08874774 ], [ 16.88915882, 48.08874034 ], [ 16.88850277, 48.08871657 ], [ 16.88784873, 48.08867489 ], [ 16.88719777, 48.08861537 ], [ 16.88655098, 48.0885381 ], [ 16.88590943, 48.08844322 ], [ 16.88559008, 48.0883914 ], [ 16.88527417, 48.08833088 ], [ 16.8846463, 48.08820128 ], [ 16.88433434, 48.08813218 ], [ 16.88402684, 48.08805461 ], [ 16.88341684, 48.08789114 ], [ 16.8828173, 48.08771114 ], [ 16.88222922, 48.08751489 ], [ 16.88193817, 48.08741275 ], [ 16.88165357, 48.08730273 ], [ 16.88109133, 48.08707501 ], [ 16.88054344, 48.08683212 ], [ 16.88001078, 48.08657446 ], [ 16.87974837, 48.08644198 ], [ 16.87949425, 48.08630244 ], [ 16.87899473, 48.08601654 ], [ 16.87851303, 48.08571722 ], [ 16.87804996, 48.08540498 ], [ 16.87782318, 48.08524569 ], [ 16.87760628, 48.08508034 ], [ 16.87718274, 48.08474385 ], [ 16.8769761, 48.08457271 ], [ 16.87678005, 48.08439606 ], [ 16.87639886, 48.08403755 ], [ 16.87631779, 48.08395431 ], [ 16.8761903, 48.08386102 ], [ 16.87576678, 48.08352452 ], [ 16.87556014, 48.08335338 ], [ 16.8753641, 48.08317672 ], [ 16.87498294, 48.08281821 ], [ 16.87479782, 48.08263635 ], [ 16.87462392, 48.08244958 ], [ 16.87428764, 48.08207144 ], [ 16.87397468, 48.08168444 ], [ 16.87368553, 48.08128919 ], [ 16.87354697, 48.08108958 ], [ 16.87342068, 48.08088636 ], [ 16.87318058, 48.08047663 ], [ 16.87306196, 48.0802471 ], [ 16.87303969, 48.08020309 ], [ 16.87303013, 48.08018222 ], [ 16.87299296, 48.0802361 ], [ 16.87290314, 48.0803663 ], [ 16.87263372, 48.07994982 ], [ 16.87254468, 48.07981218 ], [ 16.8724664, 48.07969275 ], [ 16.87243112, 48.07973838 ], [ 16.87084422, 48.08179119 ], [ 16.87003829, 48.08283134 ], [ 16.86959287, 48.08340647 ], [ 16.86921183, 48.0839009 ], [ 16.86882634, 48.0843939 ], [ 16.86859827, 48.08468556 ], [ 16.86844032, 48.08488754 ], [ 16.86802329, 48.08539571 ], [ 16.86797625, 48.08546988 ], [ 16.86773698, 48.08583343 ], [ 16.86759937, 48.08604241 ], [ 16.86753433, 48.08616601 ], [ 16.86718433, 48.0868629 ], [ 16.86711411, 48.08701182 ], [ 16.8670324, 48.08737507 ], [ 16.86698331, 48.08757207 ], [ 16.86698962, 48.08839377 ], [ 16.86699499, 48.08888901 ], [ 16.86699676, 48.08906132 ], [ 16.86696188, 48.08929689 ], [ 16.86695597, 48.08933679 ], [ 16.86701215, 48.0893824 ], [ 16.86699962, 48.08942624 ], [ 16.86693671, 48.08946099 ], [ 16.86687997, 48.08984485 ], [ 16.8668718, 48.08990016 ], [ 16.86672544, 48.09089032 ], [ 16.86691162, 48.0909038 ], [ 16.86702451, 48.09091366 ], [ 16.8673267, 48.09094122 ], [ 16.86754001, 48.09096224 ], [ 16.86786454, 48.09100025 ], [ 16.86818704, 48.09104535 ], [ 16.86850715, 48.0910975 ], [ 16.86882456, 48.09115664 ], [ 16.86913891, 48.0912227 ], [ 16.86944986, 48.09129561 ], [ 16.86975708, 48.09137531 ], [ 16.87006025, 48.09146169 ], [ 16.87035904, 48.09155467 ], [ 16.87065314, 48.09165415 ], [ 16.87094221, 48.09176002 ], [ 16.87122596, 48.09187218 ], [ 16.87150408, 48.09199049 ], [ 16.87177628, 48.09211483 ], [ 16.87204226, 48.09224508 ], [ 16.87230174, 48.09238108 ], [ 16.87255444, 48.09252269 ], [ 16.87280009, 48.09266978 ], [ 16.87303842, 48.09282216 ], [ 16.87326919, 48.09297969 ], [ 16.87349214, 48.09314219 ], [ 16.87370704, 48.09330949 ], [ 16.87391365, 48.09348141 ], [ 16.87410928, 48.09365556 ], [ 16.87411176, 48.09365777 ], [ 16.87430114, 48.09383837 ], [ 16.87448161, 48.09402303 ], [ 16.87459, 48.09414228 ], [ 16.87459013, 48.09414242 ], [ 16.87466008, 48.09422 ], [ 16.87476159, 48.09434037 ], [ 16.87481839, 48.09440805 ], [ 16.87482143, 48.09441167 ], [ 16.8748599, 48.09446107 ], [ 16.87490226, 48.09451546 ], [ 16.87496709, 48.09459869 ], [ 16.87510395, 48.09478868 ], [ 16.87523188, 48.09498144 ], [ 16.87535075, 48.09517678 ], [ 16.87546044, 48.09537452 ], [ 16.87556085, 48.09557446 ], [ 16.87565187, 48.09577641 ], [ 16.87573343, 48.09598017 ], [ 16.87580543, 48.09618553 ], [ 16.87586781, 48.0963923 ], [ 16.87590083, 48.09652258 ], [ 16.87592051, 48.09660028 ], [ 16.87596348, 48.09680926 ], [ 16.87599666, 48.09701904 ], [ 16.87617408, 48.09710491 ], [ 16.87654962, 48.09728387 ], [ 16.87660794, 48.09731184 ], [ 16.87689379, 48.0974556 ], [ 16.87714911, 48.09759004 ], [ 16.87807064, 48.09786452 ], [ 16.87832835, 48.09795524 ], [ 16.87869189, 48.0980832 ], [ 16.87900387, 48.09819302 ], [ 16.87957891, 48.09842252 ], [ 16.88043826, 48.09878188 ], [ 16.8807624, 48.09892106 ], [ 16.88162367, 48.09932833 ], [ 16.88163905, 48.09933613 ], [ 16.88267524, 48.09986225 ], [ 16.88218666, 48.1003145 ], [ 16.88159514, 48.10086203 ], [ 16.88169231, 48.10089019 ], [ 16.88235715, 48.10119902 ], [ 16.88303866, 48.10155517 ], [ 16.88344955, 48.10178964 ], [ 16.88421813, 48.1022855 ], [ 16.88515987, 48.10235942 ], [ 16.88645688, 48.10246122 ], [ 16.88748562, 48.10475943 ], [ 16.887583, 48.10481299 ], [ 16.88770036, 48.10487751 ], [ 16.88773878, 48.1048986 ], [ 16.8877737, 48.10491777 ], [ 16.88798066, 48.10503147 ], [ 16.88834324, 48.1052308 ], [ 16.88840382, 48.10526444 ], [ 16.88852438, 48.10533205 ], [ 16.88882989, 48.10551236 ], [ 16.88931184, 48.10581164 ], [ 16.88974051, 48.10609865 ], [ 16.88986982, 48.106192 ], [ 16.89026857, 48.10647942 ], [ 16.89047044, 48.10663051 ], [ 16.89077512, 48.10686737 ], [ 16.89080221, 48.10688854 ], [ 16.89080497, 48.10689071 ], [ 16.89080595, 48.10689148 ], [ 16.8911069, 48.1071415 ], [ 16.89168703, 48.10765402 ], [ 16.89196368, 48.10791419 ], [ 16.89196701, 48.10791748 ], [ 16.89214298, 48.1081055 ], [ 16.89221475, 48.10818218 ], [ 16.89252399, 48.10853499 ], [ 16.89268907, 48.10872331 ], [ 16.89286029, 48.10893235 ], [ 16.89939672, 48.10614317 ], [ 16.899404, 48.10614006 ], [ 16.90030606, 48.10575157 ], [ 16.89910427, 48.10565773 ] ] ] } },
{ "type": "Feature", "properties": { "ID": 10, "ZONE": "IN16", "AREA_HA": 725.888843, "COMMUNITIES": "Prellenkirchen", "LEGALFOUNDATIONDATE": "2024-09-01T00:00:00", "LEGISLATIONCODE": "NÖ LGBl. Nr. 47/2024", "LEGISLATIONTITLE": "Sektorales Raumordnungsprogramm über die Windkraftnutzung in Niederösterreich - Änderung", "LASTUPDATE": "2024-09-03T00:00:00" }, "geometry": { "type": "MultiPolygon", "coordinates": [ [ [ [ 16.92642497, 48.06088766 ], [ 16.92610686, 48.06070572 ], [ 16.92618087, 48.06091137 ], [ 16.92622026, 48.06104991 ], [ 16.92633748, 48.06122507 ], [ 16.92649525, 48.06149966 ], [ 16.92662589, 48.06178058 ], [ 16.92672884, 48.06206662 ], [ 16.92673057, 48.06207296 ], [ 16.9268411, 48.06217384 ], [ 16.92684512, 48.06252555 ], [ 16.92693352, 48.06289733 ], [ 16.92695281, 48.06298392 ], [ 16.92699919, 48.06327652 ], [ 16.92701692, 48.06357053 ], [ 16.92700592, 48.06386468 ], [ 16.92697679, 48.0640799 ], [ 16.92689491, 48.06445944 ], [ 16.92676022, 48.06492957 ], [ 16.92666514, 48.06521203 ], [ 16.92654093, 48.06549425 ], [ 16.92648469, 48.0655968 ], [ 16.92651243, 48.06561474 ], [ 16.92673927, 48.06577393 ], [ 16.92718309, 48.06609837 ], [ 16.92760679, 48.06643468 ], [ 16.92800969, 48.06678229 ], [ 16.92820585, 48.06695885 ], [ 16.92836258, 48.06711434 ], [ 16.92842722, 48.06717148 ], [ 16.92875123, 48.06747968 ], [ 16.92911053, 48.06784814 ], [ 16.9294471, 48.06822611 ], [ 16.9297604, 48.06861298 ], [ 16.93004991, 48.06900808 ], [ 16.93030857, 48.0694008 ], [ 16.9307085, 48.06879684 ], [ 16.93119798, 48.06817148 ], [ 16.93166281, 48.06765614 ], [ 16.93229956, 48.06699273 ], [ 16.93248822, 48.06679616 ], [ 16.93305528, 48.06620533 ], [ 16.93313989, 48.06611809 ], [ 16.93374692, 48.06554089 ], [ 16.93440894, 48.06499153 ], [ 16.93512314, 48.06447237 ], [ 16.93569693, 48.06410648 ], [ 16.93567614, 48.06410341 ], [ 16.9353569, 48.06405172 ], [ 16.93504108, 48.06399135 ], [ 16.93441338, 48.06386201 ], [ 16.9341015, 48.06379305 ], [ 16.93379408, 48.06371561 ], [ 16.9331842, 48.0635524 ], [ 16.93258478, 48.06337266 ], [ 16.93199679, 48.06317666 ], [ 16.93170578, 48.06307464 ], [ 16.93142121, 48.06296475 ], [ 16.93085902, 48.06273728 ], [ 16.93073536, 48.06268251 ], [ 16.93060263, 48.0626427 ], [ 16.93001465, 48.0624467 ], [ 16.92972365, 48.06234467 ], [ 16.92943909, 48.06223477 ], [ 16.92887691, 48.06200729 ], [ 16.92875108, 48.06195155 ], [ 16.92858412, 48.06188707 ], [ 16.92802195, 48.06165958 ], [ 16.92747411, 48.06141692 ], [ 16.92694149, 48.06115947 ], [ 16.92667909, 48.06102709 ], [ 16.92642497, 48.06088766 ] ] ], [ [ [ 17.00936208, 48.06453099 ], [ 17.00720553, 48.0626975 ], [ 17.00701862, 48.06253858 ], [ 17.00690171, 48.06246078 ], [ 17.00643576, 48.06206815 ], [ 17.00617586, 48.06184978 ], [ 17.00609968, 48.06178951 ], [ 17.00588676, 48.06160324 ], [ 17.00582784, 48.06155169 ], [ 17.00548047, 48.06124776 ], [ 17.00528534, 48.06107703 ], [ 17.00504346, 48.0608709 ], [ 17.00499135, 48.06082648 ], [ 17.00486032, 48.06071482 ], [ 17.00479811, 48.06065592 ], [ 17.00477004, 48.06063252 ], [ 17.00468053, 48.06055781 ], [ 17.00445512, 48.06036967 ], [ 17.00422997, 48.06017883 ], [ 17.00399989, 48.0599838 ], [ 17.00362618, 48.05966688 ], [ 17.00344371, 48.05950975 ], [ 17.00291184, 48.05905705 ], [ 17.00287521, 48.05902587 ], [ 17.00280337, 48.05895839 ], [ 17.00241179, 48.05862125 ], [ 17.00188215, 48.05817082 ], [ 17.00076557, 48.05722122 ], [ 17.00050376, 48.05699856 ], [ 17.0004051, 48.05691628 ], [ 17.00025482, 48.05676768 ], [ 17.00015879, 48.05666517 ], [ 16.99974871, 48.05614421 ], [ 16.99958233, 48.05593283 ], [ 16.99918647, 48.05539074 ], [ 16.99899585, 48.0551295 ], [ 16.99838335, 48.05433523 ], [ 16.99803303, 48.05388991 ], [ 16.99775771, 48.05353976 ], [ 16.99752493, 48.05324719 ], [ 16.99747144, 48.05317996 ], [ 16.9974815, 48.05317877 ], [ 16.99683164, 48.05235707 ], [ 16.9968259, 48.05234981 ], [ 16.99682552, 48.05234847 ], [ 16.9967545, 48.05217888 ], [ 16.99671403, 48.05204556 ], [ 16.99670398, 48.05199637 ], [ 16.99669452, 48.05195005 ], [ 16.99665423, 48.05175279 ], [ 16.99634861, 48.05068988 ], [ 16.99634621, 48.05068659 ], [ 16.99598139, 48.05022086 ], [ 16.99540136, 48.04945547 ], [ 16.99536896, 48.04941271 ], [ 16.99511951, 48.04907805 ], [ 16.99493663, 48.04883268 ], [ 16.99484948, 48.04866002 ], [ 16.99480666, 48.04857517 ], [ 16.9948066, 48.04857505 ], [ 16.99473616, 48.04839486 ], [ 16.99466836, 48.04819144 ], [ 16.99456349, 48.04790069 ], [ 16.99453051, 48.04780928 ], [ 16.99302876, 48.04364545 ], [ 16.9930259, 48.04363864 ], [ 16.99302339, 48.04363267 ], [ 16.99086875, 48.03921014 ], [ 16.99086872, 48.03921006 ], [ 16.98767039, 48.0311839 ], [ 16.98651748, 48.03141535 ], [ 16.98651958, 48.03141459 ], [ 16.98600866, 48.03158957 ], [ 16.98570827, 48.03168947 ], [ 16.98541959, 48.03184756 ], [ 16.98452924, 48.03231795 ], [ 16.98384968, 48.03233854 ], [ 16.98334314, 48.0323539 ], [ 16.98306021, 48.03236247 ], [ 16.98305667, 48.0323631 ], [ 16.98294447, 48.03238456 ], [ 16.98254602, 48.03245331 ], [ 16.98214504, 48.03251506 ], [ 16.98174179, 48.03256979 ], [ 16.98140207, 48.03271721 ], [ 16.98105689, 48.03285884 ], [ 16.98103916, 48.03349106 ], [ 16.98111993, 48.03363143 ], [ 16.98141897, 48.03390597 ], [ 16.98163158, 48.03406443 ], [ 16.98184252, 48.03423235 ], [ 16.98204521, 48.03440477 ], [ 16.98223942, 48.03458154 ], [ 16.98242496, 48.03476244 ], [ 16.98260162, 48.03494731 ], [ 16.98276921, 48.03513593 ], [ 16.98292756, 48.03532811 ], [ 16.98298397, 48.03540216 ], [ 16.98313378, 48.0356053 ], [ 16.98321588, 48.03572232 ], [ 16.98334554, 48.03592394 ], [ 16.98341728, 48.03604631 ], [ 16.98351391, 48.03621975 ], [ 16.98357517, 48.03633513 ], [ 16.9836749, 48.03654427 ], [ 16.98376443, 48.03675547 ], [ 16.98384366, 48.03696852 ], [ 16.98388142, 48.03708623 ], [ 16.98414695, 48.03768098 ], [ 16.9842734, 48.03796423 ], [ 16.98445404, 48.03855508 ], [ 16.98445272, 48.03856007 ], [ 16.98422018, 48.03943836 ], [ 16.98416578, 48.03965527 ], [ 16.98416003, 48.03966555 ], [ 16.98373398, 48.04042716 ], [ 16.98372119, 48.04045002 ], [ 16.98366242, 48.04055508 ], [ 16.98354836, 48.0407034 ], [ 16.98348244, 48.04082776 ], [ 16.9834672, 48.0408565 ], [ 16.98334754, 48.04106088 ], [ 16.98321803, 48.04126255 ], [ 16.98307879, 48.04146128 ], [ 16.98292998, 48.04165686 ], [ 16.98277176, 48.0418491 ], [ 16.98260428, 48.04203777 ], [ 16.98251603, 48.04213021 ], [ 16.98170985, 48.0430752 ], [ 16.98166669, 48.04312579 ], [ 16.98163321, 48.04316504 ], [ 16.98143168, 48.04324015 ], [ 16.98139617, 48.04325337 ], [ 16.98131249, 48.04329243 ], [ 16.9809568, 48.04345847 ], [ 16.9807285, 48.04356451 ], [ 16.98070136, 48.04359508 ], [ 16.98052481, 48.04378 ], [ 16.98033937, 48.04396096 ], [ 16.98014524, 48.04413779 ], [ 16.97994263, 48.04431028 ], [ 16.97973176, 48.04447825 ], [ 16.97951284, 48.04464154 ], [ 16.9795104, 48.04464325 ], [ 16.97951035, 48.04464314 ], [ 16.97926222, 48.0448156 ], [ 16.97905181, 48.04495335 ], [ 16.97881019, 48.04510154 ], [ 16.9785615, 48.04524438 ], [ 16.97830601, 48.04538171 ], [ 16.97821127, 48.04542932 ], [ 16.97817678, 48.04544665 ], [ 16.97804908, 48.04551091 ], [ 16.97804648, 48.04551214 ], [ 16.97804398, 48.0455134 ], [ 16.97791073, 48.04557593 ], [ 16.97778065, 48.04563705 ], [ 16.9777781, 48.04563816 ], [ 16.97763958, 48.04569884 ], [ 16.97750622, 48.04575725 ], [ 16.97750377, 48.04575825 ], [ 16.97736202, 48.04581601 ], [ 16.9772261, 48.04587139 ], [ 16.97694058, 48.04597934 ], [ 16.97664997, 48.04608101 ], [ 16.97635456, 48.04617626 ], [ 16.97605469, 48.04626502 ], [ 16.97575066, 48.04634717 ], [ 16.9754428, 48.04642264 ], [ 16.97534715, 48.04644374 ], [ 16.97491609, 48.04653368 ], [ 16.97481434, 48.04655367 ], [ 16.97449726, 48.04660851 ], [ 16.97417769, 48.04665641 ], [ 16.97385597, 48.0466973 ], [ 16.97353242, 48.04673115 ], [ 16.97320741, 48.04675792 ], [ 16.97288127, 48.04677758 ], [ 16.97255434, 48.04679011 ], [ 16.97222698, 48.04679549 ], [ 16.97189954, 48.04679373 ], [ 16.97157235, 48.04678482 ], [ 16.97124577, 48.04676878 ], [ 16.97092014, 48.04674561 ], [ 16.97091009, 48.04674468 ], [ 16.97089842, 48.04676822 ], [ 16.97075895, 48.04702722 ], [ 16.97060966, 48.04728374 ], [ 16.97045064, 48.04753762 ], [ 16.97028199, 48.04778869 ], [ 16.97016482, 48.04795185 ], [ 16.97016921, 48.04804656 ], [ 16.97018543, 48.04839619 ], [ 16.97019436, 48.04858862 ], [ 16.97021296, 48.04898966 ], [ 16.97021973, 48.0493085 ], [ 16.97021917, 48.04976842 ], [ 16.97111628, 48.04949905 ], [ 16.97464132, 48.04980239 ], [ 16.97528972, 48.04981886 ], [ 16.9752676, 48.04985627 ], [ 16.97747823, 48.05002275 ], [ 16.97747828, 48.05002275 ], [ 16.97750328, 48.0499847 ], [ 16.97901358, 48.05009065 ], [ 16.9790823, 48.05015631 ], [ 16.97907702, 48.05018675 ], [ 16.97933261, 48.05021956 ], [ 16.97941706, 48.05017748 ], [ 16.98106537, 48.05039195 ], [ 16.98150045, 48.05045808 ], [ 16.98321559, 48.05071796 ], [ 16.98345654, 48.05148189 ], [ 16.98421227, 48.05278084 ], [ 16.98408603, 48.05281788 ], [ 16.98414248, 48.05291047 ], [ 16.98417852, 48.05297737 ], [ 16.98376801, 48.05304938 ], [ 16.98122895, 48.05382415 ], [ 16.98119234, 48.05404624 ], [ 16.98119089, 48.05404706 ], [ 16.98123253, 48.05427597 ], [ 16.97991825, 48.0547751 ], [ 16.97812317, 48.05555544 ], [ 16.97567496, 48.05622437 ], [ 16.97561121, 48.05626937 ], [ 16.97532164, 48.05647372 ], [ 16.97536756, 48.05767345 ], [ 16.97540885, 48.05875245 ], [ 16.97545015, 48.05983146 ], [ 16.97553358, 48.06052764 ], [ 16.97554372, 48.06068041 ], [ 16.97555148, 48.06067701 ], [ 16.9760435, 48.06114423 ], [ 16.97673415, 48.06218351 ], [ 16.97688494, 48.06239801 ], [ 16.9770444, 48.06262482 ], [ 16.97715189, 48.06278436 ], [ 16.97735909, 48.06310571 ], [ 16.977573, 48.06347392 ], [ 16.97778872, 48.06388967 ], [ 16.97789026, 48.06409902 ], [ 16.97797898, 48.06431097 ], [ 16.97814344, 48.06473713 ], [ 16.97828183, 48.06516742 ], [ 16.97829237, 48.06520818 ], [ 16.97830688, 48.06524579 ], [ 16.97844528, 48.06567608 ], [ 16.97855738, 48.0661098 ], [ 16.978643, 48.06654622 ], [ 16.97870198, 48.06698462 ], [ 16.97872481, 48.06720423 ], [ 16.97873425, 48.06742427 ], [ 16.97873687, 48.06763517 ], [ 16.97873907, 48.06790118 ], [ 16.97873577, 48.06808456 ], [ 16.97871841, 48.06830439 ], [ 16.97867035, 48.06874339 ], [ 16.97863465, 48.06899105 ], [ 16.97862446, 48.06904796 ], [ 16.97861927, 48.06907637 ], [ 16.97860518, 48.06915172 ], [ 16.97856463, 48.06934126 ], [ 16.97847351, 48.06971927 ], [ 16.97835254, 48.07012276 ], [ 16.97819868, 48.07055069 ], [ 16.97811524, 48.07076361 ], [ 16.9780954, 48.07080696 ], [ 16.97796449, 48.07130095 ], [ 16.9782871, 48.07181812 ], [ 16.97924324, 48.07361147 ], [ 16.97941111, 48.07399656 ], [ 16.97954138, 48.07452866 ], [ 16.97967242, 48.075118 ], [ 16.97974759, 48.07558908 ], [ 16.97976038, 48.07649142 ], [ 16.97976389, 48.07673887 ], [ 16.97976765, 48.07700453 ], [ 16.98176563, 48.07822976 ], [ 16.98208141, 48.07824834 ], [ 16.98233491, 48.07826325 ], [ 16.98296523, 48.07830034 ], [ 16.98331006, 48.07824815 ], [ 16.98487867, 48.07714134 ], [ 16.98628257, 48.07608359 ], [ 16.98752445, 48.075501 ], [ 16.98928095, 48.07495199 ], [ 16.98962574, 48.07489979 ], [ 16.99088748, 48.07433874 ], [ 16.99095304, 48.07431911 ], [ 16.9911991, 48.07424545 ], [ 16.99280411, 48.07376497 ], [ 16.99303369, 48.07365125 ], [ 16.99324438, 48.07354688 ], [ 16.99388122, 48.0732314 ], [ 16.99554622, 48.07275489 ], [ 16.99598234, 48.07263007 ], [ 16.99740416, 48.07204425 ], [ 16.9989958, 48.07154418 ], [ 17.00060571, 48.07151615 ], [ 17.00221562, 48.0714881 ], [ 17.00382553, 48.07146002 ], [ 17.00543544, 48.07143192 ], [ 17.0066427, 48.07132913 ], [ 17.01099386, 48.06899466 ], [ 17.01211439, 48.06839341 ], [ 17.01213565, 48.06838201 ], [ 17.01176077, 48.06780545 ], [ 17.01173137, 48.06775655 ], [ 17.01171804, 48.06773437 ], [ 17.01163968, 48.06760408 ], [ 17.01140334, 48.06722042 ], [ 17.01137057, 48.06716724 ], [ 17.01110725, 48.06675167 ], [ 17.01092728, 48.06649039 ], [ 17.01060362, 48.06602049 ], [ 17.01054458, 48.06593477 ], [ 17.01024105, 48.06555226 ], [ 17.00958228, 48.06477234 ], [ 17.00936284, 48.0645318 ], [ 17.0093626, 48.06453153 ], [ 17.00936218, 48.06453108 ], [ 17.00936208, 48.06453099 ] ] ] ] } },
{ "type": "Feature", "properties": { "ID": 12, "ZONE": "IN17", "AREA_HA": 99.787651, "COMMUNITIES": "Berg", "LEGALFOUNDATIONDATE": "2024-09-01T00:00:00", "LEGISLATIONCODE": "NÖ LGBl. Nr. 47/2024", "LEGISLATIONTITLE": "Sektorales Raumordnungsprogramm über die Windkraftnutzung in Niederösterreich - Änderung", "LASTUPDATE": "2024-09-03T00:00:00" }, "geometry": { "type": "Polygon", "coordinates": [ [ [ 17.02670917, 48.08641949 ], [ 17.0261253, 48.08659409 ], [ 17.02541759, 48.08680571 ], [ 17.02495802, 48.08694535 ], [ 17.02453026, 48.08707532 ], [ 17.02424229, 48.08716996 ], [ 17.02146889, 48.0877888 ], [ 17.02144798, 48.08779337 ], [ 17.02110274, 48.08786873 ], [ 17.02099443, 48.08789238 ], [ 17.02024398, 48.0880562 ], [ 17.02015845, 48.08807487 ], [ 17.02009431, 48.08809002 ], [ 17.02006607, 48.0880969 ], [ 17.01957596, 48.0882163 ], [ 17.01878644, 48.08841238 ], [ 17.01858696, 48.08845696 ], [ 17.01768412, 48.08865871 ], [ 17.01645522, 48.08896017 ], [ 17.01621237, 48.08901974 ], [ 17.01457335, 48.08942178 ], [ 17.01456579, 48.08942371 ], [ 17.0101077, 48.09063344 ], [ 17.01023813, 48.09076215 ], [ 17.01046034, 48.09099397 ], [ 17.01067365, 48.09122951 ], [ 17.01076843, 48.09134046 ], [ 17.01087792, 48.09146863 ], [ 17.01107301, 48.09171115 ], [ 17.0112588, 48.09195694 ], [ 17.01143516, 48.09220582 ], [ 17.01160199, 48.09245764 ], [ 17.01175917, 48.09271222 ], [ 17.01190659, 48.09296942 ], [ 17.01204417, 48.09322905 ], [ 17.01217182, 48.09349094 ], [ 17.01228944, 48.09375494 ], [ 17.01239697, 48.09402086 ], [ 17.01249433, 48.09428853 ], [ 17.01258146, 48.09455778 ], [ 17.0126583, 48.09482843 ], [ 17.01271756, 48.09507069 ], [ 17.0128648, 48.09508824 ], [ 17.01295727, 48.09509926 ], [ 17.01310489, 48.09511959 ], [ 17.0133536, 48.09515384 ], [ 17.01356477, 48.09518292 ], [ 17.01357583, 48.09518486 ], [ 17.0136619, 48.09519996 ], [ 17.01380386, 48.09522487 ], [ 17.01400503, 48.09526017 ], [ 17.01403977, 48.09526627 ], [ 17.01418301, 48.09529839 ], [ 17.01425668, 48.09531491 ], [ 17.0143361, 48.09533595 ], [ 17.0144328, 48.09536157 ], [ 17.01452959, 48.09538721 ], [ 17.01460557, 48.09540734 ], [ 17.01469683, 48.09543152 ], [ 17.01486924, 48.09547721 ], [ 17.01506678, 48.09552954 ], [ 17.01513914, 48.09554872 ], [ 17.01536732, 48.09560918 ], [ 17.01549543, 48.0956449 ], [ 17.0156203, 48.09567972 ], [ 17.01582721, 48.0957374 ], [ 17.01585816, 48.09574751 ], [ 17.01596235, 48.0957815 ], [ 17.01607848, 48.0958194 ], [ 17.01612755, 48.09583541 ], [ 17.01717122, 48.09611982 ], [ 17.01730467, 48.09603786 ], [ 17.01748514, 48.09593032 ], [ 17.01785075, 48.09571893 ], [ 17.01829519, 48.09547981 ], [ 17.01882174, 48.09521649 ], [ 17.01936386, 48.09496778 ], [ 17.01992068, 48.09473409 ], [ 17.02020265, 48.09462104 ], [ 17.02049127, 48.09451579 ], [ 17.02107466, 48.09431327 ], [ 17.02166989, 48.09412686 ], [ 17.02227597, 48.09395686 ], [ 17.02231239, 48.09394723 ], [ 17.02334997, 48.09342399 ], [ 17.0236216, 48.09315973 ], [ 17.02381346, 48.09298101 ], [ 17.02401603, 48.09280768 ], [ 17.02443155, 48.09246671 ], [ 17.0246445, 48.09229906 ], [ 17.02486748, 48.09213737 ], [ 17.02532309, 48.09182021 ], [ 17.02579763, 48.09151577 ], [ 17.0262903, 48.09122455 ], [ 17.02654107, 48.0910823 ], [ 17.02680029, 48.09094702 ], [ 17.02732674, 48.09068366 ], [ 17.02777041, 48.09047688 ], [ 17.02812634, 48.09032259 ], [ 17.02830583, 48.09024702 ], [ 17.0289381, 48.0899885 ], [ 17.02903807, 48.08994828 ], [ 17.02923888, 48.08986883 ], [ 17.02962828, 48.08972432 ], [ 17.03021158, 48.08952175 ], [ 17.03080671, 48.08933529 ], [ 17.03141271, 48.08916525 ], [ 17.0317183, 48.08908437 ], [ 17.03202855, 48.0890119 ], [ 17.03265321, 48.08887551 ], [ 17.03296762, 48.08881158 ], [ 17.03328567, 48.0887563 ], [ 17.03357867, 48.08870962 ], [ 17.03359342, 48.08846198 ], [ 17.03362024, 48.08818738 ], [ 17.03365751, 48.08791333 ], [ 17.0337052, 48.08764 ], [ 17.03376327, 48.08736758 ], [ 17.0338317, 48.08709623 ], [ 17.03391042, 48.08682615 ], [ 17.03399939, 48.08655749 ], [ 17.03409857, 48.08629045 ], [ 17.03420786, 48.08602518 ], [ 17.03432722, 48.08576187 ], [ 17.03445656, 48.08550068 ], [ 17.03459579, 48.08524179 ], [ 17.03474483, 48.08498536 ], [ 17.03490358, 48.08473156 ], [ 17.03494279, 48.0846731 ], [ 17.035047, 48.08451773 ], [ 17.03350279, 48.08487872 ], [ 17.03309399, 48.08497625 ], [ 17.03208084, 48.08521796 ], [ 17.03056523, 48.08558611 ], [ 17.03009511, 48.08570031 ], [ 17.02986095, 48.08575718 ], [ 17.02910578, 48.08593497 ], [ 17.02842833, 48.08607187 ], [ 17.0267155, 48.08641799 ], [ 17.02671153, 48.0864189 ], [ 17.02670917, 48.08641949 ] ] ] } },
{ "type": "Feature", "properties": { "ID": 19, "ZONE": "MO03", "AREA_HA": 38.393641, "COMMUNITIES": "Haunoldstein, Hürm, Markersdorf-Haindorf", "LEGALFOUNDATIONDATE": "2024-09-01T00:00:00", "LEGISLATIONCODE": "NÖ LGBl. Nr. 47/2024", "LEGISLATIONTITLE": "Sektorales Raumordnungsprogramm über die Windkraftnutzung in Niederösterreich - Änderung", "LASTUPDATE": "2024-09-03T00:00:00" }, "geometry": { "type": "Polygon", "coordinates": [ [ [ 15.44661538, 48.17568449 ], [ 15.4464995, 48.17560987 ], [ 15.44639956, 48.17565438 ], [ 15.4461221, 48.17576944 ], [ 15.44583921, 48.17587844 ], [ 15.4455512, 48.17598126 ], [ 15.44525835, 48.17607778 ], [ 15.44496099, 48.17616792 ], [ 15.44471584, 48.17623592 ], [ 15.44461407, 48.17635361 ], [ 15.44444056, 48.17653999 ], [ 15.44425807, 48.1767225 ], [ 15.44406679, 48.17690094 ], [ 15.44386693, 48.17707512 ], [ 15.44365869, 48.17724486 ], [ 15.44344231, 48.17740997 ], [ 15.443218, 48.17757029 ], [ 15.44298601, 48.17772563 ], [ 15.44274658, 48.17787584 ], [ 15.44249996, 48.17802076 ], [ 15.44224642, 48.17816024 ], [ 15.44198623, 48.17829412 ], [ 15.44174286, 48.17841111 ], [ 15.44173599, 48.17847401 ], [ 15.44167472, 48.17891226 ], [ 15.44158678, 48.17934847 ], [ 15.4414723, 48.17978193 ], [ 15.44133147, 48.18021189 ], [ 15.44116454, 48.18063766 ], [ 15.44107458, 48.1808494 ], [ 15.44097178, 48.18105852 ], [ 15.4407535, 48.18147377 ], [ 15.44051008, 48.18188272 ], [ 15.44024192, 48.18228469 ], [ 15.43994945, 48.18267901 ], [ 15.43963318, 48.18306502 ], [ 15.43929362, 48.18344207 ], [ 15.438951, 48.18378962 ], [ 15.43888772, 48.18404964 ], [ 15.43885063, 48.18417955 ], [ 15.43880478, 48.18450733 ], [ 15.43877927, 48.18463382 ], [ 15.43894306, 48.18474856 ], [ 15.43915441, 48.18490623 ], [ 15.43935318, 48.18506423 ], [ 15.43945792, 48.18511191 ], [ 15.43972318, 48.1852413 ], [ 15.439982, 48.1853764 ], [ 15.44023411, 48.18551705 ], [ 15.44047924, 48.18566313 ], [ 15.44071713, 48.18581445 ], [ 15.44083087, 48.18589167 ], [ 15.44110765, 48.18530614 ], [ 15.4414911, 48.18464818 ], [ 15.44193806, 48.18400839 ], [ 15.44244663, 48.18338953 ], [ 15.44301462, 48.18279423 ], [ 15.4436396, 48.18222504 ], [ 15.4443189, 48.18168441 ], [ 15.4450496, 48.18117464 ], [ 15.44582857, 48.18069791 ], [ 15.44665248, 48.18025628 ], [ 15.4475178, 48.17985162 ], [ 15.44842083, 48.17948567 ], [ 15.44935771, 48.17915999 ], [ 15.45032441, 48.17887599 ], [ 15.45131681, 48.17863487 ], [ 15.45233025, 48.17843774 ], [ 15.45230302, 48.17827419 ], [ 15.45229109, 48.17808018 ], [ 15.45199368, 48.1779984 ], [ 15.45138728, 48.17782736 ], [ 15.45079183, 48.17763991 ], [ 15.45020831, 48.17743638 ], [ 15.44991964, 48.17733062 ], [ 15.44963767, 48.17721708 ], [ 15.4490809, 48.1769824 ], [ 15.44853893, 48.17673274 ], [ 15.44801262, 48.17646848 ], [ 15.44775349, 48.17633276 ], [ 15.44767268, 48.17628676 ], [ 15.44760994, 48.17625387 ], [ 15.44754683, 48.17622044 ], [ 15.44742103, 48.17615313 ], [ 15.44710772, 48.17597656 ], [ 15.44661538, 48.17568449 ] ] ] } },
{ "type": "Feature", "properties": { "ID": 28, "ZONE": "MO05", "AREA_HA": 270.711824, "COMMUNITIES": "Traismauer", "LEGALFOUNDATIONDATE": "2024-09-01T00:00:00", "LEGISLATIONCODE": "NÖ LGBl. Nr. 47/2024", "LEGISLATIONTITLE": "Sektorales Raumordnungsprogramm über die Windkraftnutzung in Niederösterreich - Änderung", "LASTUPDATE": "2024-09-03T00:00:00" }, "geometry": { "type": "Polygon", "coordinates": [ [ [ 15.76612289, 48.31851696 ], [ 15.76612291, 48.31851691 ], [ 15.76612286, 48.31851688 ], [ 15.76612297, 48.31851675 ], [ 15.76612327, 48.31851593 ], [ 15.76650851, 48.3174886 ], [ 15.76721819, 48.31661983 ], [ 15.76721804, 48.31661937 ], [ 15.76752207, 48.31659636 ], [ 15.76820164, 48.31654491 ], [ 15.768807, 48.31658396 ], [ 15.76880799, 48.31657487 ], [ 15.76892395, 48.3150311 ], [ 15.76576946, 48.3152201 ], [ 15.76576506, 48.31521855 ], [ 15.76461271, 48.3148696 ], [ 15.76291499, 48.31421704 ], [ 15.76291229, 48.31421609 ], [ 15.76156967, 48.31403685 ], [ 15.76140032, 48.3140449 ], [ 15.76041911, 48.31389848 ], [ 15.76028494, 48.31387248 ], [ 15.76016601, 48.31384943 ], [ 15.76016348, 48.31385124 ], [ 15.75927281, 48.31454252 ], [ 15.75920408, 48.31459586 ], [ 15.7591178, 48.31459785 ], [ 15.75911677, 48.31459788 ], [ 15.75894178, 48.31460192 ], [ 15.758324, 48.31460313 ], [ 15.75765749, 48.3145989 ], [ 15.75764481, 48.31459891 ], [ 15.75763436, 48.31459727 ], [ 15.75672493, 48.31446577 ], [ 15.75634845, 48.31441072 ], [ 15.75594458, 48.31435779 ], [ 15.75568392, 48.31430566 ], [ 15.75535579, 48.31424004 ], [ 15.75521845, 48.31421257 ], [ 15.75399038, 48.31402583 ], [ 15.75396682, 48.31402225 ], [ 15.75396617, 48.31402215 ], [ 15.75395519, 48.31402048 ], [ 15.75395271, 48.3140205 ], [ 15.75248507, 48.31403326 ], [ 15.75247398, 48.31419273 ], [ 15.75244314, 48.31463603 ], [ 15.75164495, 48.31454439 ], [ 15.75071276, 48.31443974 ], [ 15.75069306, 48.31444185 ], [ 15.75052, 48.31446043 ], [ 15.74963277, 48.3145274 ], [ 15.74921364, 48.31456491 ], [ 15.74921358, 48.31456493 ], [ 15.74940165, 48.31510655 ], [ 15.74897303, 48.31511857 ], [ 15.7489915, 48.31526021 ], [ 15.74838925, 48.31521172 ], [ 15.74762697, 48.31516405 ], [ 15.74762678, 48.31516412 ], [ 15.74762499, 48.31516509 ], [ 15.74722714, 48.3154146 ], [ 15.7464858, 48.31581864 ], [ 15.74632189, 48.31587176 ], [ 15.74632177, 48.31587182 ], [ 15.74632172, 48.31587182 ], [ 15.74632164, 48.31587184 ], [ 15.74586701, 48.31584734 ], [ 15.74586897, 48.31589953 ], [ 15.74582619, 48.31660512 ], [ 15.74571431, 48.31730733 ], [ 15.74567973, 48.31746427 ], [ 15.74565884, 48.31768554 ], [ 15.74554696, 48.31838775 ], [ 15.74536645, 48.31908358 ], [ 15.74536535, 48.31908664 ], [ 15.74542371, 48.31911823 ], [ 15.74567289, 48.31926234 ], [ 15.7459149, 48.31941179 ], [ 15.74614947, 48.31956643 ], [ 15.74637635, 48.31972608 ], [ 15.74659531, 48.31989059 ], [ 15.74680612, 48.32005977 ], [ 15.74700854, 48.32023344 ], [ 15.74720236, 48.32041143 ], [ 15.74738737, 48.32059353 ], [ 15.74756339, 48.32077956 ], [ 15.74756463, 48.32078098 ], [ 15.74759121, 48.32079594 ], [ 15.74783448, 48.3209447 ], [ 15.74831173, 48.32124872 ], [ 15.74854572, 48.32140399 ], [ 15.74877001, 48.32156548 ], [ 15.74920853, 48.32189443 ], [ 15.74962657, 48.32223504 ], [ 15.75002344, 48.32258673 ], [ 15.75021651, 48.32276528 ], [ 15.75039849, 48.32294894 ], [ 15.75075107, 48.32332103 ], [ 15.75108059, 48.3237024 ], [ 15.75138653, 48.32409242 ], [ 15.75166836, 48.32449044 ], [ 15.75192562, 48.32489579 ], [ 15.75215787, 48.3253078 ], [ 15.75218886, 48.32537041 ], [ 15.75259983, 48.3254981 ], [ 15.75318625, 48.32570011 ], [ 15.75375983, 48.3259179 ], [ 15.7540433, 48.32603069 ], [ 15.75431963, 48.32615111 ], [ 15.75486469, 48.32639934 ], [ 15.75513343, 48.32652717 ], [ 15.75539414, 48.3266622 ], [ 15.75590706, 48.32693924 ], [ 15.75640259, 48.32722998 ], [ 15.75687996, 48.32753397 ], [ 15.757114, 48.32768921 ], [ 15.75733834, 48.32785069 ], [ 15.75777697, 48.32817961 ], [ 15.75819512, 48.32852018 ], [ 15.7585921, 48.32887184 ], [ 15.75878522, 48.32905038 ], [ 15.75896726, 48.32923402 ], [ 15.75931994, 48.32960609 ], [ 15.75964956, 48.32998743 ], [ 15.7599556, 48.33037743 ], [ 15.76023754, 48.33077543 ], [ 15.7604949, 48.33118076 ], [ 15.76072725, 48.33159276 ], [ 15.76093421, 48.33201073 ], [ 15.7610313, 48.33222112 ], [ 15.76111543, 48.33243398 ], [ 15.76127062, 48.33286181 ], [ 15.76139951, 48.3332935 ], [ 15.76150188, 48.33372834 ], [ 15.76157757, 48.3341656 ], [ 15.76162112, 48.33455672 ], [ 15.76228511, 48.33466345 ], [ 15.76329628, 48.33487348 ], [ 15.7642847, 48.33512715 ], [ 15.76524612, 48.33542337 ], [ 15.76617645, 48.33576088 ], [ 15.76707169, 48.33613823 ], [ 15.76770803, 48.33644704 ], [ 15.76996821, 48.33586156 ], [ 15.77217408, 48.33611447 ], [ 15.77207181, 48.33598421 ], [ 15.77178976, 48.33558624 ], [ 15.77155308, 48.33521737 ], [ 15.77135812, 48.33487929 ], [ 15.7712649, 48.33470916 ], [ 15.77116229, 48.33451168 ], [ 15.77114335, 48.33447479 ], [ 15.77110585, 48.3344009 ], [ 15.77099017, 48.33415352 ], [ 15.77080886, 48.33373028 ], [ 15.77072468, 48.33351743 ], [ 15.77065359, 48.33330247 ], [ 15.77052462, 48.33287079 ], [ 15.77046675, 48.33265407 ], [ 15.77042217, 48.33243595 ], [ 15.77034641, 48.33199869 ], [ 15.77031077, 48.33173746 ], [ 15.77030236, 48.33165314 ], [ 15.7702984, 48.33161089 ], [ 15.77027966, 48.33139777 ], [ 15.77027626, 48.33135902 ], [ 15.77026505, 48.33118138 ], [ 15.77025141, 48.33082597 ], [ 15.77025816, 48.33042814 ], [ 15.77028995, 48.32998848 ], [ 15.77031878, 48.32972452 ], [ 15.77033176, 48.32963577 ], [ 15.77033853, 48.32959138 ], [ 15.77035429, 48.32949216 ], [ 15.77038626, 48.32931791 ], [ 15.7704587, 48.32897019 ], [ 15.77056182, 48.3285806 ], [ 15.77070031, 48.32815024 ], [ 15.77077613, 48.32793599 ], [ 15.770865, 48.32772399 ], [ 15.77102656, 48.32736683 ], [ 15.77105562, 48.32730258 ], [ 15.77115129, 48.32711764 ], [ 15.76996062, 48.32697653 ], [ 15.76991999, 48.32718634 ], [ 15.76990241, 48.32727715 ], [ 15.76984001, 48.32726998 ], [ 15.76928662, 48.3272064 ], [ 15.76905562, 48.32716929 ], [ 15.76920158, 48.32653267 ], [ 15.76927185, 48.32643057 ], [ 15.76756519, 48.32507778 ], [ 15.76756708, 48.32507268 ], [ 15.76772357, 48.32457794 ], [ 15.76780051, 48.32444329 ], [ 15.767831, 48.32436108 ], [ 15.76792668, 48.32390761 ], [ 15.76816915, 48.32333586 ], [ 15.76836724, 48.32290571 ], [ 15.76838516, 48.3228668 ], [ 15.76838622, 48.32286393 ], [ 15.76838607, 48.32286355 ], [ 15.76811841, 48.32264647 ], [ 15.76801089, 48.32248065 ], [ 15.76789478, 48.32227521 ], [ 15.76786804, 48.32201194 ], [ 15.76788385, 48.32186908 ], [ 15.76793611, 48.32176027 ], [ 15.76794268, 48.32176053 ], [ 15.76754832, 48.32077943 ], [ 15.76747684, 48.32066673 ], [ 15.76713906, 48.3201341 ], [ 15.76681454, 48.31895476 ], [ 15.76631631, 48.31863935 ], [ 15.76612338, 48.31851727 ], [ 15.76612289, 48.31851696 ] ] ] } },
{ "type": "Feature", "properties": { "ID": 22, "ZONE": "MO06", "AREA_HA": 80.278455, "COMMUNITIES": "Herzogenburg, St. Pölten", "LEGALFOUNDATIONDATE": "2024-09-01T00:00:00", "LEGISLATIONCODE": "NÖ LGBl. Nr. 47/2024", "LEGISLATIONTITLE": "Sektorales Raumordnungsprogramm über die Windkraftnutzung in Niederösterreich - Änderung", "LASTUPDATE": "2024-09-03T00:00:00" }, "geometry": { "type": "Polygon", "coordinates": [ [ [ 15.7348147, 48.2614475 ], [ 15.7348135, 48.26144698 ], [ 15.73480324, 48.26144329 ], [ 15.73446431, 48.26132199 ], [ 15.73416241, 48.26121394 ], [ 15.73397427, 48.26108678 ], [ 15.73262163, 48.26050413 ], [ 15.7332715, 48.2597754 ], [ 15.73449861, 48.25839934 ], [ 15.73455506, 48.25833603 ], [ 15.73424564, 48.25827159 ], [ 15.73365905, 48.2581494 ], [ 15.73267227, 48.25789547 ], [ 15.73216614, 48.25773912 ], [ 15.73171248, 48.25759898 ], [ 15.7307838, 48.25726119 ], [ 15.72989021, 48.25688357 ], [ 15.72903552, 48.25646772 ], [ 15.72822341, 48.25601542 ], [ 15.72745736, 48.25552862 ], [ 15.72694174, 48.25515509 ], [ 15.72674063, 48.2550094 ], [ 15.72648029, 48.25479409 ], [ 15.7260763, 48.25445998 ], [ 15.72546722, 48.25388272 ], [ 15.72491599, 48.25328009 ], [ 15.724874, 48.25322661 ], [ 15.72442497, 48.25265467 ], [ 15.72399626, 48.25200914 ], [ 15.72364507, 48.25137058 ], [ 15.72363627, 48.25146535 ], [ 15.72357731, 48.25190375 ], [ 15.72349163, 48.25234018 ], [ 15.72341987, 48.2526174 ], [ 15.72341834, 48.25274557 ], [ 15.72341528, 48.25281761 ], [ 15.72340899, 48.25296561 ], [ 15.7233862, 48.25318522 ], [ 15.72332724, 48.25362362 ], [ 15.72324155, 48.25406005 ], [ 15.72312927, 48.25449379 ], [ 15.72299059, 48.2549241 ], [ 15.72282574, 48.25535028 ], [ 15.72273681, 48.25556225 ], [ 15.722635, 48.25577162 ], [ 15.72241867, 48.2561874 ], [ 15.72217713, 48.25659695 ], [ 15.72191077, 48.25699958 ], [ 15.72162003, 48.25739462 ], [ 15.7213054, 48.25778141 ], [ 15.72096741, 48.25815929 ], [ 15.72060661, 48.25852767 ], [ 15.72042057, 48.2587094 ], [ 15.72022358, 48.25888592 ], [ 15.719819, 48.25923342 ], [ 15.71939353, 48.25956962 ], [ 15.71908064, 48.25979732 ], [ 15.71944751, 48.25988808 ], [ 15.71975424, 48.25996876 ], [ 15.72005578, 48.26005772 ], [ 15.72065319, 48.26024377 ], [ 15.72098838, 48.26035788 ], [ 15.72131099, 48.26043238 ], [ 15.72192913, 48.2605853 ], [ 15.72194879, 48.26059072 ], [ 15.72216327, 48.26064989 ], [ 15.72234628, 48.26070037 ], [ 15.72241585, 48.26071329 ], [ 15.72274696, 48.26077989 ], [ 15.72305836, 48.26085213 ], [ 15.72367651, 48.26100504 ], [ 15.72398326, 48.2610857 ], [ 15.72428481, 48.26117465 ], [ 15.72488225, 48.26136069 ], [ 15.72546782, 48.26156283 ], [ 15.72604057, 48.26178076 ], [ 15.72632363, 48.26189363 ], [ 15.72659954, 48.2620141 ], [ 15.72714379, 48.26226247 ], [ 15.72741213, 48.26239036 ], [ 15.72767244, 48.26252546 ], [ 15.72818457, 48.26280262 ], [ 15.72867933, 48.26309348 ], [ 15.72915593, 48.26339758 ], [ 15.7293896, 48.26355288 ], [ 15.72961357, 48.26371441 ], [ 15.73005148, 48.26404344 ], [ 15.73046893, 48.26438411 ], [ 15.73086522, 48.26473587 ], [ 15.731058, 48.26491445 ], [ 15.73123971, 48.26509814 ], [ 15.7312786, 48.26513925 ], [ 15.73128272, 48.2651404 ], [ 15.73132935, 48.26518562 ], [ 15.73140392, 48.26526778 ], [ 15.73157298, 48.26545405 ], [ 15.73203646, 48.2659999 ], [ 15.73225631, 48.26627733 ], [ 15.73245162, 48.26656282 ], [ 15.73281707, 48.26714091 ], [ 15.7329872, 48.2674335 ], [ 15.73313156, 48.26773221 ], [ 15.73331156, 48.26814538 ], [ 15.7333659, 48.26759667 ], [ 15.73341055, 48.26728423 ], [ 15.73343396, 48.26716913 ], [ 15.73348453, 48.26693911 ], [ 15.7335093, 48.26683368 ], [ 15.73367567, 48.2661687 ], [ 15.73373123, 48.26596967 ], [ 15.73376577, 48.26585765 ], [ 15.73377272, 48.2658351 ], [ 15.73377244, 48.26583454 ], [ 15.73389202, 48.26546332 ], [ 15.7339679, 48.2652491 ], [ 15.73405681, 48.26503713 ], [ 15.7342475, 48.26461577 ], [ 15.73446376, 48.26419997 ], [ 15.73470524, 48.2637904 ], [ 15.73483224, 48.26358725 ], [ 15.73497155, 48.26338773 ], [ 15.73526222, 48.26299266 ], [ 15.73557676, 48.26260584 ], [ 15.73580827, 48.26234157 ], [ 15.73584657, 48.26223944 ], [ 15.73586115, 48.26220093 ], [ 15.73599431, 48.26185284 ], [ 15.73601808, 48.26179176 ], [ 15.73606004, 48.26169137 ], [ 15.73578206, 48.26165596 ], [ 15.73556823, 48.26162877 ], [ 15.73539538, 48.26158713 ], [ 15.73500684, 48.26149366 ], [ 15.73481564, 48.26144766 ], [ 15.7348147, 48.2614475 ] ] ] } },
{ "type": "Feature", "properties": { "ID": 20, "ZONE": "MO07", "AREA_HA": 37.515834, "COMMUNITIES": "Böheimkirchen, St. Pölten", "LEGALFOUNDATIONDATE": "2024-09-01T00:00:00", "LEGISLATIONCODE": "NÖ LGBl. Nr. 47/2024", "LEGISLATIONTITLE": "Sektorales Raumordnungsprogramm über die Windkraftnutzung in Niederösterreich - Änderung", "LASTUPDATE": "2024-09-03T00:00:00" }, "geometry": { "type": "Polygon", "coordinates": [ [ [ 15.72769895, 48.21183794 ], [ 15.72801324, 48.21145114 ], [ 15.72835087, 48.21107322 ], [ 15.72852546, 48.21088656 ], [ 15.72871129, 48.21070482 ], [ 15.72909388, 48.21034655 ], [ 15.72929064, 48.21017001 ], [ 15.72949801, 48.209999 ], [ 15.72992301, 48.20966276 ], [ 15.73014064, 48.20949753 ], [ 15.73036817, 48.20933838 ], [ 15.73083274, 48.20902641 ], [ 15.73110302, 48.20885915 ], [ 15.73126974, 48.20858525 ], [ 15.73150175, 48.20823941 ], [ 15.73179213, 48.20784434 ], [ 15.73210636, 48.20745754 ], [ 15.73242589, 48.20709981 ], [ 15.73217991, 48.20708535 ], [ 15.73185978, 48.20705961 ], [ 15.73154103, 48.20702704 ], [ 15.73122401, 48.20698768 ], [ 15.73090903, 48.20694157 ], [ 15.73059641, 48.20688876 ], [ 15.73028648, 48.2068293 ], [ 15.72997955, 48.20676324 ], [ 15.72967594, 48.20669066 ], [ 15.72937595, 48.20661164 ], [ 15.7290799, 48.20652624 ], [ 15.72878807, 48.20643457 ], [ 15.72850078, 48.20633671 ], [ 15.72821832, 48.20623276 ], [ 15.72794992, 48.20612651 ], [ 15.72768657, 48.20601477 ], [ 15.72742851, 48.20589763 ], [ 15.72717599, 48.20577522 ], [ 15.72692926, 48.20564765 ], [ 15.72668854, 48.20551504 ], [ 15.72645407, 48.20537752 ], [ 15.72622608, 48.20523522 ], [ 15.72600477, 48.20508828 ], [ 15.72579037, 48.20493683 ], [ 15.72558308, 48.20478103 ], [ 15.72538309, 48.20462101 ], [ 15.7251906, 48.20445694 ], [ 15.72499881, 48.20445959 ], [ 15.72480698, 48.20445979 ], [ 15.72478131, 48.20445938 ], [ 15.72477274, 48.20446616 ], [ 15.72432759, 48.20479052 ], [ 15.72410006, 48.20494966 ], [ 15.72386301, 48.20510247 ], [ 15.72337978, 48.20540148 ], [ 15.72303139, 48.20560005 ], [ 15.72305605, 48.2056664 ], [ 15.72312429, 48.20587909 ], [ 15.72318224, 48.20609314 ], [ 15.72322982, 48.20630833 ], [ 15.72326701, 48.20652443 ], [ 15.72329374, 48.20674123 ], [ 15.72331001, 48.20695848 ], [ 15.72331579, 48.20717598 ], [ 15.72331107, 48.20739348 ], [ 15.72329586, 48.20761077 ], [ 15.72327017, 48.20782762 ], [ 15.72323404, 48.2080438 ], [ 15.7231875, 48.20825909 ], [ 15.72313059, 48.20847327 ], [ 15.72306338, 48.20868611 ], [ 15.72298594, 48.20889738 ], [ 15.72289834, 48.20910688 ], [ 15.72280068, 48.20931439 ], [ 15.72269305, 48.20951967 ], [ 15.72257558, 48.20972254 ], [ 15.72244839, 48.20992276 ], [ 15.72231159, 48.21012014 ], [ 15.72216535, 48.21031447 ], [ 15.7220098, 48.21050554 ], [ 15.72184512, 48.21069316 ], [ 15.72167146, 48.21087714 ], [ 15.72148902, 48.21105727 ], [ 15.72129799, 48.21123338 ], [ 15.72109855, 48.21140528 ], [ 15.72099066, 48.21149233 ], [ 15.7215302, 48.21147312 ], [ 15.72185939, 48.2114659 ], [ 15.72218874, 48.21146766 ], [ 15.72284704, 48.21148016 ], [ 15.72350401, 48.21151058 ], [ 15.7241586, 48.21155888 ], [ 15.72448517, 48.2115875 ], [ 15.7247489, 48.21161797 ], [ 15.72496295, 48.21163168 ], [ 15.72517478, 48.21164714 ], [ 15.72525781, 48.21165394 ], [ 15.72535921, 48.21166002 ], [ 15.7260138, 48.21170832 ], [ 15.72657963, 48.21176368 ], [ 15.72699186, 48.21181404 ], [ 15.72718111, 48.211828 ], [ 15.72750769, 48.21185661 ], [ 15.72767133, 48.21187551 ], [ 15.72769895, 48.21183794 ] ] ] } },
{ "type": "Feature", "properties": { "ID": 16, "ZONE": "MO08", "AREA_HA": 73.184418, "COMMUNITIES": "Pyhra", "LEGALFOUNDATIONDATE": "2024-09-01T00:00:00", "LEGISLATIONCODE": "NÖ LGBl. Nr. 47/2024", "LEGISLATIONTITLE": "Sektorales Raumordnungsprogramm über die Windkraftnutzung in Niederösterreich - Änderung", "LASTUPDATE": "2024-09-03T00:00:00" }, "geometry": { "type": "Polygon", "coordinates": [ [ [ 15.71640196, 48.13586964 ], [ 15.71673066, 48.13586243 ], [ 15.71705953, 48.1358642 ], [ 15.71771686, 48.13587672 ], [ 15.71837287, 48.13590717 ], [ 15.71902649, 48.1359555 ], [ 15.71935258, 48.13598413 ], [ 15.71963924, 48.13601731 ], [ 15.72006183, 48.13604855 ], [ 15.72038792, 48.13607718 ], [ 15.72071199, 48.13611469 ], [ 15.72124615, 48.13618404 ], [ 15.72144747, 48.13575226 ], [ 15.72207996, 48.13465407 ], [ 15.72210617, 48.13461615 ], [ 15.72171327, 48.13347765 ], [ 15.72221138, 48.13026994 ], [ 15.72064299, 48.1295799 ], [ 15.71973205, 48.12884939 ], [ 15.71928356, 48.12790146 ], [ 15.7191333, 48.12673525 ], [ 15.71924715, 48.12374089 ], [ 15.71926312, 48.12352158 ], [ 15.71928974, 48.12330273 ], [ 15.71932698, 48.12308458 ], [ 15.71937481, 48.12286736 ], [ 15.71943318, 48.1226513 ], [ 15.71663944, 48.122381 ], [ 15.71631827, 48.12242539 ], [ 15.71599511, 48.12246275 ], [ 15.71567031, 48.12249305 ], [ 15.71534421, 48.12251626 ], [ 15.71501715, 48.12253234 ], [ 15.71468948, 48.12254129 ], [ 15.71468259, 48.12254133 ], [ 15.71468411, 48.12261335 ], [ 15.71468485, 48.12271337 ], [ 15.71468362, 48.12290279 ], [ 15.71468285, 48.12304275 ], [ 15.71468012, 48.12316465 ], [ 15.71467055, 48.12340836 ], [ 15.71464095, 48.1237498 ], [ 15.71458207, 48.12418821 ], [ 15.71449653, 48.12462464 ], [ 15.71438447, 48.12505838 ], [ 15.71424608, 48.12548869 ], [ 15.71408159, 48.12591487 ], [ 15.713992, 48.12612858 ], [ 15.71401113, 48.12626263 ], [ 15.71405942, 48.12670162 ], [ 15.71406158, 48.12673317 ], [ 15.71411415, 48.12691048 ], [ 15.71421572, 48.12734537 ], [ 15.71429072, 48.12778268 ], [ 15.71433902, 48.12822166 ], [ 15.71435648, 48.12844149 ], [ 15.71436053, 48.12866161 ], [ 15.71435522, 48.12910177 ], [ 15.71434585, 48.12932182 ], [ 15.71432309, 48.12954143 ], [ 15.7142642, 48.12997984 ], [ 15.71417865, 48.13041627 ], [ 15.71406658, 48.13085 ], [ 15.71392817, 48.13128032 ], [ 15.71376365, 48.13170649 ], [ 15.71367489, 48.13191846 ], [ 15.7135733, 48.13212783 ], [ 15.71335743, 48.13254361 ], [ 15.71334012, 48.13257309 ], [ 15.71335758, 48.13279297 ], [ 15.71336163, 48.13301309 ], [ 15.71335631, 48.13345325 ], [ 15.71332426, 48.13389222 ], [ 15.71326562, 48.13432927 ], [ 15.71322967, 48.13454739 ], [ 15.71310402, 48.13518948 ], [ 15.71305827, 48.13539306 ], [ 15.71300353, 48.13559701 ], [ 15.71295232, 48.13579857 ], [ 15.71289745, 48.13600111 ], [ 15.71288865, 48.13603043 ], [ 15.71282584, 48.13621574 ], [ 15.71314919, 48.13616476 ], [ 15.71379147, 48.13607029 ], [ 15.71443895, 48.13599343 ], [ 15.71509059, 48.13593431 ], [ 15.71574529, 48.13589302 ], [ 15.71640196, 48.13586964 ] ] ] } },
{ "type": "Feature", "properties": { "ID": 69, "ZONE": "MO105", "AREA_HA": 95.751203, "COMMUNITIES": "Herzogenburg", "LEGALFOUNDATIONDATE": "2024-09-01T00:00:00", "LEGISLATIONCODE": "NÖ LGBl. Nr. 47/2024", "LEGISLATIONTITLE": "Sektorales Raumordnungsprogramm über die Windkraftnutzung in Niederösterreich - Änderung", "LASTUPDATE": "2024-09-03T00:00:00" }, "geometry": { "type": "Polygon", "coordinates": [ [ [ 15.73974075, 48.29622344 ], [ 15.73974985, 48.29622585 ], [ 15.7399573, 48.29628088 ], [ 15.74007547, 48.29631322 ], [ 15.74007477, 48.29631453 ], [ 15.74102945, 48.29657202 ], [ 15.74164382, 48.29673748 ], [ 15.74205968, 48.29684915 ], [ 15.74274119, 48.29702921 ], [ 15.74328551, 48.29714964 ], [ 15.74358526, 48.29720703 ], [ 15.74388368, 48.29725228 ], [ 15.74522481, 48.29738472 ], [ 15.74550635, 48.29697325 ], [ 15.7455779, 48.29679345 ], [ 15.74560085, 48.29673847 ], [ 15.74546424, 48.29671308 ], [ 15.74239193, 48.29617297 ], [ 15.74229397, 48.29615615 ], [ 15.74236083, 48.29605374 ], [ 15.74277538, 48.29543895 ], [ 15.7432557, 48.2952541 ], [ 15.74337948, 48.29508576 ], [ 15.74339719, 48.29486588 ], [ 15.74347983, 48.29486927 ], [ 15.74433265, 48.29499535 ], [ 15.74442643, 48.29446783 ], [ 15.74452625, 48.29390632 ], [ 15.74455668, 48.29373514 ], [ 15.74458051, 48.29360108 ], [ 15.7445098, 48.29356798 ], [ 15.74454466, 48.29353481 ], [ 15.74464112, 48.29311776 ], [ 15.74477189, 48.29286599 ], [ 15.74480513, 48.29282222 ], [ 15.74487865, 48.29272538 ], [ 15.74491001, 48.29268408 ], [ 15.74498542, 48.29258408 ], [ 15.74503163, 48.29236757 ], [ 15.74512875, 48.29235175 ], [ 15.74527381, 48.29222871 ], [ 15.74543089, 48.29193786 ], [ 15.74545906, 48.29189025 ], [ 15.7454764, 48.29187785 ], [ 15.7455188, 48.29184775 ], [ 15.74550309, 48.29183714 ], [ 15.74546038, 48.29180103 ], [ 15.74540687, 48.29174347 ], [ 15.74536663, 48.29170388 ], [ 15.74532868, 48.29167571 ], [ 15.74512566, 48.29155326 ], [ 15.74510499, 48.29131232 ], [ 15.74503473, 48.29098938 ], [ 15.74502835, 48.2909353 ], [ 15.744962, 48.29038038 ], [ 15.7449434, 48.29015624 ], [ 15.74494639, 48.28996662 ], [ 15.74494846, 48.28983539 ], [ 15.74446597, 48.28980503 ], [ 15.74314913, 48.28980275 ], [ 15.74277039, 48.28978577 ], [ 15.74106029, 48.28961237 ], [ 15.74106492, 48.28958532 ], [ 15.74115844, 48.28914451 ], [ 15.74195737, 48.28917166 ], [ 15.74199071, 48.28910861 ], [ 15.74217425, 48.28863248 ], [ 15.7424117, 48.28806183 ], [ 15.74242315, 48.28802718 ], [ 15.74257798, 48.2875624 ], [ 15.74284491, 48.28759849 ], [ 15.74300601, 48.28725435 ], [ 15.74386007, 48.28753439 ], [ 15.74469405, 48.28785002 ], [ 15.74487725, 48.28792597 ], [ 15.74514501, 48.28734913 ], [ 15.74519342, 48.28724484 ], [ 15.74456635, 48.28704098 ], [ 15.74453023, 48.28703 ], [ 15.74461786, 48.2868272 ], [ 15.74466956, 48.28670743 ], [ 15.74471262, 48.2865873 ], [ 15.74474345, 48.28646516 ], [ 15.74481716, 48.28617335 ], [ 15.74489935, 48.2858475 ], [ 15.74504594, 48.2853111 ], [ 15.74498147, 48.28524701 ], [ 15.74329542, 48.28501062 ], [ 15.74342072, 48.28474408 ], [ 15.74349811, 48.28460499 ], [ 15.74357594, 48.28446511 ], [ 15.74432791, 48.28458526 ], [ 15.74439892, 48.28454983 ], [ 15.74454601, 48.28352726 ], [ 15.74441333, 48.28350773 ], [ 15.74440271, 48.28350617 ], [ 15.74387614, 48.28342867 ], [ 15.74304502, 48.28327996 ], [ 15.74316953, 48.28303473 ], [ 15.74242361, 48.2829065 ], [ 15.74199571, 48.28283298 ], [ 15.74125033, 48.28269351 ], [ 15.74129361, 48.28238986 ], [ 15.74107399, 48.28228458 ], [ 15.74100208, 48.28213015 ], [ 15.74097255, 48.28193494 ], [ 15.74093814, 48.28170733 ], [ 15.74092451, 48.28161727 ], [ 15.74090309, 48.28147683 ], [ 15.74086851, 48.28125299 ], [ 15.74087226, 48.28124339 ], [ 15.74100202, 48.28091761 ], [ 15.7410386, 48.28052921 ], [ 15.7408932, 48.28034545 ], [ 15.74089826, 48.28023468 ], [ 15.74098741, 48.28002956 ], [ 15.74107324, 48.27980805 ], [ 15.74109325, 48.27975626 ], [ 15.74115769, 48.27978025 ], [ 15.74120545, 48.27970883 ], [ 15.74129213, 48.27957264 ], [ 15.74133063, 48.27951146 ], [ 15.74126244, 48.27947477 ], [ 15.74134026, 48.27936309 ], [ 15.74139134, 48.2793908 ], [ 15.74159279, 48.27920226 ], [ 15.74163219, 48.2791745 ], [ 15.74171179, 48.27911816 ], [ 15.74181728, 48.27903723 ], [ 15.74179493, 48.27902119 ], [ 15.74197137, 48.27887485 ], [ 15.74233673, 48.27865202 ], [ 15.74216339, 48.27852883 ], [ 15.74202085, 48.27848012 ], [ 15.74160872, 48.27832903 ], [ 15.74121044, 48.27816219 ], [ 15.7404291, 48.27781334 ], [ 15.74004603, 48.27763132 ], [ 15.73967947, 48.27743474 ], [ 15.7389641, 48.27702769 ], [ 15.7386153, 48.27681722 ], [ 15.73850187, 48.27674323 ], [ 15.73827725, 48.27659379 ], [ 15.73816606, 48.27651835 ], [ 15.73810739, 48.27647776 ], [ 15.73789537, 48.27632528 ], [ 15.73763098, 48.27612764 ], [ 15.73652729, 48.27569047 ], [ 15.73642406, 48.27564958 ], [ 15.73643078, 48.27559341 ], [ 15.73642847, 48.27509877 ], [ 15.73616639, 48.27484471 ], [ 15.73586889, 48.27451193 ], [ 15.73559787, 48.27418242 ], [ 15.73546645, 48.27402768 ], [ 15.73533066, 48.27385637 ], [ 15.73516888, 48.27366588 ], [ 15.73494898, 48.27338846 ], [ 15.73475363, 48.27310298 ], [ 15.73438812, 48.2725249 ], [ 15.73421796, 48.27223231 ], [ 15.73407358, 48.2719336 ], [ 15.73391706, 48.27160522 ], [ 15.73384265, 48.27223373 ], [ 15.733798, 48.27254617 ], [ 15.73372621, 48.27285636 ], [ 15.73365787, 48.27310372 ], [ 15.73377301, 48.2733567 ], [ 15.73387342, 48.2735972 ], [ 15.73392151, 48.27372362 ], [ 15.73398072, 48.27387974 ], [ 15.73403413, 48.27402022 ], [ 15.73407909, 48.27414463 ], [ 15.73412837, 48.27429994 ], [ 15.73418131, 48.27442962 ], [ 15.73425479, 48.27462382 ], [ 15.73429091, 48.27470885 ], [ 15.73436483, 48.27488999 ], [ 15.73441186, 48.27501367 ], [ 15.73449113, 48.27522226 ], [ 15.73456902, 48.27542696 ], [ 15.73459221, 48.27548948 ], [ 15.73463746, 48.27561463 ], [ 15.73465952, 48.27567728 ], [ 15.73475099, 48.27598515 ], [ 15.73490696, 48.27660392 ], [ 15.73497146, 48.27691482 ], [ 15.73500878, 48.27722769 ], [ 15.73505608, 48.27785436 ], [ 15.73506608, 48.27816816 ], [ 15.73506038, 48.2782712 ], [ 15.73515883, 48.27866175 ], [ 15.73522333, 48.27897265 ], [ 15.73526153, 48.27929745 ], [ 15.73530855, 48.27994893 ], [ 15.73531767, 48.28025081 ], [ 15.73530147, 48.28055255 ], [ 15.73523918, 48.28120346 ], [ 15.73520395, 48.28145288 ], [ 15.73546628, 48.28165275 ], [ 15.73575504, 48.28190047 ], [ 15.73631052, 48.28240668 ], [ 15.73657722, 48.28266518 ], [ 15.73682096, 48.2829336 ], [ 15.73728465, 48.28347943 ], [ 15.7375046, 48.28375685 ], [ 15.73770001, 48.28404233 ], [ 15.73806564, 48.2846204 ], [ 15.73823586, 48.28491298 ], [ 15.7383803, 48.28521168 ], [ 15.73864292, 48.28581417 ], [ 15.7387611, 48.28611796 ], [ 15.73883218, 48.2863483 ], [ 15.73895926, 48.28681082 ], [ 15.73901524, 48.28704301 ], [ 15.73909472, 48.28742562 ], [ 15.73911006, 48.28750367 ], [ 15.73913904, 48.2876599 ], [ 15.73915268, 48.28773808 ], [ 15.73919002, 48.28805096 ], [ 15.73923739, 48.28867762 ], [ 15.73924741, 48.28899142 ], [ 15.73923008, 48.28930507 ], [ 15.73916811, 48.28993117 ], [ 15.73915383, 48.29003113 ], [ 15.73916772, 48.29021483 ], [ 15.7391828, 48.29034709 ], [ 15.73923409, 48.29095658 ], [ 15.73924656, 48.29130106 ], [ 15.73922923, 48.29161472 ], [ 15.73916726, 48.29224081 ], [ 15.73912262, 48.29255326 ], [ 15.73905083, 48.29286345 ], [ 15.73888035, 48.29348051 ], [ 15.73878166, 48.29378739 ], [ 15.73865639, 48.29408992 ], [ 15.7383797, 48.2946896 ], [ 15.73822828, 48.29498676 ], [ 15.73805121, 48.29527754 ], [ 15.73793154, 48.29547389 ], [ 15.73801623, 48.29559701 ], [ 15.73812327, 48.29575262 ], [ 15.73857614, 48.29589924 ], [ 15.73890832, 48.29599273 ], [ 15.7389075, 48.29599476 ], [ 15.7393289, 48.29611422 ], [ 15.73974075, 48.29622344 ] ] ] } },
{ "type": "Feature", "properties": { "ID": 35, "ZONE": "WA01", "AREA_HA": 258.969402, "COMMUNITIES": "Sallingberg, Waldhausen", "LEGALFOUNDATIONDATE": "2024-09-01T00:00:00", "LEGISLATIONCODE": "NÖ LGBl. Nr. 47/2024", "LEGISLATIONTITLE": "Sektorales Raumordnungsprogramm über die Windkraftnutzung in Niederösterreich - Änderung", "LASTUPDATE": "2024-09-03T00:00:00" }, "geometry": { "type": "MultiPolygon", "coordinates": [ [ [ [ 15.29030401, 48.49039375 ], [ 15.28985564, 48.4902959 ], [ 15.28979799, 48.4904042 ], [ 15.28955185, 48.49081279 ], [ 15.28928084, 48.49121436 ], [ 15.2891879, 48.49133828 ], [ 15.2889854, 48.49160825 ], [ 15.28886029, 48.4917593 ], [ 15.28877231, 48.49186551 ], [ 15.28874922, 48.49189339 ], [ 15.28877419, 48.4918815 ], [ 15.28879018, 48.49187389 ], [ 15.28880711, 48.49186583 ], [ 15.28891932, 48.49181241 ], [ 15.28934684, 48.4916089 ], [ 15.29024018, 48.49130694 ], [ 15.29055335, 48.49121626 ], [ 15.29069728, 48.49118474 ], [ 15.29097519, 48.49109149 ], [ 15.29166371, 48.49086033 ], [ 15.29100952, 48.49058002 ], [ 15.29040878, 48.49042141 ], [ 15.29030401, 48.49039375 ] ] ], [ [ [ 15.25842992, 48.49551682 ], [ 15.25829555, 48.49539686 ], [ 15.25822005, 48.49534192 ], [ 15.25789972, 48.49509411 ], [ 15.25748359, 48.49475174 ], [ 15.25712424, 48.49443265 ], [ 15.25681848, 48.49413914 ], [ 15.25666926, 48.49399071 ], [ 15.25644934, 48.49376391 ], [ 15.25641567, 48.49372889 ], [ 15.25634868, 48.49365863 ], [ 15.25614605, 48.49343422 ], [ 15.25589049, 48.49313497 ], [ 15.25540661, 48.49284824 ], [ 15.25493075, 48.49254219 ], [ 15.25447406, 48.49222349 ], [ 15.25425061, 48.49206105 ], [ 15.25403731, 48.49189268 ], [ 15.25362124, 48.4915503 ], [ 15.25341845, 48.49137628 ], [ 15.25322652, 48.49119691 ], [ 15.25285382, 48.49083313 ], [ 15.25267307, 48.49064871 ], [ 15.25250377, 48.49045953 ], [ 15.25217693, 48.49007676 ], [ 15.25187387, 48.48968546 ], [ 15.25159507, 48.48928625 ], [ 15.25146179, 48.48908475 ], [ 15.25134099, 48.48887981 ], [ 15.25111208, 48.48846682 ], [ 15.2509087, 48.48804798 ], [ 15.2507312, 48.48762396 ], [ 15.25064895, 48.48741075 ], [ 15.25057986, 48.48719549 ], [ 15.25045494, 48.48676327 ], [ 15.25039911, 48.48654631 ], [ 15.25035664, 48.48632801 ], [ 15.25028514, 48.48589046 ], [ 15.25024054, 48.48545134 ], [ 15.25022293, 48.48501137 ], [ 15.25022087, 48.48479126 ], [ 15.25023232, 48.48457128 ], [ 15.25026871, 48.48413182 ], [ 15.25033203, 48.48369372 ], [ 15.25042218, 48.48325769 ], [ 15.2505288, 48.48285548 ], [ 15.25064279, 48.48250392 ], [ 15.25018801, 48.48223434 ], [ 15.24971227, 48.48192827 ], [ 15.24925571, 48.48160955 ], [ 15.24903232, 48.4814471 ], [ 15.24881909, 48.48127872 ], [ 15.24842936, 48.48095791 ], [ 15.24839649, 48.48118527 ], [ 15.24830634, 48.48162129 ], [ 15.2481895, 48.48205451 ], [ 15.24804617, 48.4824842 ], [ 15.24787661, 48.48290965 ], [ 15.24778529, 48.48312122 ], [ 15.24768107, 48.48333014 ], [ 15.2474599, 48.48374498 ], [ 15.24721345, 48.48415348 ], [ 15.24694214, 48.48455495 ], [ 15.24664642, 48.48494873 ], [ 15.24632678, 48.48533417 ], [ 15.24598376, 48.4857106 ], [ 15.24561792, 48.48607743 ], [ 15.24542936, 48.48625837 ], [ 15.24522985, 48.48643405 ], [ 15.24482023, 48.48677983 ], [ 15.24472327, 48.48685833 ], [ 15.24448761, 48.48711693 ], [ 15.24412174, 48.48748376 ], [ 15.24393317, 48.4876647 ], [ 15.24373366, 48.48784037 ], [ 15.24332402, 48.48818615 ], [ 15.24305387, 48.48839596 ], [ 15.24331383, 48.48860995 ], [ 15.24370846, 48.48896337 ], [ 15.24390035, 48.48914275 ], [ 15.24395039, 48.4891926 ], [ 15.2441584, 48.48937079 ], [ 15.24455303, 48.48972419 ], [ 15.24474493, 48.48990358 ], [ 15.24492567, 48.49008802 ], [ 15.24527567, 48.49046163 ], [ 15.24560244, 48.49084441 ], [ 15.24590547, 48.49123575 ], [ 15.24618424, 48.49163497 ], [ 15.24643828, 48.49204141 ], [ 15.24666717, 48.4924544 ], [ 15.24687053, 48.49287326 ], [ 15.24696579, 48.49308407 ], [ 15.24704803, 48.49329728 ], [ 15.24719935, 48.49372576 ], [ 15.24732426, 48.49415799 ], [ 15.24742254, 48.49459324 ], [ 15.24749403, 48.49503079 ], [ 15.24753861, 48.49546991 ], [ 15.24755416, 48.49568978 ], [ 15.24755597, 48.49588492 ], [ 15.24777999, 48.49584021 ], [ 15.24809904, 48.4957812 ], [ 15.24842146, 48.4957309 ], [ 15.24906909, 48.49563907 ], [ 15.2497218, 48.49556487 ], [ 15.25037853, 48.49550843 ], [ 15.25103818, 48.49546983 ], [ 15.25169965, 48.49544914 ], [ 15.25203071, 48.49544328 ], [ 15.25236185, 48.4954464 ], [ 15.25302366, 48.49546161 ], [ 15.25368396, 48.49549474 ], [ 15.25434171, 48.49554574 ], [ 15.25469707, 48.4955786 ], [ 15.25476563, 48.49558599 ], [ 15.25529992, 48.4956447 ], [ 15.25544038, 48.49566098 ], [ 15.25549448, 48.49566757 ], [ 15.25563723, 48.49568586 ], [ 15.25623242, 48.49576578 ], [ 15.25686291, 48.49586803 ], [ 15.25749946, 48.49598936 ], [ 15.25812803, 48.49612785 ], [ 15.25874758, 48.49628326 ], [ 15.25905498, 48.49636517 ], [ 15.25935709, 48.49645533 ], [ 15.25994919, 48.49664248 ], [ 15.25973963, 48.49650866 ], [ 15.25928288, 48.49618998 ], [ 15.25905939, 48.49602754 ], [ 15.25884606, 48.49585919 ], [ 15.25842992, 48.49551682 ] ] ], [ [ [ 15.28789399, 48.50844871 ], [ 15.28766689, 48.50775891 ], [ 15.28750818, 48.50706073 ], [ 15.28750411, 48.50703753 ], [ 15.28745242, 48.5069442 ], [ 15.28709869, 48.50629629 ], [ 15.28691685, 48.50594442 ], [ 15.28662237, 48.50526597 ], [ 15.28639531, 48.50457617 ], [ 15.28623662, 48.50387798 ], [ 15.28619516, 48.50361654 ], [ 15.28615382, 48.50353295 ], [ 15.28585936, 48.5028545 ], [ 15.28563231, 48.5021647 ], [ 15.28547364, 48.50146651 ], [ 15.28538403, 48.50076292 ], [ 15.28536386, 48.50005694 ], [ 15.2854132, 48.49935159 ], [ 15.28553185, 48.4986499 ], [ 15.2857193, 48.49795487 ], [ 15.28597473, 48.49726947 ], [ 15.28629706, 48.49659664 ], [ 15.2866849, 48.49593927 ], [ 15.28713659, 48.49530015 ], [ 15.28765019, 48.49468204 ], [ 15.2882235, 48.49408758 ], [ 15.28885406, 48.4935193 ], [ 15.28953918, 48.49297965 ], [ 15.29027592, 48.49247094 ], [ 15.29106112, 48.49199533 ], [ 15.29152144, 48.49175115 ], [ 15.29171813, 48.49164681 ], [ 15.2917204, 48.4916456 ], [ 15.2917283, 48.49164141 ], [ 15.29165769, 48.4916649 ], [ 15.29162914, 48.4916744 ], [ 15.29135573, 48.49176537 ], [ 15.29123282, 48.49180103 ], [ 15.28992569, 48.49219798 ], [ 15.28854193, 48.49279518 ], [ 15.2877767, 48.49312543 ], [ 15.28771804, 48.49315075 ], [ 15.28768568, 48.49311199 ], [ 15.28763005, 48.49319446 ], [ 15.2875873, 48.49325145 ], [ 15.28733459, 48.49358835 ], [ 15.2870152, 48.4939739 ], [ 15.28667242, 48.49435045 ], [ 15.2863068, 48.49471742 ], [ 15.28611835, 48.49489842 ], [ 15.28591895, 48.49507417 ], [ 15.28550954, 48.4954201 ], [ 15.28507923, 48.49575463 ], [ 15.28462875, 48.49607723 ], [ 15.28439855, 48.49623547 ], [ 15.28415883, 48.49638735 ], [ 15.28367027, 48.49668446 ], [ 15.28316389, 48.49696806 ], [ 15.28264051, 48.49723772 ], [ 15.28237466, 48.497369 ], [ 15.28210099, 48.49749296 ], [ 15.28154627, 48.49773336 ], [ 15.28126522, 48.49784979 ], [ 15.28097724, 48.49795852 ], [ 15.28039487, 48.49816806 ], [ 15.27980013, 48.49836163 ], [ 15.27929269, 48.49851005 ], [ 15.27909465, 48.4985804 ], [ 15.278538, 48.49876034 ], [ 15.27793185, 48.49893762 ], [ 15.27762606, 48.49902215 ], [ 15.27731532, 48.49909833 ], [ 15.27668944, 48.49924218 ], [ 15.27605525, 48.49936893 ], [ 15.2754138, 48.49947839 ], [ 15.27476618, 48.49957037 ], [ 15.27411344, 48.49964471 ], [ 15.27378591, 48.49967746 ], [ 15.27345665, 48.4997013 ], [ 15.27279696, 48.49974002 ], [ 15.27213546, 48.49976083 ], [ 15.27147322, 48.49976369 ], [ 15.27114204, 48.49976062 ], [ 15.27081133, 48.49974858 ], [ 15.27015094, 48.49971555 ], [ 15.26949313, 48.49966463 ], [ 15.26883899, 48.49959593 ], [ 15.26823603, 48.49951694 ], [ 15.26779748, 48.49944794 ], [ 15.26775109, 48.49944054 ], [ 15.26756878, 48.4994111 ], [ 15.26715331, 48.49934572 ], [ 15.26678675, 48.499282 ], [ 15.2664703, 48.49921704 ], [ 15.26584167, 48.4990786 ], [ 15.26552948, 48.49900512 ], [ 15.26522205, 48.49892323 ], [ 15.2646125, 48.49875118 ], [ 15.2645668, 48.49873669 ], [ 15.26444579, 48.49881751 ], [ 15.26442666, 48.49882961 ], [ 15.26446324, 48.49885411 ], [ 15.26468675, 48.49901653 ], [ 15.26512363, 48.49934731 ], [ 15.26553984, 48.49968965 ], [ 15.26593471, 48.50004298 ], [ 15.26612672, 48.50022233 ], [ 15.26630757, 48.50040674 ], [ 15.2666578, 48.50078029 ], [ 15.2669848, 48.50116301 ], [ 15.26728806, 48.50155429 ], [ 15.26756705, 48.50195346 ], [ 15.26782131, 48.50235986 ], [ 15.26805042, 48.50277281 ], [ 15.268254, 48.50319163 ], [ 15.26834936, 48.50340242 ], [ 15.26843171, 48.50361562 ], [ 15.26858324, 48.50404407 ], [ 15.26870836, 48.50447627 ], [ 15.26880684, 48.5049115 ], [ 15.26887853, 48.50534904 ], [ 15.2689233, 48.50578816 ], [ 15.26893951, 48.50611511 ], [ 15.26899732, 48.50637058 ], [ 15.26906901, 48.50680811 ], [ 15.26910455, 48.5071567 ], [ 15.26914038, 48.50724374 ], [ 15.26921347, 48.50745036 ], [ 15.26929449, 48.507461 ], [ 15.2696006, 48.5075053 ], [ 15.27003814, 48.50757453 ], [ 15.27007935, 48.50758095 ], [ 15.27012179, 48.5075876 ], [ 15.2702916, 48.50761551 ], [ 15.27038931, 48.50763232 ], [ 15.27048646, 48.5076492 ], [ 15.27066778, 48.50768223 ], [ 15.27103153, 48.5077515 ], [ 15.27110278, 48.50776376 ], [ 15.27162228, 48.50786547 ], [ 15.27193453, 48.50793894 ], [ 15.27224395, 48.5080165 ], [ 15.27244622, 48.50799726 ], [ 15.27267394, 48.50798062 ], [ 15.272776, 48.50797269 ], [ 15.27310524, 48.50795432 ], [ 15.27343521, 48.50794308 ], [ 15.27376556, 48.50793899 ], [ 15.27409593, 48.50794204 ], [ 15.27442597, 48.50795223 ], [ 15.27475534, 48.50796955 ], [ 15.27508369, 48.50799399 ], [ 15.27541067, 48.50802551 ], [ 15.27573594, 48.50806409 ], [ 15.27605914, 48.50810968 ], [ 15.27637993, 48.50816224 ], [ 15.27669798, 48.50822171 ], [ 15.27701296, 48.50828802 ], [ 15.27732451, 48.50836111 ], [ 15.27763233, 48.5084409 ], [ 15.27793607, 48.50852731 ], [ 15.27823542, 48.50862023 ], [ 15.27853006, 48.50871958 ], [ 15.27881967, 48.50882526 ], [ 15.27910397, 48.50893713 ], [ 15.27938262, 48.5090551 ], [ 15.27965536, 48.50917903 ], [ 15.27992188, 48.50930879 ], [ 15.2801819, 48.50944425 ], [ 15.28043516, 48.50958526 ], [ 15.28068137, 48.50973167 ], [ 15.28092028, 48.50988332 ], [ 15.28115164, 48.51004007 ], [ 15.28137519, 48.51020173 ], [ 15.28159071, 48.51036814 ], [ 15.28179797, 48.51053913 ], [ 15.28199674, 48.51071451 ], [ 15.28218681, 48.51089409 ], [ 15.28236799, 48.51107769 ], [ 15.28254008, 48.51126511 ], [ 15.2827029, 48.51145615 ], [ 15.28285627, 48.51165061 ], [ 15.28300004, 48.51184828 ], [ 15.28313405, 48.51204896 ], [ 15.28325816, 48.51225243 ], [ 15.28337223, 48.51245848 ], [ 15.28347615, 48.51266688 ], [ 15.28356981, 48.51287742 ], [ 15.2836531, 48.51308988 ], [ 15.28372595, 48.51330402 ], [ 15.28378826, 48.51351963 ], [ 15.28383998, 48.51373647 ], [ 15.28388104, 48.51395431 ], [ 15.28391142, 48.51417292 ], [ 15.28393106, 48.51439208 ], [ 15.28393996, 48.51461154 ], [ 15.28393811, 48.51483109 ], [ 15.2839255, 48.51505047 ], [ 15.28390214, 48.51526947 ], [ 15.28386807, 48.51548784 ], [ 15.28382481, 48.51569811 ], [ 15.28394918, 48.51559791 ], [ 15.28416567, 48.51543453 ], [ 15.28438998, 48.51527588 ], [ 15.28462187, 48.51512211 ], [ 15.28486112, 48.5149734 ], [ 15.28510746, 48.5148299 ], [ 15.28536064, 48.51469175 ], [ 15.2856204, 48.5145591 ], [ 15.28588646, 48.51443209 ], [ 15.28615856, 48.51431085 ], [ 15.2864364, 48.5141955 ], [ 15.2867197, 48.51408618 ], [ 15.28700816, 48.51398298 ], [ 15.28730148, 48.51388602 ], [ 15.28759935, 48.5137954 ], [ 15.28790147, 48.51371121 ], [ 15.28820753, 48.51363355 ], [ 15.28851719, 48.51356248 ], [ 15.28883015, 48.51349809 ], [ 15.28914606, 48.51344045 ], [ 15.28946462, 48.5133896 ], [ 15.28978547, 48.51334562 ], [ 15.2901083, 48.51330853 ], [ 15.29043276, 48.51327839 ], [ 15.29075851, 48.51325521 ], [ 15.29108522, 48.51323903 ], [ 15.29141254, 48.51322987 ], [ 15.29159194, 48.5132287 ], [ 15.29102762, 48.51275889 ], [ 15.29042046, 48.51217936 ], [ 15.28987165, 48.51157469 ], [ 15.2897203, 48.5113907 ], [ 15.2893112, 48.51088168 ], [ 15.28897447, 48.51043845 ], [ 15.28854918, 48.50979135 ], [ 15.28818851, 48.50912716 ], [ 15.28789399, 48.50844871 ] ] ] ] } },
{ "type": "Feature", "properties": { "ID": 39, "ZONE": "WA02", "AREA_HA": 80.457373, "COMMUNITIES": "Grafenschlag", "LEGALFOUNDATIONDATE": "2024-09-01T00:00:00", "LEGISLATIONCODE": "NÖ LGBl. Nr. 47/2024", "LEGISLATIONTITLE": "Sektorales Raumordnungsprogramm über die Windkraftnutzung in Niederösterreich - Änderung", "LASTUPDATE": "2024-09-03T00:00:00" }, "geometry": { "type": "Polygon", "coordinates": [ [ [ 15.17370408, 48.52247373 ], [ 15.17378421, 48.52232044 ], [ 15.17382347, 48.52225016 ], [ 15.17386802, 48.52217857 ], [ 15.1738953, 48.52214025 ], [ 15.17397191, 48.52207734 ], [ 15.1739922, 48.52200166 ], [ 15.17400251, 48.52195692 ], [ 15.17401713, 48.52189739 ], [ 15.17406545, 48.5218331 ], [ 15.17414896, 48.52170365 ], [ 15.17417319, 48.52162802 ], [ 15.174197, 48.52156965 ], [ 15.17422454, 48.52143953 ], [ 15.17423072, 48.52140198 ], [ 15.17423502, 48.52130644 ], [ 15.17424471, 48.52114987 ], [ 15.17428222, 48.52082939 ], [ 15.17428933, 48.52078314 ], [ 15.17434787, 48.5204036 ], [ 15.17435017, 48.52014895 ], [ 15.17437555, 48.51996872 ], [ 15.17441674, 48.51952299 ], [ 15.17446813, 48.51922342 ], [ 15.17450822, 48.51890296 ], [ 15.17527931, 48.51885399 ], [ 15.17684392, 48.51880528 ], [ 15.17752185, 48.51887595 ], [ 15.17813978, 48.51900178 ], [ 15.17867844, 48.5191153 ], [ 15.17905575, 48.51919906 ], [ 15.17911744, 48.51920792 ], [ 15.17956024, 48.51927987 ], [ 15.18015718, 48.51937751 ], [ 15.18060864, 48.51944577 ], [ 15.18104037, 48.51951241 ], [ 15.18147859, 48.51957561 ], [ 15.18168456, 48.51960531 ], [ 15.18194146, 48.51964518 ], [ 15.18226623, 48.51960681 ], [ 15.18255986, 48.51957122 ], [ 15.18282167, 48.51953945 ], [ 15.18310144, 48.51950233 ], [ 15.18344639, 48.51947734 ], [ 15.18357874, 48.51947083 ], [ 15.18371646, 48.5194602 ], [ 15.18389851, 48.51944868 ], [ 15.18410245, 48.51943255 ], [ 15.18433086, 48.51941634 ], [ 15.18463759, 48.51938609 ], [ 15.18489691, 48.51937714 ], [ 15.18515294, 48.5193678 ], [ 15.18542033, 48.51935235 ], [ 15.18594515, 48.51932412 ], [ 15.1862335, 48.51930948 ], [ 15.18638607, 48.51916342 ], [ 15.18677478, 48.51880702 ], [ 15.18697462, 48.51863145 ], [ 15.18718506, 48.51846144 ], [ 15.1876162, 48.51812728 ], [ 15.1878369, 48.51796312 ], [ 15.1880675, 48.51780507 ], [ 15.18853819, 48.51749536 ], [ 15.1890275, 48.51719866 ], [ 15.18953461, 48.51691546 ], [ 15.18971334, 48.5168222 ], [ 15.18975975, 48.51679288 ], [ 15.19000896, 48.51664784 ], [ 15.19051606, 48.51636464 ], [ 15.19077396, 48.51622648 ], [ 15.19104013, 48.51609541 ], [ 15.19151667, 48.51587061 ], [ 15.19086743, 48.51585003 ], [ 15.18981143, 48.5157703 ], [ 15.18876553, 48.51564484 ], [ 15.18773424, 48.5154742 ], [ 15.18672196, 48.51525911 ], [ 15.18593121, 48.51505632 ], [ 15.18508937, 48.51491345 ], [ 15.18407711, 48.51469833 ], [ 15.18308821, 48.51443968 ], [ 15.18270979, 48.51432724 ], [ 15.1814597, 48.513943 ], [ 15.18087681, 48.51375435 ], [ 15.17994722, 48.51341213 ], [ 15.17921147, 48.51309781 ], [ 15.17912284, 48.51330409 ], [ 15.17896576, 48.51363014 ], [ 15.17874389, 48.51404484 ], [ 15.17849674, 48.51445318 ], [ 15.17822473, 48.51485449 ], [ 15.17808256, 48.51505329 ], [ 15.17788311, 48.51530169 ], [ 15.17769695, 48.51551967 ], [ 15.17767566, 48.51554926 ], [ 15.1774565, 48.51583222 ], [ 15.17713614, 48.51621745 ], [ 15.1767924, 48.51659367 ], [ 15.17642583, 48.51696028 ], [ 15.17623691, 48.5171411 ], [ 15.17603704, 48.51731665 ], [ 15.17562671, 48.51766218 ], [ 15.17519549, 48.5179963 ], [ 15.17474412, 48.51831845 ], [ 15.17451348, 48.51847647 ], [ 15.17427333, 48.51862811 ], [ 15.17378392, 48.51892475 ], [ 15.17327671, 48.51920787 ], [ 15.17275253, 48.51947701 ], [ 15.17248628, 48.51960804 ], [ 15.17221223, 48.51973174 ], [ 15.17165675, 48.5199716 ], [ 15.17137533, 48.52008776 ], [ 15.171087, 48.5201962 ], [ 15.17050393, 48.52040518 ], [ 15.16990851, 48.52059818 ], [ 15.16960377, 48.52068448 ], [ 15.1693001, 48.52077242 ], [ 15.16899563, 48.52085912 ], [ 15.16868328, 48.52093245 ], [ 15.16837028, 48.5210045 ], [ 15.16805815, 48.52107825 ], [ 15.16742343, 48.52120441 ], [ 15.16678148, 48.52131326 ], [ 15.1661334, 48.52140462 ], [ 15.16548023, 48.52147834 ], [ 15.16515249, 48.52151078 ], [ 15.16482305, 48.5215343 ], [ 15.164163, 48.5215724 ], [ 15.16350119, 48.52159258 ], [ 15.16283866, 48.52159481 ], [ 15.16250735, 48.52159143 ], [ 15.16217653, 48.52157908 ], [ 15.16151594, 48.52154542 ], [ 15.16110676, 48.52151763 ], [ 15.16094797, 48.52150414 ], [ 15.16086858, 48.52149713 ], [ 15.16039036, 48.5214533 ], [ 15.16014197, 48.52142793 ], [ 15.15973785, 48.52138239 ], [ 15.15954882, 48.52138115 ], [ 15.15909607, 48.52144172 ], [ 15.15886683, 48.52145955 ], [ 15.15819254, 48.52150553 ], [ 15.15795179, 48.52151954 ], [ 15.15746979, 48.5215428 ], [ 15.15722853, 48.52155205 ], [ 15.15702533, 48.52155614 ], [ 15.15661883, 48.52156092 ], [ 15.15641553, 48.52156163 ], [ 15.15605181, 48.52155986 ], [ 15.1557827, 48.52155559 ], [ 15.15562445, 48.52155132 ], [ 15.15570897, 48.52169054 ], [ 15.15582255, 48.52189671 ], [ 15.15589001, 48.52203274 ], [ 15.15618599, 48.52206824 ], [ 15.15683545, 48.52215526 ], [ 15.15725947, 48.52221997 ], [ 15.15731131, 48.52222886 ], [ 15.15783306, 48.52222319 ], [ 15.15787909, 48.52222278 ], [ 15.15797123, 48.52222213 ], [ 15.15834865, 48.52222528 ], [ 15.15901076, 48.52224103 ], [ 15.15943386, 48.52225845 ], [ 15.15961845, 48.52226926 ], [ 15.15971073, 48.52227502 ], [ 15.16038353, 48.52231959 ], [ 15.16062069, 48.52233765 ], [ 15.16109409, 48.52237837 ], [ 15.16165642, 48.52244013 ], [ 15.1623059, 48.52252712 ], [ 15.16294948, 48.52263163 ], [ 15.16358613, 48.52275348 ], [ 15.16421476, 48.52289248 ], [ 15.16483435, 48.5230484 ], [ 15.16514175, 48.52313055 ], [ 15.16544385, 48.52322097 ], [ 15.16604225, 48.5234099 ], [ 15.16662855, 48.52361489 ], [ 15.16720178, 48.5238356 ], [ 15.16748502, 48.52394983 ], [ 15.167761, 48.52407165 ], [ 15.16830526, 48.52432265 ], [ 15.16857353, 48.52445183 ], [ 15.16883367, 48.52458819 ], [ 15.16934532, 48.52486782 ], [ 15.16963341, 48.52503881 ], [ 15.16973533, 48.52507805 ], [ 15.16978975, 48.5251 ], [ 15.17017872, 48.52519786 ], [ 15.17026624, 48.52522124 ], [ 15.17056384, 48.52495352 ], [ 15.1707897, 48.52471262 ], [ 15.17088454, 48.52463232 ], [ 15.17102242, 48.52451528 ], [ 15.17113785, 48.52442696 ], [ 15.17124715, 48.52434822 ], [ 15.17138104, 48.52423216 ], [ 15.17146919, 48.52415523 ], [ 15.17156199, 48.52407733 ], [ 15.17163278, 48.52400922 ], [ 15.17166312, 48.52398158 ], [ 15.17170756, 48.52394209 ], [ 15.17171695, 48.52393496 ], [ 15.17190874, 48.52376749 ], [ 15.17203828, 48.52366864 ], [ 15.17213083, 48.5236004 ], [ 15.17228753, 48.5235212 ], [ 15.17237848, 48.52346536 ], [ 15.17253567, 48.5233665 ], [ 15.17261926, 48.52328745 ], [ 15.17271029, 48.52322781 ], [ 15.17291307, 48.52313406 ], [ 15.17293677, 48.52312242 ], [ 15.1729708, 48.5231057 ], [ 15.17311963, 48.5229981 ], [ 15.17314977, 48.52297742 ], [ 15.17333549, 48.52286993 ], [ 15.17347572, 48.52279087 ], [ 15.1735471, 48.52269959 ], [ 15.17365333, 48.52255663 ], [ 15.17370408, 48.52247373 ] ] ] } },
{ "type": "Feature", "properties": { "ID": 43, "ZONE": "WA03", "AREA_HA": 54.389045, "COMMUNITIES": "Zwettl-Niederösterreich", "LEGALFOUNDATIONDATE": "2024-09-01T00:00:00", "LEGISLATIONCODE": "NÖ LGBl. Nr. 47/2024", "LEGISLATIONTITLE": "Sektorales Raumordnungsprogramm über die Windkraftnutzung in Niederösterreich - Änderung", "LASTUPDATE": "2024-09-03T00:00:00" }, "geometry": { "type": "MultiPolygon", "coordinates": [ [ [ [ 15.09763009, 48.61769061 ], [ 15.09738787, 48.61800431 ], [ 15.09735181, 48.61804748 ], [ 15.09735814, 48.61809861 ], [ 15.09740739, 48.61849614 ], [ 15.09742497, 48.61920211 ], [ 15.09737286, 48.61990734 ], [ 15.09725129, 48.6206088 ], [ 15.09706078, 48.62130348 ], [ 15.09689635, 48.62173895 ], [ 15.09717419, 48.62134936 ], [ 15.09763949, 48.62079407 ], [ 15.09769139, 48.62073214 ], [ 15.09790817, 48.62049903 ], [ 15.09969249, 48.61863366 ], [ 15.10005266, 48.61827328 ], [ 15.10068688, 48.61770608 ], [ 15.10137569, 48.61716759 ], [ 15.10211612, 48.61666012 ], [ 15.10290501, 48.61618584 ], [ 15.10333562, 48.61595178 ], [ 15.10400943, 48.61559812 ], [ 15.10441278, 48.61539312 ], [ 15.10505742, 48.61509714 ], [ 15.10495135, 48.6149188 ], [ 15.10484077, 48.61471368 ], [ 15.10474023, 48.6145063 ], [ 15.10464985, 48.61429687 ], [ 15.10456972, 48.61408562 ], [ 15.10449992, 48.61387276 ], [ 15.10419429, 48.61383941 ], [ 15.10389033, 48.61379989 ], [ 15.10358834, 48.61375426 ], [ 15.10326061, 48.61374396 ], [ 15.10293355, 48.61372665 ], [ 15.10260751, 48.61370236 ], [ 15.10228281, 48.61367111 ], [ 15.10195981, 48.61363293 ], [ 15.10163883, 48.61358785 ], [ 15.10132021, 48.61353594 ], [ 15.10100429, 48.61347723 ], [ 15.10069138, 48.6134118 ], [ 15.10052244, 48.61337246 ], [ 15.10038835, 48.61334246 ], [ 15.10007826, 48.61326553 ], [ 15.09998511, 48.6132401 ], [ 15.0999236, 48.6135325 ], [ 15.09980517, 48.61396554 ], [ 15.0996602, 48.61439503 ], [ 15.09948893, 48.61482023 ], [ 15.09939675, 48.61503167 ], [ 15.09929164, 48.61524045 ], [ 15.09906866, 48.61565498 ], [ 15.09882037, 48.61606313 ], [ 15.09854717, 48.61646423 ], [ 15.09839267, 48.61667836 ], [ 15.0983631, 48.61671709 ], [ 15.09807243, 48.61709518 ], [ 15.09803184, 48.61714727 ], [ 15.09794981, 48.61725115 ], [ 15.09790838, 48.61730294 ], [ 15.09786905, 48.61735145 ], [ 15.09780032, 48.61745117 ], [ 15.09763009, 48.61769061 ] ] ], [ [ [ 15.09592691, 48.62351547 ], [ 15.09580413, 48.62369569 ], [ 15.09566132, 48.62389439 ], [ 15.09546764, 48.62413305 ], [ 15.0954206, 48.62419433 ], [ 15.09530777, 48.62434132 ], [ 15.09498609, 48.6247263 ], [ 15.09474293, 48.62499121 ], [ 15.09464099, 48.62510226 ], [ 15.09445157, 48.62529085 ], [ 15.09437274, 48.62537192 ], [ 15.09424326, 48.6255264 ], [ 15.09366618, 48.62611985 ], [ 15.09303177, 48.62668701 ], [ 15.09234275, 48.62722545 ], [ 15.09160206, 48.62773285 ], [ 15.09081289, 48.62820705 ], [ 15.09021311, 48.62852262 ], [ 15.0899786, 48.62864601 ], [ 15.08911622, 48.62904169 ], [ 15.08928188, 48.62920035 ], [ 15.08982952, 48.62980595 ], [ 15.09020429, 48.63028953 ], [ 15.09031625, 48.630434 ], [ 15.09073998, 48.6310818 ], [ 15.09109889, 48.63174659 ], [ 15.09139145, 48.63242551 ], [ 15.09161639, 48.63311566 ], [ 15.09177276, 48.63381408 ], [ 15.09185989, 48.63451779 ], [ 15.09187929, 48.63498719 ], [ 15.09189039, 48.63629399 ], [ 15.09188848, 48.63653057 ], [ 15.09183627, 48.63723579 ], [ 15.09171458, 48.63793724 ], [ 15.09152393, 48.63863191 ], [ 15.09126513, 48.63931683 ], [ 15.09123905, 48.63937062 ], [ 15.09198965, 48.63919735 ], [ 15.09245197, 48.63910111 ], [ 15.09284001, 48.63903667 ], [ 15.09283332, 48.63876711 ], [ 15.09288551, 48.63806189 ], [ 15.09300719, 48.63736044 ], [ 15.09319782, 48.63666576 ], [ 15.09345658, 48.63598084 ], [ 15.09357987, 48.63572643 ], [ 15.09364092, 48.63540226 ], [ 15.09383947, 48.63467864 ], [ 15.094109, 48.63396518 ], [ 15.09444834, 48.63326492 ], [ 15.09485604, 48.63258087 ], [ 15.09533036, 48.63191596 ], [ 15.09586925, 48.63127304 ], [ 15.09606267, 48.63106778 ], [ 15.09581123, 48.6304844 ], [ 15.09558624, 48.62979426 ], [ 15.09542983, 48.62909584 ], [ 15.09534266, 48.62839214 ], [ 15.09532712, 48.62761788 ], [ 15.09538105, 48.62603464 ], [ 15.09540945, 48.62567388 ], [ 15.0954312, 48.6253977 ], [ 15.0955528, 48.62469624 ], [ 15.09574334, 48.62400156 ], [ 15.09590779, 48.6235661 ], [ 15.09592691, 48.62351547 ] ] ] ] } },
{ "type": "Feature", "properties": { "ID": 47, "ZONE": "WA05", "AREA_HA": 29.902506, "COMMUNITIES": "Zwettl-Niederösterreich", "LEGALFOUNDATIONDATE": "2024-09-01T00:00:00", "LEGISLATIONCODE": "NÖ LGBl. Nr. 47/2024", "LEGISLATIONTITLE": "Sektorales Raumordnungsprogramm über die Windkraftnutzung in Niederösterreich - Änderung", "LASTUPDATE": "2024-09-03T00:00:00" }, "geometry": { "type": "MultiPolygon", "coordinates": [ [ [ [ 15.20026834, 48.67675871 ], [ 15.20001442, 48.67670495 ], [ 15.19925279, 48.6765437 ], [ 15.19826066, 48.67628516 ], [ 15.19729619, 48.6759842 ], [ 15.19636353, 48.67564209 ], [ 15.19546666, 48.67526032 ], [ 15.19467656, 48.67487338 ], [ 15.19465503, 48.67517218 ], [ 15.19453466, 48.67587375 ], [ 15.19439462, 48.67638754 ], [ 15.1945819, 48.67646279 ], [ 15.19485877, 48.67658454 ], [ 15.19540479, 48.67683542 ], [ 15.19567394, 48.67696455 ], [ 15.19593492, 48.67710085 ], [ 15.19644826, 48.67738036 ], [ 15.19694394, 48.6776735 ], [ 15.19742118, 48.67797978 ], [ 15.19765509, 48.67813616 ], [ 15.19787917, 48.67829871 ], [ 15.19831713, 48.67862974 ], [ 15.19873434, 48.67897232 ], [ 15.19913012, 48.67932588 ], [ 15.19932256, 48.67950534 ], [ 15.1995038, 48.67968985 ], [ 15.19985474, 48.68006359 ], [ 15.20018238, 48.6804465 ], [ 15.20041847, 48.68075072 ], [ 15.20048616, 48.68083794 ], [ 15.20076559, 48.68123726 ], [ 15.20100266, 48.68161582 ], [ 15.20097091, 48.6813011 ], [ 15.2009666, 48.68119105 ], [ 15.20095552, 48.68108123 ], [ 15.20095643, 48.68104039 ], [ 15.20095799, 48.68097117 ], [ 15.20095368, 48.68086114 ], [ 15.2009534, 48.68082691 ], [ 15.20096447, 48.68041042 ], [ 15.20096623, 48.68038947 ], [ 15.20095496, 48.68016914 ], [ 15.20095038, 48.68015477 ], [ 15.2008996, 48.67998594 ], [ 15.20086509, 48.67993952 ], [ 15.20086036, 48.6799166 ], [ 15.20081142, 48.67967915 ], [ 15.20078125, 48.67955545 ], [ 15.20077833, 48.67954395 ], [ 15.2007644, 48.67948712 ], [ 15.2007457, 48.67941077 ], [ 15.2007443, 48.67940392 ], [ 15.20064716, 48.67900552 ], [ 15.20064507, 48.67899695 ], [ 15.20059931, 48.67880929 ], [ 15.20059886, 48.67876239 ], [ 15.20059819, 48.67869051 ], [ 15.20056969, 48.67851576 ], [ 15.20056221, 48.67848262 ], [ 15.20055924, 48.67847233 ], [ 15.20050343, 48.67825535 ], [ 15.20046103, 48.67803705 ], [ 15.20045933, 48.67802664 ], [ 15.20039151, 48.67761047 ], [ 15.20038972, 48.67759948 ], [ 15.20034541, 48.67716036 ], [ 15.20034498, 48.67714931 ], [ 15.20032399, 48.67694122 ], [ 15.20032787, 48.67676852 ], [ 15.20026834, 48.67675871 ] ] ], [ [ [ 15.20212134, 48.68507264 ], [ 15.20213674, 48.6852925 ], [ 15.20213858, 48.6855126 ], [ 15.20213356, 48.68573581 ], [ 15.20212869, 48.68595266 ], [ 15.20211258, 48.68622091 ], [ 15.20210314, 48.68631747 ], [ 15.2020981, 48.68636573 ], [ 15.20207071, 48.68661168 ], [ 15.20204752, 48.68678272 ], [ 15.20199294, 48.68712423 ], [ 15.20191836, 48.68747828 ], [ 15.20182248, 48.68784435 ], [ 15.20179271, 48.68794745 ], [ 15.20178772, 48.68798491 ], [ 15.20173187, 48.6883379 ], [ 15.20165529, 48.68869455 ], [ 15.20166483, 48.68870658 ], [ 15.20180937, 48.68890432 ], [ 15.20194411, 48.68910506 ], [ 15.20206891, 48.6893086 ], [ 15.20218362, 48.68951473 ], [ 15.20228814, 48.68972322 ], [ 15.20238234, 48.68993385 ], [ 15.20246614, 48.6901464 ], [ 15.20253943, 48.69036065 ], [ 15.20260006, 48.69056917 ], [ 15.20286401, 48.69117767 ], [ 15.20287601, 48.69120937 ], [ 15.20300173, 48.69154384 ], [ 15.20321646, 48.69220207 ], [ 15.20337454, 48.69290034 ], [ 15.20339251, 48.69300701 ], [ 15.20341259, 48.69313183 ], [ 15.20369582, 48.69287821 ], [ 15.20438458, 48.69233912 ], [ 15.2051251, 48.69183099 ], [ 15.20591422, 48.69135601 ], [ 15.20674856, 48.69091622 ], [ 15.20762454, 48.69051348 ], [ 15.20812794, 48.69031301 ], [ 15.20853843, 48.69014953 ], [ 15.20871313, 48.69008989 ], [ 15.20861184, 48.69005107 ], [ 15.20847535, 48.6899884 ], [ 15.20833485, 48.68992935 ], [ 15.20778863, 48.68967854 ], [ 15.20765586, 48.6896121 ], [ 15.20751938, 48.68954943 ], [ 15.20739109, 48.68947961 ], [ 15.20725832, 48.68941317 ], [ 15.20699725, 48.68927691 ], [ 15.20674479, 48.6891337 ], [ 15.20662066, 48.68906033 ], [ 15.20649234, 48.6889905 ], [ 15.20637305, 48.68891397 ], [ 15.20624892, 48.6888406 ], [ 15.20577154, 48.68853435 ], [ 15.20565685, 48.68845452 ], [ 15.20553756, 48.68837799 ], [ 15.20542808, 48.68829528 ], [ 15.20531341, 48.68821546 ], [ 15.20508926, 48.68805291 ], [ 15.20487532, 48.68788445 ], [ 15.20477082, 48.68779868 ], [ 15.20466137, 48.68771599 ], [ 15.20456247, 48.68762766 ], [ 15.20445799, 48.6875419 ], [ 15.2042546, 48.6873678 ], [ 15.20406211, 48.68718835 ], [ 15.20396856, 48.68709726 ], [ 15.20386963, 48.6870089 ], [ 15.20378189, 48.68691549 ], [ 15.20368835, 48.6868244 ], [ 15.20350709, 48.68663991 ], [ 15.20333733, 48.68645067 ], [ 15.20325532, 48.68635484 ], [ 15.20316758, 48.68626143 ], [ 15.20308628, 48.68615733 ], [ 15.20300963, 48.68606776 ], [ 15.2027862, 48.68578785 ], [ 15.20265756, 48.68561456 ], [ 15.2025944, 48.68552752 ], [ 15.20249474, 48.68538697 ], [ 15.20241738, 48.68527454 ], [ 15.20226656, 48.68504851 ], [ 15.20207936, 48.68472961 ], [ 15.20212134, 48.68507264 ] ] ] ] } },
{ "type": "Feature", "properties": { "ID": 49, "ZONE": "WA08", "AREA_HA": 56.763005, "COMMUNITIES": "Allentsteig, Schwarzenau", "LEGALFOUNDATIONDATE": "2024-09-01T00:00:00", "LEGISLATIONCODE": "NÖ LGBl. Nr. 47/2024", "LEGISLATIONTITLE": "Sektorales Raumordnungsprogramm über die Windkraftnutzung in Niederösterreich - Änderung", "LASTUPDATE": "2024-09-03T00:00:00" }, "geometry": { "type": "MultiPolygon", "coordinates": [ [ [ [ 15.2933141, 48.71401431 ], [ 15.29326811, 48.71390882 ], [ 15.2928841, 48.71393615 ], [ 15.29229535, 48.71397804 ], [ 15.29066666, 48.71387206 ], [ 15.289868, 48.71401226 ], [ 15.29002034, 48.71405026 ], [ 15.29032911, 48.71413209 ], [ 15.29063257, 48.71422218 ], [ 15.2912337, 48.71441048 ], [ 15.29182272, 48.71461485 ], [ 15.29239867, 48.71483494 ], [ 15.29268325, 48.71494887 ], [ 15.29296058, 48.71507039 ], [ 15.29350751, 48.71532081 ], [ 15.29377711, 48.71544971 ], [ 15.29403856, 48.71558579 ], [ 15.29450402, 48.71583837 ], [ 15.29410329, 48.71532554 ], [ 15.29367626, 48.71467847 ], [ 15.2933141, 48.71401431 ] ] ], [ [ [ 15.30141435, 48.72029688 ], [ 15.30134527, 48.72027165 ], [ 15.30048015, 48.71995561 ], [ 15.2995817, 48.71957464 ], [ 15.29872284, 48.71915559 ], [ 15.29827814, 48.71890733 ], [ 15.29829577, 48.71892786 ], [ 15.29860055, 48.71931905 ], [ 15.29888097, 48.71971814 ], [ 15.29913655, 48.72012447 ], [ 15.29925808, 48.72032935 ], [ 15.29938239, 48.72056942 ], [ 15.29949175, 48.72079751 ], [ 15.29953728, 48.7208897 ], [ 15.29965813, 48.72114198 ], [ 15.29970185, 48.72123621 ], [ 15.29974024, 48.72132184 ], [ 15.29995447, 48.72159988 ], [ 15.30023231, 48.72199485 ], [ 15.30035591, 48.72219087 ], [ 15.30049912, 48.72238383 ], [ 15.30063319, 48.72258526 ], [ 15.3008888, 48.72299158 ], [ 15.30111916, 48.72340446 ], [ 15.30132387, 48.72382322 ], [ 15.30141977, 48.72403398 ], [ 15.3015026, 48.72424715 ], [ 15.30165505, 48.72467554 ], [ 15.30178096, 48.7251077 ], [ 15.30188013, 48.72554289 ], [ 15.30195239, 48.7259804 ], [ 15.30199761, 48.72641949 ], [ 15.30201345, 48.72663935 ], [ 15.30201573, 48.72685944 ], [ 15.3020067, 48.72729952 ], [ 15.30199541, 48.72751949 ], [ 15.30197055, 48.72773898 ], [ 15.30190734, 48.7281771 ], [ 15.30181717, 48.72861315 ], [ 15.30180784, 48.72864771 ], [ 15.30194072, 48.72862908 ], [ 15.3025798, 48.72855695 ], [ 15.30323951, 48.72850022 ], [ 15.30390217, 48.72846134 ], [ 15.30418927, 48.72845228 ], [ 15.30442311, 48.72839155 ], [ 15.30473523, 48.72831532 ], [ 15.30505177, 48.72824758 ], [ 15.30568878, 48.72812068 ], [ 15.30600924, 48.72806153 ], [ 15.30633309, 48.72801107 ], [ 15.3069836, 48.72791894 ], [ 15.30763924, 48.72784444 ], [ 15.30829894, 48.72778769 ], [ 15.30869721, 48.72775998 ], [ 15.30883246, 48.72775279 ], [ 15.30890016, 48.72774938 ], [ 15.30943171, 48.72772405 ], [ 15.30954775, 48.72771907 ], [ 15.30977994, 48.72771021 ], [ 15.30989607, 48.72770632 ], [ 15.31000996, 48.72770305 ], [ 15.3104276, 48.72766857 ], [ 15.31104847, 48.72763317 ], [ 15.31171297, 48.72761215 ], [ 15.31205937, 48.72760625 ], [ 15.31220361, 48.72759173 ], [ 15.3128633, 48.72753495 ], [ 15.31352593, 48.72749601 ], [ 15.31419042, 48.72747498 ], [ 15.314523, 48.72746895 ], [ 15.31485568, 48.7274719 ], [ 15.31494441, 48.72747389 ], [ 15.31445942, 48.7271652 ], [ 15.31374035, 48.72664343 ], [ 15.31307443, 48.72609166 ], [ 15.31246448, 48.72551225 ], [ 15.31191314, 48.72490769 ], [ 15.31152923, 48.72441674 ], [ 15.31104206, 48.72395392 ], [ 15.31049349, 48.72335236 ], [ 15.31019461, 48.72331697 ], [ 15.30915866, 48.7231474 ], [ 15.3081417, 48.72293335 ], [ 15.30714808, 48.72267574 ], [ 15.30618207, 48.72237567 ], [ 15.3052478, 48.72203444 ], [ 15.30434928, 48.72165351 ], [ 15.30349035, 48.7212345 ], [ 15.30267468, 48.72077921 ], [ 15.30237782, 48.72059765 ], [ 15.30237362, 48.72059509 ], [ 15.30154565, 48.7203377 ], [ 15.30141435, 48.72029688 ] ] ] ] } },
{ "type": "Feature", "properties": { "ID": 55, "ZONE": "WA09", "AREA_HA": 462.926919, "COMMUNITIES": "Karlstein an der Thaya, Thaya", "LEGALFOUNDATIONDATE": "2024-09-01T00:00:00", "LEGISLATIONCODE": "NÖ LGBl. Nr. 47/2024", "LEGISLATIONTITLE": "Sektorales Raumordnungsprogramm über die Windkraftnutzung in Niederösterreich - Änderung", "LASTUPDATE": "2024-09-03T00:00:00" }, "geometry": { "type": "Polygon", "coordinates": [ [ [ 15.33186172, 48.87803575 ], [ 15.33192211, 48.87805045 ], [ 15.33278863, 48.87826133 ], [ 15.33303121, 48.87839667 ], [ 15.33327208, 48.87861766 ], [ 15.33371264, 48.87895458 ], [ 15.3339372, 48.87927059 ], [ 15.33427583, 48.87965421 ], [ 15.33469875, 48.88015276 ], [ 15.33508068, 48.88053675 ], [ 15.33557461, 48.88109301 ], [ 15.33621074, 48.8817552 ], [ 15.33659402, 48.88207258 ], [ 15.33706349, 48.88240974 ], [ 15.33755608, 48.88283012 ], [ 15.34043651, 48.88243444 ], [ 15.34164397, 48.8827106 ], [ 15.34259496, 48.88203981 ], [ 15.34345634, 48.88153332 ], [ 15.34482651, 48.8808361 ], [ 15.34577263, 48.88042073 ], [ 15.34694394, 48.87992639 ], [ 15.34862603, 48.87935806 ], [ 15.34911953, 48.87921001 ], [ 15.34945359, 48.87909867 ], [ 15.34913507, 48.87842024 ], [ 15.34891529, 48.87785687 ], [ 15.34871182, 48.87719846 ], [ 15.34856775, 48.87645491 ], [ 15.34846751, 48.87568318 ], [ 15.34844953, 48.87513105 ], [ 15.34847725, 48.87445559 ], [ 15.34857804, 48.87373317 ], [ 15.34876762, 48.87289731 ], [ 15.34907352, 48.87201485 ], [ 15.34943374, 48.87130417 ], [ 15.34986682, 48.87055604 ], [ 15.35019369, 48.87007348 ], [ 15.35050575, 48.86960982 ], [ 15.35084422, 48.8692701 ], [ 15.35134527, 48.86873192 ], [ 15.35187516, 48.86819398 ], [ 15.3523303, 48.86778864 ], [ 15.35284295, 48.8673933 ], [ 15.35383844, 48.86664995 ], [ 15.35475862, 48.86606774 ], [ 15.35526882, 48.86579609 ], [ 15.35554619, 48.86562714 ], [ 15.35530547, 48.86539669 ], [ 15.35472903, 48.86463043 ], [ 15.35416926, 48.86375011 ], [ 15.35358532, 48.86263166 ], [ 15.3532275, 48.86175306 ], [ 15.35295379, 48.86099889 ], [ 15.35272839, 48.85998817 ], [ 15.35261071, 48.85936857 ], [ 15.3525646, 48.85887858 ], [ 15.35276898, 48.85882516 ], [ 15.35288513, 48.85880223 ], [ 15.35318065, 48.85877209 ], [ 15.35323253, 48.8587668 ], [ 15.35323304, 48.85864325 ], [ 15.3531724, 48.8585358 ], [ 15.3533033, 48.85852009 ], [ 15.35347058, 48.85856309 ], [ 15.35359266, 48.85846118 ], [ 15.35421875, 48.85830019 ], [ 15.35440005, 48.85831364 ], [ 15.35452112, 48.85824524 ], [ 15.35452949, 48.85820087 ], [ 15.35469199, 48.85812324 ], [ 15.35471955, 48.85805434 ], [ 15.35472315, 48.85805006 ], [ 15.35474638, 48.85802247 ], [ 15.35489693, 48.85798177 ], [ 15.35496013, 48.85800453 ], [ 15.35527338, 48.85788801 ], [ 15.35530065, 48.85787472 ], [ 15.35483776, 48.85783947 ], [ 15.35417885, 48.85777122 ], [ 15.35352472, 48.85768529 ], [ 15.35287644, 48.85758183 ], [ 15.35255389, 48.85752573 ], [ 15.35223509, 48.85746099 ], [ 15.35160175, 48.857323 ], [ 15.35128722, 48.85724973 ], [ 15.35097747, 48.85716806 ], [ 15.3503633, 48.85699645 ], [ 15.34976025, 48.85680846 ], [ 15.34916933, 48.85660438 ], [ 15.34887702, 48.85649836 ], [ 15.34859151, 48.85638456 ], [ 15.34802777, 48.85614938 ], [ 15.34747905, 48.85589922 ], [ 15.34694625, 48.85563449 ], [ 15.34668394, 48.85549853 ], [ 15.34643025, 48.85535563 ], [ 15.34593194, 48.85506312 ], [ 15.34545213, 48.85475744 ], [ 15.34525806, 48.85462329 ], [ 15.3451914, 48.85458874 ], [ 15.34493772, 48.85444583 ], [ 15.34443942, 48.85415332 ], [ 15.34395963, 48.85384763 ], [ 15.34349913, 48.85352928 ], [ 15.3432738, 48.85336701 ], [ 15.3430587, 48.8531988 ], [ 15.34263906, 48.85285674 ], [ 15.34243453, 48.85268288 ], [ 15.34224092, 48.85250366 ], [ 15.34186495, 48.85214016 ], [ 15.34168259, 48.85195588 ], [ 15.34151176, 48.85176684 ], [ 15.34118194, 48.85138433 ], [ 15.34087605, 48.85099326 ], [ 15.34059459, 48.85059428 ], [ 15.34046002, 48.85039288 ], [ 15.34033801, 48.85018804 ], [ 15.34010677, 48.84977524 ], [ 15.33997013, 48.8495104 ], [ 15.33991629, 48.84939643 ], [ 15.33988985, 48.84933936 ], [ 15.33982072, 48.84918714 ], [ 15.33975441, 48.84903281 ], [ 15.33962877, 48.84872291 ], [ 15.33956917, 48.84855196 ], [ 15.3395671, 48.84855295 ], [ 15.33467604, 48.85033384 ], [ 15.33394112, 48.8570653 ], [ 15.32643395, 48.85915139 ], [ 15.32725436, 48.86102705 ], [ 15.33029888, 48.86326185 ], [ 15.33179251, 48.86977522 ], [ 15.33181358, 48.86984721 ], [ 15.33191328, 48.87028238 ], [ 15.33196106, 48.87052936 ], [ 15.33197013, 48.87058677 ], [ 15.33197466, 48.87061624 ], [ 15.33212888, 48.87164732 ], [ 15.33214068, 48.87173324 ], [ 15.33214788, 48.87179074 ], [ 15.33215785, 48.87187935 ], [ 15.33219603, 48.87226094 ], [ 15.33221306, 48.87268737 ], [ 15.33220426, 48.87312743 ], [ 15.33219305, 48.87334741 ], [ 15.33216825, 48.8735669 ], [ 15.33210509, 48.87400502 ], [ 15.3320149, 48.87444108 ], [ 15.33189782, 48.87487435 ], [ 15.33175403, 48.87530412 ], [ 15.33158379, 48.87572965 ], [ 15.33149209, 48.87594127 ], [ 15.33138738, 48.87615025 ], [ 15.33116511, 48.87656522 ], [ 15.33097444, 48.87687972 ], [ 15.33115085, 48.88179494 ], [ 15.33126223, 48.88186885 ], [ 15.33148765, 48.88203115 ], [ 15.33151116, 48.88204878 ], [ 15.3315097, 48.88199469 ], [ 15.33151477, 48.88196587 ], [ 15.33159515, 48.88142801 ], [ 15.3315982, 48.8814053 ], [ 15.33153695, 48.88113455 ], [ 15.33151566, 48.881079 ], [ 15.33140401, 48.88078755 ], [ 15.3322131, 48.88070526 ], [ 15.33282402, 48.88068241 ], [ 15.33351155, 48.88072712 ], [ 15.333793, 48.88048632 ], [ 15.3337777, 48.88001014 ], [ 15.33371837, 48.87981162 ], [ 15.33366533, 48.87963411 ], [ 15.33363601, 48.8795359 ], [ 15.33360053, 48.87941715 ], [ 15.33346128, 48.87908118 ], [ 15.33159274, 48.87905646 ], [ 15.33163867, 48.87875753 ], [ 15.33168118, 48.87848086 ], [ 15.33168564, 48.87845177 ], [ 15.33169009, 48.87842281 ], [ 15.33185786, 48.87804471 ], [ 15.33186172, 48.87803575 ] ] ] } },
{ "type": "Feature", "properties": { "ID": 64, "ZONE": "WA101", "AREA_HA": 208.165213, "COMMUNITIES": "Bärnkopf", "LEGALFOUNDATIONDATE": "2024-09-01T00:00:00", "LEGISLATIONCODE": "NÖ LGBl. Nr. 47/2024", "LEGISLATIONTITLE": "Sektorales Raumordnungsprogramm über die Windkraftnutzung in Niederösterreich - Änderung", "LASTUPDATE": "2024-09-03T00:00:00" }, "geometry": { "type": "Polygon", "coordinates": [ [ [ 14.98707811, 48.41937793 ], [ 14.98711568, 48.41955882 ], [ 14.98818325, 48.42023193 ], [ 14.98830381, 48.42008983 ], [ 14.9883069, 48.42008618 ], [ 14.98833227, 48.42005629 ], [ 14.98850371, 48.41986874 ], [ 14.98868423, 48.419685 ], [ 14.98887363, 48.41950528 ], [ 14.98907172, 48.41932975 ], [ 14.98927829, 48.41915861 ], [ 14.98949312, 48.41899203 ], [ 14.98971598, 48.41883019 ], [ 14.98994663, 48.41867327 ], [ 14.99018483, 48.41852143 ], [ 14.99043033, 48.41837483 ], [ 14.99068287, 48.41823363 ], [ 14.99094217, 48.41809797 ], [ 14.99120797, 48.417968 ], [ 14.99147999, 48.41784386 ], [ 14.99175792, 48.41772568 ], [ 14.99204149, 48.41761358 ], [ 14.99233039, 48.41750769 ], [ 14.99262431, 48.41740811 ], [ 14.99292295, 48.41731495 ], [ 14.99322598, 48.41722831 ], [ 14.99353308, 48.41714828 ], [ 14.99384394, 48.41707495 ], [ 14.99415821, 48.41700839 ], [ 14.99447557, 48.41694867 ], [ 14.99479569, 48.41689586 ], [ 14.99511821, 48.41685001 ], [ 14.99544281, 48.41681118 ], [ 14.99576913, 48.4167794 ], [ 14.99609683, 48.4167547 ], [ 14.99642557, 48.41673712 ], [ 14.99675499, 48.41672667 ], [ 14.99708475, 48.41672336 ], [ 14.9974145, 48.4167272 ], [ 14.99774388, 48.41673818 ], [ 14.99807255, 48.41675629 ], [ 14.99840017, 48.41678151 ], [ 14.99872637, 48.41681381 ], [ 14.99905083, 48.41685317 ], [ 14.99937319, 48.41689953 ], [ 14.99969311, 48.41695285 ], [ 15.00001025, 48.41701308 ], [ 15.00032429, 48.41708014 ], [ 15.00063488, 48.41715397 ], [ 15.00094169, 48.41723449 ], [ 15.00124441, 48.41732162 ], [ 15.0015427, 48.41741526 ], [ 15.00183626, 48.41751531 ], [ 15.00212478, 48.41762167 ], [ 15.00240794, 48.41773422 ], [ 15.00268545, 48.41785285 ], [ 15.00295702, 48.41797742 ], [ 15.00322236, 48.41810782 ], [ 15.00348022, 48.41824339 ], [ 15.0036172, 48.41832033 ], [ 15.00373196, 48.41838481 ], [ 15.00386126, 48.41846235 ], [ 15.0039765, 48.4185315 ], [ 15.00398205, 48.41853505 ], [ 15.00421232, 48.41868242 ], [ 15.00444167, 48.41883904 ], [ 15.00466328, 48.41900053 ], [ 15.0048769, 48.41916672 ], [ 15.00508231, 48.41933742 ], [ 15.0052793, 48.41951248 ], [ 15.00546766, 48.41969169 ], [ 15.00564719, 48.41987488 ], [ 15.00581771, 48.42006184 ], [ 15.00597903, 48.42025238 ], [ 15.00613098, 48.42044631 ], [ 15.0062734, 48.42064341 ], [ 15.00640615, 48.42084349 ], [ 15.00652908, 48.42104632 ], [ 15.00664207, 48.4212517 ], [ 15.00674499, 48.42145941 ], [ 15.00683774, 48.42166924 ], [ 15.00692022, 48.42188095 ], [ 15.00699234, 48.42209434 ], [ 15.00705403, 48.42230917 ], [ 15.00710522, 48.42252521 ], [ 15.00714585, 48.42274225 ], [ 15.0071759, 48.42296005 ], [ 15.00719531, 48.42317839 ], [ 15.00720408, 48.42339703 ], [ 15.00720219, 48.42361574 ], [ 15.00718964, 48.4238343 ], [ 15.00716646, 48.42405247 ], [ 15.00713265, 48.42427003 ], [ 15.00708827, 48.42448674 ], [ 15.00703334, 48.42470238 ], [ 15.00696795, 48.42491673 ], [ 15.00689214, 48.42512954 ], [ 15.006806, 48.42534061 ], [ 15.00670962, 48.42554971 ], [ 15.0066031, 48.42575662 ], [ 15.00648656, 48.42596112 ], [ 15.00636011, 48.426163 ], [ 15.00622389, 48.42636204 ], [ 15.00607805, 48.42655804 ], [ 15.00592273, 48.42675079 ], [ 15.0057581, 48.42694008 ], [ 15.00558434, 48.42712572 ], [ 15.00540161, 48.42730752 ], [ 15.00521012, 48.42748527 ], [ 15.00501008, 48.4276588 ], [ 15.00480168, 48.42782791 ], [ 15.00458515, 48.42799244 ], [ 15.00458303, 48.42799395 ], [ 15.00436071, 48.42815221 ], [ 15.00412861, 48.42830705 ], [ 15.00388908, 48.4284568 ], [ 15.00364238, 48.42860131 ], [ 15.00338877, 48.42874041 ], [ 15.00312852, 48.42887396 ], [ 15.00286189, 48.42900183 ], [ 15.00258916, 48.42912387 ], [ 15.00231064, 48.42923997 ], [ 15.0020266, 48.42934999 ], [ 15.00173735, 48.42945382 ], [ 15.00144319, 48.42955136 ], [ 15.00185515, 48.42962996 ], [ 15.00230012, 48.42973385 ], [ 15.00318024, 48.42995866 ], [ 15.0036154, 48.43007958 ], [ 15.00416503, 48.43026196 ], [ 15.00466514, 48.43044396 ], [ 15.00481531, 48.43047958 ], [ 15.0050557, 48.43054142 ], [ 15.00521608, 48.43058267 ], [ 15.00565384, 48.43070426 ], [ 15.00587139, 48.43076718 ], [ 15.00616967, 48.43086538 ], [ 15.0063767, 48.43093353 ], [ 15.00660713, 48.43101615 ], [ 15.00727231, 48.43118602 ], [ 15.0074131, 48.43122198 ], [ 15.00784828, 48.43134289 ], [ 15.00796487, 48.43137871 ], [ 15.00819714, 48.43145156 ], [ 15.00831283, 48.43148859 ], [ 15.00880388, 48.43164898 ], [ 15.00896716, 48.43170519 ], [ 15.00910873, 48.43175393 ], [ 15.00971148, 48.43197232 ], [ 15.01000937, 48.43208576 ], [ 15.01022308, 48.43217692 ], [ 15.01027779, 48.43196249 ], [ 15.01034286, 48.43174934 ], [ 15.01041823, 48.43153771 ], [ 15.01050382, 48.4313278 ], [ 15.01059953, 48.43111983 ], [ 15.01070527, 48.43091403 ], [ 15.01082092, 48.4307106 ], [ 15.01089275, 48.43059561 ], [ 15.01094637, 48.43050976 ], [ 15.01108149, 48.43031172 ], [ 15.01122613, 48.43011668 ], [ 15.01138014, 48.42992485 ], [ 15.01154337, 48.42973642 ], [ 15.01171565, 48.42955159 ], [ 15.01189679, 48.42937055 ], [ 15.0120866, 48.4291935 ], [ 15.0122849, 48.42902061 ], [ 15.01249146, 48.42885207 ], [ 15.01270609, 48.42868804 ], [ 15.01292855, 48.42852871 ], [ 15.01315861, 48.42837424 ], [ 15.01339604, 48.42822478 ], [ 15.01364059, 48.42808049 ], [ 15.01389199, 48.42794153 ], [ 15.01415, 48.42780803 ], [ 15.01441434, 48.42768014 ], [ 15.01468474, 48.42755799 ], [ 15.01496092, 48.42744171 ], [ 15.01524258, 48.42733141 ], [ 15.01552945, 48.42722722 ], [ 15.01582121, 48.42712923 ], [ 15.01611756, 48.42703756 ], [ 15.0164182, 48.42695229 ], [ 15.01672282, 48.42687352 ], [ 15.01703109, 48.42680133 ], [ 15.0173427, 48.42673579 ], [ 15.01765732, 48.42667698 ], [ 15.01797463, 48.42662494 ], [ 15.0182943, 48.42657974 ], [ 15.01861599, 48.42654142 ], [ 15.01893936, 48.42651003 ], [ 15.01926409, 48.42648559 ], [ 15.01958983, 48.42646814 ], [ 15.01991625, 48.42645768 ], [ 15.02024301, 48.42645423 ], [ 15.02056976, 48.4264578 ], [ 15.02089617, 48.42646838 ], [ 15.02090272, 48.42646873 ], [ 15.0212219, 48.42648595 ], [ 15.02154661, 48.42651051 ], [ 15.02186996, 48.42654202 ], [ 15.02219162, 48.42658046 ], [ 15.02251124, 48.42662578 ], [ 15.02282851, 48.42667793 ], [ 15.02314308, 48.42673687 ], [ 15.02345464, 48.42680252 ], [ 15.02376285, 48.42687483 ], [ 15.0240674, 48.42695371 ], [ 15.02436797, 48.42703909 ], [ 15.02466425, 48.42713087 ], [ 15.02495593, 48.42722896 ], [ 15.02524271, 48.42733327 ], [ 15.02537172, 48.42738385 ], [ 15.02597255, 48.4269305 ], [ 15.02703831, 48.42663807 ], [ 15.02733401, 48.42626072 ], [ 15.02737482, 48.4257853 ], [ 15.02791928, 48.42463033 ], [ 15.02764704, 48.42409424 ], [ 15.02790974, 48.42388783 ], [ 15.02788646, 48.42359594 ], [ 15.02761942, 48.42349018 ], [ 15.02735738, 48.42337902 ], [ 15.02710059, 48.42326257 ], [ 15.02684928, 48.42314092 ], [ 15.0266037, 48.42301421 ], [ 15.02636407, 48.42288254 ], [ 15.02613062, 48.42274604 ], [ 15.02599957, 48.42266454 ], [ 15.02590357, 48.42260484 ], [ 15.02568313, 48.42245907 ], [ 15.02546952, 48.42230888 ], [ 15.02526292, 48.42215439 ], [ 15.02521473, 48.42211604 ], [ 15.02506355, 48.42199576 ], [ 15.02487157, 48.42183313 ], [ 15.02468718, 48.42166666 ], [ 15.02451055, 48.4214965 ], [ 15.02433277, 48.42131588 ], [ 15.02416376, 48.42113156 ], [ 15.02400371, 48.42094373 ], [ 15.02385278, 48.42075259 ], [ 15.02371112, 48.42055832 ], [ 15.02357888, 48.42036114 ], [ 15.02345619, 48.42016124 ], [ 15.02334318, 48.41995883 ], [ 15.02323996, 48.41975411 ], [ 15.02314665, 48.41954731 ], [ 15.02306333, 48.41933861 ], [ 15.02299009, 48.41912825 ], [ 15.022927, 48.41891643 ], [ 15.02287414, 48.41870338 ], [ 15.02283155, 48.41848932 ], [ 15.02279928, 48.41827445 ], [ 15.02277736, 48.41805901 ], [ 15.02276582, 48.41784321 ], [ 15.02276465, 48.41762727 ], [ 15.02277388, 48.41741142 ], [ 15.02279348, 48.41719588 ], [ 15.00679189, 48.41674853 ], [ 15.0053327, 48.41670763 ], [ 15.003908, 48.41666768 ], [ 14.98389979, 48.41610468 ], [ 14.98376368, 48.41610084 ], [ 14.9839837, 48.4172012 ], [ 14.9842281, 48.41721288 ], [ 14.9853046, 48.4172643 ], [ 14.98540676, 48.41745586 ], [ 14.9861515, 48.41767875 ], [ 14.98679094, 48.41782902 ], [ 14.98721975, 48.41783404 ], [ 14.98698709, 48.41852135 ], [ 14.98700898, 48.41904509 ], [ 14.98706231, 48.41930187 ], [ 14.98707811, 48.41937793 ] ] ] } },
{ "type": "Feature", "properties": { "ID": 65, "ZONE": "WA102", "AREA_HA": 59.739983, "COMMUNITIES": "Bärnkopf", "LEGALFOUNDATIONDATE": "2024-09-01T00:00:00", "LEGISLATIONCODE": "NÖ LGBl. Nr. 47/2024", "LEGISLATIONTITLE": "Sektorales Raumordnungsprogramm über die Windkraftnutzung in Niederösterreich - Änderung", "LASTUPDATE": "2024-09-03T00:00:00" }, "geometry": { "type": "Polygon", "coordinates": [ [ [ 15.02414235, 48.37903623 ], [ 15.02221267, 48.37537702 ], [ 15.01916868, 48.36960367 ], [ 15.01916855, 48.36960344 ], [ 15.01811589, 48.36995066 ], [ 15.0179058, 48.36995699 ], [ 15.01737286, 48.36997304 ], [ 15.01733787, 48.36995789 ], [ 15.01703292, 48.37009276 ], [ 15.01665306, 48.37026077 ], [ 15.01505361, 48.37096814 ], [ 15.01353973, 48.37222397 ], [ 15.00781571, 48.3769716 ], [ 15.00792789, 48.37701817 ], [ 15.00820314, 48.37714095 ], [ 15.00847222, 48.37726966 ], [ 15.00868265, 48.37737745 ], [ 15.0090225, 48.37732097 ], [ 15.00994249, 48.37718687 ], [ 15.01040543, 48.37712873 ], [ 15.01092467, 48.37709267 ], [ 15.01142734, 48.37704854 ], [ 15.01177311, 48.37702564 ], [ 15.01229159, 48.37698817 ], [ 15.01283388, 48.37696121 ], [ 15.01330492, 48.3769575 ], [ 15.01424654, 48.37696832 ], [ 15.01471711, 48.37698286 ], [ 15.0151856, 48.37701559 ], [ 15.01611897, 48.37709915 ], [ 15.01658383, 48.37714998 ], [ 15.01704347, 48.37721872 ], [ 15.01795597, 48.37737389 ], [ 15.01840883, 48.37746032 ], [ 15.01885338, 48.37756413 ], [ 15.01973269, 48.37778881 ], [ 15.02016744, 48.37790967 ], [ 15.02059092, 48.37804717 ], [ 15.02142514, 48.37833833 ], [ 15.02183589, 48.37849198 ], [ 15.02223254, 48.37866129 ], [ 15.02301041, 48.37901498 ], [ 15.02339163, 48.37919937 ], [ 15.0237561, 48.3793982 ], [ 15.02446709, 48.37980965 ], [ 15.02459003, 48.37988509 ], [ 15.02429917, 48.3793336 ], [ 15.02426971, 48.37933326 ], [ 15.02427107, 48.37928031 ], [ 15.02420374, 48.37915264 ], [ 15.02413938, 48.37915191 ], [ 15.02414235, 48.37903623 ] ] ] } },
{ "type": "Feature", "properties": { "ID": 71, "ZONE": "WA105", "AREA_HA": 87.339192, "COMMUNITIES": "Waidhofen an der Thaya", "LEGALFOUNDATIONDATE": "2024-09-01T00:00:00", "LEGISLATIONCODE": "NÖ LGBl. Nr. 47/2024", "LEGISLATIONTITLE": "Sektorales Raumordnungsprogramm über die Windkraftnutzung in Niederösterreich - Änderung", "LASTUPDATE": "2024-09-03T00:00:00" }, "geometry": { "type": "Polygon", "coordinates": [ [ [ 15.36921018, 48.81039122 ], [ 15.36920919, 48.81039119 ], [ 15.36915787, 48.81038967 ], [ 15.36910656, 48.81038805 ], [ 15.36905525, 48.81038631 ], [ 15.36903222, 48.81038549 ], [ 15.36900396, 48.81038447 ], [ 15.36895267, 48.81038253 ], [ 15.3689014, 48.81038048 ], [ 15.36885013, 48.81037832 ], [ 15.36879888, 48.81037605 ], [ 15.36874763, 48.81037368 ], [ 15.3686964, 48.8103712 ], [ 15.36864518, 48.81036862 ], [ 15.36859397, 48.81036592 ], [ 15.36854278, 48.81036313 ], [ 15.3684916, 48.81036022 ], [ 15.36844043, 48.81035721 ], [ 15.36838928, 48.8103541 ], [ 15.36833814, 48.81035087 ], [ 15.36828702, 48.81034754 ], [ 15.36823591, 48.81034411 ], [ 15.36818482, 48.81034057 ], [ 15.36813375, 48.81033692 ], [ 15.3680827, 48.81033317 ], [ 15.36803166, 48.81032931 ], [ 15.36801923, 48.81032834 ], [ 15.36741188, 48.81057539 ], [ 15.36622451, 48.81105836 ], [ 15.36468643, 48.81168395 ], [ 15.36432579, 48.81190557 ], [ 15.36401353, 48.8121383 ], [ 15.36381442, 48.81238268 ], [ 15.36351794, 48.81263693 ], [ 15.3634486, 48.8128717 ], [ 15.36342641, 48.81318176 ], [ 15.36368223, 48.81335509 ], [ 15.3640798, 48.81368932 ], [ 15.36408072, 48.8136901 ], [ 15.36420251, 48.81373614 ], [ 15.36451491, 48.81385423 ], [ 15.36504608, 48.81402988 ], [ 15.36541549, 48.81419346 ], [ 15.36578284, 48.81446401 ], [ 15.36605282, 48.81474443 ], [ 15.36612596, 48.81515158 ], [ 15.36629566, 48.81559163 ], [ 15.36641781, 48.81597779 ], [ 15.36657338, 48.81631074 ], [ 15.36638717, 48.8167264 ], [ 15.36624062, 48.81718519 ], [ 15.36609531, 48.8175798 ], [ 15.3659258, 48.81796886 ], [ 15.36583073, 48.81827831 ], [ 15.36573545, 48.81859845 ], [ 15.36560215, 48.81878989 ], [ 15.36538683, 48.81903414 ], [ 15.36523537, 48.81932706 ], [ 15.36514369, 48.81946002 ], [ 15.36493926, 48.81955993 ], [ 15.36465373, 48.8196645 ], [ 15.36449638, 48.81970313 ], [ 15.36429561, 48.81975242 ], [ 15.36380678, 48.81989807 ], [ 15.36341647, 48.81997501 ], [ 15.36309864, 48.82007396 ], [ 15.36286201, 48.8201629 ], [ 15.36277926, 48.82025314 ], [ 15.36272808, 48.82038643 ], [ 15.36275892, 48.82046693 ], [ 15.36290066, 48.82067674 ], [ 15.36297159, 48.82077897 ], [ 15.36313119, 48.82090335 ], [ 15.3633072, 48.82101716 ], [ 15.36348207, 48.82118981 ], [ 15.36364178, 48.82130883 ], [ 15.36382434, 48.82150294 ], [ 15.36398394, 48.82162732 ], [ 15.36412601, 48.82182108 ], [ 15.36424202, 48.82210556 ], [ 15.36433714, 48.82221334 ], [ 15.36437392, 48.82240622 ], [ 15.36418849, 48.82277909 ], [ 15.36396973, 48.82319982 ], [ 15.36382677, 48.82347142 ], [ 15.36375159, 48.82358847 ], [ 15.36364547, 48.82363036 ], [ 15.36364299, 48.82375872 ], [ 15.36367901, 48.82389289 ], [ 15.36370344, 48.82398389 ], [ 15.36374541, 48.82432659 ], [ 15.36389165, 48.82472365 ], [ 15.36393904, 48.82520547 ], [ 15.36384622, 48.82539725 ], [ 15.36364509, 48.82574325 ], [ 15.36340295, 48.82611564 ], [ 15.36327762, 48.8263125 ], [ 15.36328355, 48.82642488 ], [ 15.36329768, 48.82653198 ], [ 15.36336768, 48.82668234 ], [ 15.36339832, 48.82677353 ], [ 15.36352616, 48.82686555 ], [ 15.36366927, 48.82700583 ], [ 15.36397253, 48.82724375 ], [ 15.36413174, 48.82738951 ], [ 15.36422542, 48.82757217 ], [ 15.36440263, 48.82804438 ], [ 15.36457008, 48.8286021 ], [ 15.3647554, 48.82907438 ], [ 15.36484909, 48.82925704 ], [ 15.36476271, 48.82953446 ], [ 15.36465899, 48.82987058 ], [ 15.36454593, 48.83027081 ], [ 15.36436543, 48.83038696 ], [ 15.36409428, 48.83058259 ], [ 15.36381461, 48.83079955 ], [ 15.36367411, 48.83094279 ], [ 15.36360713, 48.83105455 ], [ 15.36362466, 48.83116752 ], [ 15.36363465, 48.8311698 ], [ 15.3645234, 48.83139189 ], [ 15.3649629, 48.83151147 ], [ 15.36500525, 48.83152427 ], [ 15.36510215, 48.83155356 ], [ 15.36537942, 48.83163946 ], [ 15.36550198, 48.83167835 ], [ 15.36551746, 48.83168327 ], [ 15.36572277, 48.83175 ], [ 15.36573879, 48.83175521 ], [ 15.36591263, 48.83181168 ], [ 15.36591927, 48.83181395 ], [ 15.3661994, 48.83190955 ], [ 15.3667669, 48.83211269 ], [ 15.36704184, 48.83221579 ], [ 15.36705205, 48.83221981 ], [ 15.36708598, 48.83223317 ], [ 15.36713004, 48.83225063 ], [ 15.36717402, 48.83226818 ], [ 15.36721791, 48.83228583 ], [ 15.36726172, 48.83230356 ], [ 15.36730545, 48.83232139 ], [ 15.36734909, 48.8323393 ], [ 15.36739264, 48.83235731 ], [ 15.36743611, 48.83237541 ], [ 15.36747949, 48.8323936 ], [ 15.36752278, 48.83241187 ], [ 15.36756599, 48.83243024 ], [ 15.36760911, 48.8324487 ], [ 15.36765214, 48.83246725 ], [ 15.36769508, 48.83248588 ], [ 15.36773794, 48.83250461 ], [ 15.3677807, 48.83252342 ], [ 15.36782338, 48.83254232 ], [ 15.36786596, 48.83256131 ], [ 15.36790846, 48.83258039 ], [ 15.36795086, 48.83259956 ], [ 15.36799317, 48.83261881 ], [ 15.36803539, 48.83263816 ], [ 15.36807752, 48.83265759 ], [ 15.36811955, 48.8326771 ], [ 15.3681615, 48.83269671 ], [ 15.36820335, 48.8327164 ], [ 15.3682451, 48.83273618 ], [ 15.36828676, 48.83275604 ], [ 15.36832832, 48.83277599 ], [ 15.3683698, 48.83279603 ], [ 15.36841117, 48.83281616 ], [ 15.36845245, 48.83283636 ], [ 15.36849363, 48.83285666 ], [ 15.36853472, 48.83287704 ], [ 15.3685757, 48.8328975 ], [ 15.36861659, 48.83291806 ], [ 15.36865738, 48.83293869 ], [ 15.36869808, 48.83295941 ], [ 15.36873867, 48.83298021 ], [ 15.36877917, 48.8330011 ], [ 15.36881957, 48.83302207 ], [ 15.36885986, 48.83304313 ], [ 15.36890005, 48.83306427 ], [ 15.36894015, 48.83308549 ], [ 15.36898014, 48.8331068 ], [ 15.36902004, 48.83312819 ], [ 15.36905982, 48.83314966 ], [ 15.36909951, 48.83317121 ], [ 15.3691391, 48.83319285 ], [ 15.36917858, 48.83321457 ], [ 15.36921795, 48.83323637 ], [ 15.36925723, 48.83325825 ], [ 15.3692964, 48.83328021 ], [ 15.36933546, 48.83330225 ], [ 15.36937442, 48.83332438 ], [ 15.36941328, 48.83334659 ], [ 15.36945202, 48.83336887 ], [ 15.36949066, 48.83339124 ], [ 15.3695292, 48.83341369 ], [ 15.36956763, 48.83343621 ], [ 15.36960595, 48.83345882 ], [ 15.36963305, 48.83347491 ], [ 15.37101701, 48.83299688 ], [ 15.37107762, 48.83297595 ], [ 15.37114007, 48.83295437 ], [ 15.37134257, 48.83284815 ], [ 15.37145751, 48.83278785 ], [ 15.37145927, 48.83278514 ], [ 15.37147965, 48.83275405 ], [ 15.37150018, 48.83272301 ], [ 15.37152086, 48.832692 ], [ 15.37154169, 48.83266104 ], [ 15.37156266, 48.83263012 ], [ 15.37158378, 48.83259925 ], [ 15.37160504, 48.83256842 ], [ 15.37162645, 48.83253763 ], [ 15.37164801, 48.83250689 ], [ 15.37165167, 48.83250172 ], [ 15.37166972, 48.83247619 ], [ 15.37169157, 48.83244554 ], [ 15.37171356, 48.83241494 ], [ 15.3717357, 48.83238437 ], [ 15.37175799, 48.83235386 ], [ 15.37178042, 48.83232339 ], [ 15.371803, 48.83229297 ], [ 15.37182572, 48.8322626 ], [ 15.37184858, 48.83223227 ], [ 15.37187159, 48.83220199 ], [ 15.37189475, 48.83217176 ], [ 15.37191804, 48.83214157 ], [ 15.37194148, 48.83211144 ], [ 15.37196507, 48.83208135 ], [ 15.37198879, 48.83205131 ], [ 15.37201266, 48.83202132 ], [ 15.37203667, 48.83199139 ], [ 15.37206083, 48.8319615 ], [ 15.37208512, 48.83193166 ], [ 15.37210956, 48.83190187 ], [ 15.37213414, 48.83187213 ], [ 15.37215886, 48.83184245 ], [ 15.37218372, 48.83181281 ], [ 15.37220872, 48.83178323 ], [ 15.37223386, 48.8317537 ], [ 15.37225914, 48.83172422 ], [ 15.37228457, 48.83169479 ], [ 15.37231013, 48.83166542 ], [ 15.37233583, 48.8316361 ], [ 15.37236167, 48.83160683 ], [ 15.37238765, 48.83157762 ], [ 15.37241377, 48.83154846 ], [ 15.37244003, 48.83151935 ], [ 15.37246643, 48.8314903 ], [ 15.37249296, 48.8314613 ], [ 15.37251963, 48.83143236 ], [ 15.37254644, 48.83140348 ], [ 15.37257339, 48.83137465 ], [ 15.37260047, 48.83134587 ], [ 15.37262769, 48.83131716 ], [ 15.37265505, 48.8312885 ], [ 15.37268254, 48.83125989 ], [ 15.37271017, 48.83123135 ], [ 15.37273793, 48.83120286 ], [ 15.37276583, 48.83117443 ], [ 15.37279386, 48.83114605 ], [ 15.37282203, 48.83111774 ], [ 15.37285033, 48.83108948 ], [ 15.37287877, 48.83106128 ], [ 15.37290734, 48.83103314 ], [ 15.37293605, 48.83100506 ], [ 15.37295398, 48.83098764 ], [ 15.3728916, 48.83004658 ], [ 15.37312803, 48.82957852 ], [ 15.37305451, 48.82945512 ], [ 15.37303716, 48.82942597 ], [ 15.37267791, 48.82882286 ], [ 15.37268515, 48.82840024 ], [ 15.37267943, 48.82836314 ], [ 15.37265625, 48.82821257 ], [ 15.37264817, 48.82816012 ], [ 15.3726113, 48.82792071 ], [ 15.37215855, 48.82738383 ], [ 15.371384, 48.82683422 ], [ 15.37050804, 48.82638212 ], [ 15.37022747, 48.8262478 ], [ 15.36919682, 48.82575439 ], [ 15.36884403, 48.8257062 ], [ 15.36792428, 48.82558339 ], [ 15.3677135, 48.82549724 ], [ 15.36746052, 48.8254362 ], [ 15.36711059, 48.82534934 ], [ 15.36702753, 48.82532014 ], [ 15.36727085, 48.82463332 ], [ 15.36732722, 48.8244697 ], [ 15.36744878, 48.82413231 ], [ 15.36752915, 48.82390924 ], [ 15.36757226, 48.82382416 ], [ 15.36757581, 48.82381715 ], [ 15.36796524, 48.82304863 ], [ 15.36798811, 48.82300656 ], [ 15.36799943, 48.82298462 ], [ 15.36803158, 48.82291304 ], [ 15.3680081, 48.82264739 ], [ 15.367916, 48.82160314 ], [ 15.36805452, 48.82020877 ], [ 15.36789283, 48.81933066 ], [ 15.36782622, 48.8189689 ], [ 15.36782254, 48.81881583 ], [ 15.36780814, 48.81821705 ], [ 15.3679733, 48.8175177 ], [ 15.36803057, 48.81742902 ], [ 15.36805781, 48.81739667 ], [ 15.36879206, 48.81698121 ], [ 15.36864882, 48.81591962 ], [ 15.36861065, 48.81577842 ], [ 15.36826908, 48.81505532 ], [ 15.36815114, 48.81483663 ], [ 15.36776687, 48.81412435 ], [ 15.36852868, 48.81430151 ], [ 15.36860467, 48.81415252 ], [ 15.36867178, 48.81402727 ], [ 15.36867088, 48.81373286 ], [ 15.36878172, 48.81344036 ], [ 15.36883947, 48.81331261 ], [ 15.36893763, 48.81309511 ], [ 15.36894974, 48.81303962 ], [ 15.3689964, 48.81279694 ], [ 15.3691016, 48.81218672 ], [ 15.36925792, 48.81142143 ], [ 15.36928876, 48.81090822 ], [ 15.36921902, 48.81039146 ], [ 15.36921018, 48.81039122 ] ] ] } },
{ "type": "Feature", "properties": { "ID": 70, "ZONE": "WA107", "AREA_HA": 122.493698, "COMMUNITIES": "Geras", "LEGALFOUNDATIONDATE": "2024-09-01T00:00:00", "LEGISLATIONCODE": "NÖ LGBl. Nr. 47/2024", "LEGISLATIONTITLE": "Sektorales Raumordnungsprogramm über die Windkraftnutzung in Niederösterreich - Änderung", "LASTUPDATE": "2024-09-03T00:00:00" }, "geometry": { "type": "Polygon", "coordinates": [ [ [ 15.61194385, 48.78621691 ], [ 15.61106115, 48.78592147 ], [ 15.6107388, 48.78581358 ], [ 15.61029722, 48.78564199 ], [ 15.60986401, 48.78546132 ], [ 15.60943959, 48.78527177 ], [ 15.60932987, 48.78521939 ], [ 15.60903736, 48.78510989 ], [ 15.608197, 48.78479531 ], [ 15.60803682, 48.78472862 ], [ 15.60784513, 48.78464356 ], [ 15.60672953, 48.78411969 ], [ 15.60663465, 48.78407514 ], [ 15.60649251, 48.78399939 ], [ 15.60577109, 48.78359152 ], [ 15.60547007, 48.78341104 ], [ 15.60500556, 48.7830986 ], [ 15.60464884, 48.78285866 ], [ 15.6043657, 48.78264713 ], [ 15.60409104, 48.78243077 ], [ 15.60382504, 48.78220974 ], [ 15.60356789, 48.78198419 ], [ 15.60331976, 48.78175426 ], [ 15.60308082, 48.78152012 ], [ 15.60285123, 48.78128193 ], [ 15.60269569, 48.78111083 ], [ 15.60220554, 48.78058993 ], [ 15.60202719, 48.78045262 ], [ 15.60166773, 48.78017588 ], [ 15.60149975, 48.78004875 ], [ 15.60147324, 48.78002615 ], [ 15.60120882, 48.7798007 ], [ 15.60076912, 48.77940241 ], [ 15.60056784, 48.77924843 ], [ 15.60034561, 48.77905894 ], [ 15.59945497, 48.77824065 ], [ 15.59942767, 48.77821557 ], [ 15.59919627, 48.77796972 ], [ 15.59897493, 48.77771986 ], [ 15.59878993, 48.77749755 ], [ 15.5977232, 48.77719113 ], [ 15.59653642, 48.77677458 ], [ 15.59620859, 48.77663421 ], [ 15.58859259, 48.78649569 ], [ 15.58899992, 48.78640249 ], [ 15.58941083, 48.78631641 ], [ 15.58982503, 48.78623753 ], [ 15.59024224, 48.7861659 ], [ 15.59084235, 48.78608493 ], [ 15.59143536, 48.78600492 ], [ 15.59150898, 48.78599499 ], [ 15.59193528, 48.7859528 ], [ 15.59230892, 48.78591915 ], [ 15.59272959, 48.78588494 ], [ 15.59315146, 48.78585795 ], [ 15.59357424, 48.7858382 ], [ 15.59399766, 48.7858257 ], [ 15.59442143, 48.78582047 ], [ 15.59484526, 48.7858225 ], [ 15.59526887, 48.7858318 ], [ 15.59569197, 48.78584836 ], [ 15.59611428, 48.78587217 ], [ 15.59653551, 48.78590321 ], [ 15.59695538, 48.78594147 ], [ 15.5973736, 48.7859869 ], [ 15.59778991, 48.7860395 ], [ 15.598204, 48.78609921 ], [ 15.59861562, 48.786166 ], [ 15.59902447, 48.78623983 ], [ 15.59943029, 48.78632064 ], [ 15.5998328, 48.78640838 ], [ 15.60023173, 48.786503 ], [ 15.60062681, 48.78660442 ], [ 15.60101778, 48.78671258 ], [ 15.60136887, 48.78681686 ], [ 15.60140437, 48.78682741 ], [ 15.60178632, 48.78694882 ], [ 15.60216338, 48.78707675 ], [ 15.60253528, 48.78721109 ], [ 15.60286358, 48.7873371 ], [ 15.6030838, 48.7873846 ], [ 15.60330006, 48.78743541 ], [ 15.60360011, 48.78748845 ], [ 15.60387218, 48.78754635 ], [ 15.60449002, 48.78767783 ], [ 15.605201, 48.78784462 ], [ 15.60607802, 48.78805035 ], [ 15.60658672, 48.78818421 ], [ 15.60668306, 48.78821119 ], [ 15.60691581, 48.78828471 ], [ 15.60862753, 48.78889461 ], [ 15.60874273, 48.78894257 ], [ 15.60933155, 48.78920382 ], [ 15.60960313, 48.78932636 ], [ 15.60989109, 48.78946231 ], [ 15.61014218, 48.78959455 ], [ 15.61029061, 48.78967368 ], [ 15.61101852, 48.79008558 ], [ 15.61137326, 48.79029856 ], [ 15.61198105, 48.79068639 ], [ 15.61230703, 48.79090662 ], [ 15.61240932, 48.79097979 ], [ 15.61264345, 48.79101808 ], [ 15.61308542, 48.79109227 ], [ 15.61345751, 48.79116156 ], [ 15.61361034, 48.79119483 ], [ 15.61393856, 48.79126898 ], [ 15.61469478, 48.79145622 ], [ 15.61504374, 48.79154741 ], [ 15.61526749, 48.79160777 ], [ 15.61569606, 48.79174309 ], [ 15.61579872, 48.79177796 ], [ 15.61584338, 48.79172056 ], [ 15.61640624, 48.79142158 ], [ 15.61691631, 48.79115064 ], [ 15.61721609, 48.79097985 ], [ 15.61754984, 48.79070339 ], [ 15.61797, 48.79032361 ], [ 15.6184025, 48.78996287 ], [ 15.61854053, 48.78985334 ], [ 15.61839682, 48.78977451 ], [ 15.61794335, 48.78950767 ], [ 15.61768553, 48.78933384 ], [ 15.61725632, 48.78894076 ], [ 15.61694448, 48.78863095 ], [ 15.61667003, 48.78819084 ], [ 15.61662176, 48.78804591 ], [ 15.61660013, 48.78798098 ], [ 15.6162483, 48.78766595 ], [ 15.61610446, 48.78748489 ], [ 15.61570054, 48.78735409 ], [ 15.615435, 48.78726905 ], [ 15.61497147, 48.78708068 ], [ 15.61487324, 48.78702877 ], [ 15.6148283, 48.78700503 ], [ 15.61461401, 48.78689178 ], [ 15.61451885, 48.7868415 ], [ 15.61402661, 48.78674776 ], [ 15.61305668, 48.78652991 ], [ 15.61228215, 48.78631929 ], [ 15.61218051, 48.78629165 ], [ 15.61194385, 48.78621691 ] ] ] } },
{ "type": "Feature", "properties": { "ID": 66, "ZONE": "WA109", "AREA_HA": 57.672615, "COMMUNITIES": "Burgschleinitz-Kühnring", "LEGALFOUNDATIONDATE": "2024-09-01T00:00:00", "LEGISLATIONCODE": "NÖ LGBl. Nr. 47/2024", "LEGISLATIONTITLE": "Sektorales Raumordnungsprogramm über die Windkraftnutzung in Niederösterreich - Änderung", "LASTUPDATE": "2024-09-03T00:00:00" }, "geometry": { "type": "Polygon", "coordinates": [ [ [ 15.78809225, 48.61882453 ], [ 15.78839547, 48.61882292 ], [ 15.78852135, 48.61883041 ], [ 15.78962348, 48.61889596 ], [ 15.79016113, 48.61894021 ], [ 15.79128005, 48.61908051 ], [ 15.79182679, 48.61916916 ], [ 15.79290704, 48.6193785 ], [ 15.79305515, 48.6194072 ], [ 15.79339638, 48.61949804 ], [ 15.79393456, 48.61964131 ], [ 15.79393495, 48.61963283 ], [ 15.79396233, 48.61903041 ], [ 15.79408686, 48.61838511 ], [ 15.79408364, 48.61828797 ], [ 15.79409561, 48.61806866 ], [ 15.79410076, 48.61797433 ], [ 15.79412224, 48.61775644 ], [ 15.79416249, 48.61734824 ], [ 15.79420709, 48.61703579 ], [ 15.79422587, 48.61695477 ], [ 15.79425668, 48.61682191 ], [ 15.79427901, 48.61672558 ], [ 15.79444994, 48.61610847 ], [ 15.79451093, 48.61591941 ], [ 15.79453683, 48.61583912 ], [ 15.79490917, 48.61499275 ], [ 15.79491416, 48.61498142 ], [ 15.79489929, 48.61497955 ], [ 15.79483036, 48.61496963 ], [ 15.7947623, 48.61495734 ], [ 15.79441001, 48.61488719 ], [ 15.79434286, 48.61487254 ], [ 15.79427696, 48.6148556 ], [ 15.79396786, 48.61476991 ], [ 15.7938992, 48.61474937 ], [ 15.79383236, 48.61472634 ], [ 15.79358604, 48.6146356 ], [ 15.793586, 48.61463559 ], [ 15.79358596, 48.61463557 ], [ 15.79342776, 48.61457729 ], [ 15.79336225, 48.61455153 ], [ 15.79192468, 48.6139495 ], [ 15.79175276, 48.61388332 ], [ 15.79171518, 48.61386779 ], [ 15.79167798, 48.61385449 ], [ 15.79141356, 48.61375269 ], [ 15.79087931, 48.61357565 ], [ 15.7902661, 48.61338707 ], [ 15.79005681, 48.61334483 ], [ 15.78970307, 48.61332155 ], [ 15.78961135, 48.61334555 ], [ 15.78866649, 48.61359275 ], [ 15.78798199, 48.61374695 ], [ 15.78671024, 48.61398857 ], [ 15.78615917, 48.6140724 ], [ 15.78506684, 48.61420579 ], [ 15.78498897, 48.61421297 ], [ 15.78454685, 48.61424509 ], [ 15.78342567, 48.61430859 ], [ 15.7833457, 48.61431311 ], [ 15.7831943, 48.61431194 ], [ 15.78283186, 48.61430912 ], [ 15.78270743, 48.61455715 ], [ 15.78262241, 48.61469612 ], [ 15.78205353, 48.61554101 ], [ 15.7820175, 48.61559128 ], [ 15.78133322, 48.61638616 ], [ 15.78129569, 48.61642855 ], [ 15.78116704, 48.61656462 ], [ 15.78050771, 48.61718029 ], [ 15.78020471, 48.61744608 ], [ 15.77914509, 48.61824659 ], [ 15.77885135, 48.61889052 ], [ 15.77880662, 48.61898858 ], [ 15.77877504, 48.61903954 ], [ 15.7787251, 48.61913708 ], [ 15.77863201, 48.6192892 ], [ 15.77865326, 48.61932035 ], [ 15.77867715, 48.61937005 ], [ 15.77871065, 48.61945681 ], [ 15.77872629, 48.61950995 ], [ 15.77873171, 48.61956398 ], [ 15.77883375, 48.61966935 ], [ 15.7788468, 48.61968339 ], [ 15.77887087, 48.61971282 ], [ 15.77893677, 48.61980109 ], [ 15.77895137, 48.61982197 ], [ 15.77898022, 48.61987511 ], [ 15.7789988, 48.61993022 ], [ 15.77900682, 48.61998644 ], [ 15.77900686, 48.62001401 ], [ 15.77900274, 48.62010541 ], [ 15.77931776, 48.62013756 ], [ 15.77932551, 48.62013866 ], [ 15.77934667, 48.62014166 ], [ 15.77976658, 48.62020743 ], [ 15.78040232, 48.61997976 ], [ 15.78089635, 48.61981824 ], [ 15.78194499, 48.61952609 ], [ 15.78247201, 48.61940178 ], [ 15.78272626, 48.61934181 ], [ 15.78317666, 48.61924525 ], [ 15.78353731, 48.61918303 ], [ 15.78367953, 48.61915383 ], [ 15.78403536, 48.6191053 ], [ 15.78515976, 48.61895193 ], [ 15.78537889, 48.61893172 ], [ 15.78671396, 48.61883804 ], [ 15.78684368, 48.61883114 ], [ 15.78809225, 48.61882453 ] ] ] } },
{ "type": "Feature", "properties": { "ID": 54, "ZONE": "WA13", "AREA_HA": 140.798524, "COMMUNITIES": "Irnfritz-Messern, Japons, Ludweis-Aigen", "LEGALFOUNDATIONDATE": "2024-09-01T00:00:00", "LEGISLATIONCODE": "NÖ LGBl. Nr. 47/2024", "LEGISLATIONTITLE": "Sektorales Raumordnungsprogramm über die Windkraftnutzung in Niederösterreich - Änderung", "LASTUPDATE": "2024-09-03T00:00:00" }, "geometry": { "type": "Polygon", "coordinates": [ [ [ 15.51447716, 48.77634005 ], [ 15.51443332, 48.77612185 ], [ 15.51442236, 48.77605721 ], [ 15.51435283, 48.77606192 ], [ 15.51414208, 48.77607439 ], [ 15.51372017, 48.77609572 ], [ 15.51326788, 48.77611026 ], [ 15.51278548, 48.7761169 ], [ 15.5125442, 48.77611787 ], [ 15.51221742, 48.77611598 ], [ 15.5121257, 48.77611511 ], [ 15.51194222, 48.77611269 ], [ 15.51151788, 48.77609978 ], [ 15.5108537, 48.7760681 ], [ 15.51019204, 48.77601855 ], [ 15.50953397, 48.77595119 ], [ 15.50888063, 48.77586615 ], [ 15.50823307, 48.77576356 ], [ 15.50808852, 48.77573858 ], [ 15.50793976, 48.77586974 ], [ 15.50769614, 48.77607564 ], [ 15.50792011, 48.77618171 ], [ 15.50828936, 48.77637902 ], [ 15.50861371, 48.77656291 ], [ 15.50900987, 48.7767875 ], [ 15.50936114, 48.77699867 ], [ 15.50969324, 48.77722297 ], [ 15.51033715, 48.77768397 ], [ 15.51064897, 48.77792066 ], [ 15.51093944, 48.77816893 ], [ 15.51149805, 48.7786762 ], [ 15.51176619, 48.77893521 ], [ 15.51201109, 48.77920409 ], [ 15.51208219, 48.77928754 ], [ 15.51247683, 48.77975079 ], [ 15.51269767, 48.78002862 ], [ 15.5128937, 48.78031446 ], [ 15.51326028, 48.7808932 ], [ 15.51343083, 48.78118609 ], [ 15.51357532, 48.78148505 ], [ 15.51382318, 48.78205447 ], [ 15.51383777, 48.782088 ], [ 15.51395572, 48.78239199 ], [ 15.51404673, 48.7827 ], [ 15.51420149, 48.78331901 ], [ 15.51426525, 48.78363 ], [ 15.51430153, 48.78394291 ], [ 15.5143465, 48.78456961 ], [ 15.5143552, 48.78488339 ], [ 15.51433626, 48.78519697 ], [ 15.51427083, 48.78582287 ], [ 15.51422434, 48.7861352 ], [ 15.51415044, 48.7864452 ], [ 15.51397548, 48.78706186 ], [ 15.51387443, 48.7873685 ], [ 15.51374656, 48.78767074 ], [ 15.51346444, 48.7882698 ], [ 15.51331019, 48.78856663 ], [ 15.51303694, 48.78899067 ], [ 15.5129714, 48.78917133 ], [ 15.51284353, 48.78947357 ], [ 15.51276171, 48.78964729 ], [ 15.51268792, 48.78965798 ], [ 15.51318655, 48.78994977 ], [ 15.51366678, 48.79025476 ], [ 15.5139022, 48.79041049 ], [ 15.5143485, 48.79074463 ], [ 15.51438262, 48.79077245 ], [ 15.51456173, 48.79090641 ], [ 15.51472969, 48.7910361 ], [ 15.51487062, 48.79114847 ], [ 15.51509037, 48.79133162 ], [ 15.51517733, 48.79140741 ], [ 15.51522734, 48.79145147 ], [ 15.5153593, 48.79156895 ], [ 15.51538458, 48.79159157 ], [ 15.51556258, 48.79175179 ], [ 15.51589669, 48.79207666 ], [ 15.51625077, 48.79244946 ], [ 15.51658153, 48.79283147 ], [ 15.51688845, 48.79322209 ], [ 15.51717101, 48.79362065 ], [ 15.51742873, 48.7940265 ], [ 15.51766118, 48.79443895 ], [ 15.51786798, 48.79485732 ], [ 15.51796492, 48.79506791 ], [ 15.51804878, 48.79528092 ], [ 15.51820328, 48.79570904 ], [ 15.51833123, 48.79614097 ], [ 15.5184324, 48.79657598 ], [ 15.51847432, 48.79682296 ], [ 15.51850468, 48.79684072 ], [ 15.51898501, 48.79714569 ], [ 15.51922047, 48.79730141 ], [ 15.51944612, 48.79746335 ], [ 15.51988724, 48.79779316 ], [ 15.52030763, 48.79813458 ], [ 15.52070659, 48.79848705 ], [ 15.52090064, 48.79866597 ], [ 15.52108348, 48.79884998 ], [ 15.52143765, 48.79922276 ], [ 15.5217685, 48.79960476 ], [ 15.5220755, 48.79999536 ], [ 15.52232831, 48.80035186 ], [ 15.52240574, 48.80042026 ], [ 15.5225998, 48.80059918 ], [ 15.52278266, 48.80078319 ], [ 15.52313685, 48.80115596 ], [ 15.52346772, 48.80153795 ], [ 15.52352879, 48.80161564 ], [ 15.52353593, 48.80161406 ], [ 15.52359654, 48.80151319 ], [ 15.52372576, 48.80131031 ], [ 15.5238674, 48.80111107 ], [ 15.52416286, 48.8007166 ], [ 15.52448241, 48.80033043 ], [ 15.52482554, 48.79995317 ], [ 15.52500294, 48.79976685 ], [ 15.52519168, 48.79958547 ], [ 15.5255802, 48.79922795 ], [ 15.52577999, 48.7990518 ], [ 15.52593996, 48.79892193 ], [ 15.52548245, 48.79842414 ], [ 15.52498869, 48.79779791 ], [ 15.52455799, 48.79715169 ], [ 15.52419219, 48.79648824 ], [ 15.52398432, 48.79603575 ], [ 15.52389251, 48.7958189 ], [ 15.5237872, 48.7955972 ], [ 15.52353094, 48.79422442 ], [ 15.52350955, 48.7922043 ], [ 15.52367161, 48.79153449 ], [ 15.52386855, 48.79067067 ], [ 15.5244318, 48.78927719 ], [ 15.52527637, 48.78781276 ], [ 15.52678489, 48.7860318 ], [ 15.52743471, 48.78552504 ], [ 15.52690686, 48.78543845 ], [ 15.52651361, 48.78536585 ], [ 15.52652082, 48.78536004 ], [ 15.52591371, 48.78522859 ], [ 15.52559937, 48.7851558 ], [ 15.52528978, 48.7850746 ], [ 15.52467587, 48.78490392 ], [ 15.52407303, 48.78471684 ], [ 15.52348223, 48.78451365 ], [ 15.52318997, 48.78440807 ], [ 15.52299213, 48.78432584 ], [ 15.52282687, 48.784269 ], [ 15.52253462, 48.78416343 ], [ 15.52224911, 48.78405006 ], [ 15.52168536, 48.78381572 ], [ 15.52113655, 48.78356638 ], [ 15.52060359, 48.78330245 ], [ 15.52034118, 48.78316689 ], [ 15.52008736, 48.78302437 ], [ 15.51958873, 48.7827326 ], [ 15.51910854, 48.78242764 ], [ 15.51864758, 48.78210999 ], [ 15.51842199, 48.78194805 ], [ 15.5182066, 48.78178017 ], [ 15.51778636, 48.78143873 ], [ 15.51758151, 48.78126518 ], [ 15.51738754, 48.78108625 ], [ 15.51701082, 48.78072332 ], [ 15.51682807, 48.78053931 ], [ 15.51665682, 48.78035053 ], [ 15.51632612, 48.7799685 ], [ 15.5160193, 48.7795779 ], [ 15.51573683, 48.77917933 ], [ 15.51560174, 48.77897813 ], [ 15.51547919, 48.77877347 ], [ 15.51524683, 48.77836101 ], [ 15.51508079, 48.77803482 ], [ 15.51497248, 48.77779721 ], [ 15.51492039, 48.777678 ], [ 15.5148777, 48.7775759 ], [ 15.51484025, 48.77748313 ], [ 15.51476785, 48.77729713 ], [ 15.51466229, 48.77698881 ], [ 15.51453442, 48.77655688 ], [ 15.51447716, 48.77634005 ] ] ] } },
{ "type": "Feature", "properties": { "ID": 53, "ZONE": "WA14", "AREA_HA": 55.925541, "COMMUNITIES": "Irnfritz-Messern", "LEGALFOUNDATIONDATE": "2024-09-01T00:00:00", "LEGISLATIONCODE": "NÖ LGBl. Nr. 47/2024", "LEGISLATIONTITLE": "Sektorales Raumordnungsprogramm über die Windkraftnutzung in Niederösterreich - Änderung", "LASTUPDATE": "2024-09-03T00:00:00" }, "geometry": { "type": "Polygon", "coordinates": [ [ [ 15.5500346, 48.76180565 ], [ 15.55022874, 48.76138466 ], [ 15.55044867, 48.76096926 ], [ 15.55046978, 48.76092727 ], [ 15.55026421, 48.76077419 ], [ 15.54982541, 48.76045418 ], [ 15.54965889, 48.76033353 ], [ 15.54938162, 48.76012188 ], [ 15.5493035, 48.76005803 ], [ 15.54911988, 48.75990561 ], [ 15.54890745, 48.75972128 ], [ 15.54853952, 48.75936409 ], [ 15.54825272, 48.75909789 ], [ 15.54808332, 48.75893617 ], [ 15.54802229, 48.75887395 ], [ 15.5479363, 48.75878509 ], [ 15.54774643, 48.7585777 ], [ 15.5476936, 48.75852287 ], [ 15.54738916, 48.75820593 ], [ 15.54709778, 48.7582717 ], [ 15.54646099, 48.75839993 ], [ 15.54581681, 48.75851088 ], [ 15.54516633, 48.75860436 ], [ 15.54451061, 48.75868021 ], [ 15.54418157, 48.75871372 ], [ 15.54385074, 48.75873832 ], [ 15.54318785, 48.75877858 ], [ 15.54275009, 48.75879733 ], [ 15.54253858, 48.75880262 ], [ 15.54247242, 48.75880399 ], [ 15.54213707, 48.75886174 ], [ 15.54148658, 48.7589552 ], [ 15.54083085, 48.75903103 ], [ 15.5405018, 48.75906453 ], [ 15.54017097, 48.75908912 ], [ 15.53950807, 48.75912935 ], [ 15.53905708, 48.75914842 ], [ 15.53881914, 48.75915411 ], [ 15.53870014, 48.75915638 ], [ 15.53836269, 48.75916125 ], [ 15.5382976, 48.75916309 ], [ 15.53821083, 48.75916524 ], [ 15.53803693, 48.75916893 ], [ 15.53794993, 48.75917047 ], [ 15.53716549, 48.75918158 ], [ 15.53620219, 48.75919922 ], [ 15.53611436, 48.75920062 ], [ 15.53595912, 48.75920274 ], [ 15.535586, 48.75920765 ], [ 15.53524205, 48.75921836 ], [ 15.53496163, 48.75922708 ], [ 15.53486691, 48.75923003 ], [ 15.53473535, 48.75923414 ], [ 15.53468089, 48.75923572 ], [ 15.53457205, 48.75923863 ], [ 15.53451761, 48.75923997 ], [ 15.53427295, 48.75924543 ], [ 15.53385237, 48.75925456 ], [ 15.53379223, 48.75925572 ], [ 15.53367205, 48.75925774 ], [ 15.53361197, 48.7592586 ], [ 15.53290784, 48.759267 ], [ 15.53270799, 48.75926777 ], [ 15.53230831, 48.75926607 ], [ 15.53177599, 48.7592523 ], [ 15.53111202, 48.75922074 ], [ 15.53045055, 48.7591713 ], [ 15.5304039, 48.75916653 ], [ 15.53054206, 48.75934753 ], [ 15.53078117, 48.75969007 ], [ 15.53103883, 48.76009589 ], [ 15.53127124, 48.76050832 ], [ 15.53147802, 48.76092667 ], [ 15.53157496, 48.76113724 ], [ 15.53165882, 48.76135025 ], [ 15.53178838, 48.7617092 ], [ 15.53187831, 48.76169629 ], [ 15.53253407, 48.76162051 ], [ 15.53319397, 48.76156247 ], [ 15.5338569, 48.76152227 ], [ 15.53452176, 48.76149998 ], [ 15.53485454, 48.76149331 ], [ 15.53518746, 48.76149563 ], [ 15.53552005, 48.76150467 ], [ 15.53585274, 48.76151192 ], [ 15.53618534, 48.76152051 ], [ 15.53651639, 48.76154343 ], [ 15.53684723, 48.76156769 ], [ 15.53717836, 48.76159016 ], [ 15.53750836, 48.76161932 ], [ 15.53783629, 48.76165736 ], [ 15.53848951, 48.76174224 ], [ 15.53913694, 48.76184466 ], [ 15.53977753, 48.76196445 ], [ 15.5404102, 48.76210141 ], [ 15.54103389, 48.76225531 ], [ 15.54134337, 48.76233647 ], [ 15.54164758, 48.76242591 ], [ 15.54225023, 48.7626129 ], [ 15.54284085, 48.76281599 ], [ 15.54341845, 48.76303483 ], [ 15.54370389, 48.76314815 ], [ 15.54398208, 48.76326907 ], [ 15.54446746, 48.76348954 ], [ 15.5446985, 48.76357297 ], [ 15.54527612, 48.76379181 ], [ 15.54556156, 48.76390512 ], [ 15.54583977, 48.76402603 ], [ 15.5463885, 48.76427526 ], [ 15.54665902, 48.76440357 ], [ 15.54692141, 48.76453908 ], [ 15.5474376, 48.76481704 ], [ 15.5477993, 48.76502375 ], [ 15.54801344, 48.76515357 ], [ 15.54811967, 48.76521912 ], [ 15.54847528, 48.76544253 ], [ 15.54860985, 48.76552904 ], [ 15.54887592, 48.76570407 ], [ 15.54913162, 48.76588336 ], [ 15.54912804, 48.76580571 ], [ 15.54912469, 48.76558561 ], [ 15.54913492, 48.7653656 ], [ 15.54916894, 48.76492605 ], [ 15.54923005, 48.7644878 ], [ 15.54931816, 48.76405155 ], [ 15.54936894, 48.76383401 ], [ 15.5494331, 48.76361803 ], [ 15.5495747, 48.76318798 ], [ 15.5495919, 48.76314373 ], [ 15.54965215, 48.76291081 ], [ 15.54972022, 48.76267844 ], [ 15.54986473, 48.76223721 ], [ 15.54994403, 48.76201746 ], [ 15.5500346, 48.76180565 ] ] ] } },
{ "type": "Feature", "properties": { "ID": 50, "ZONE": "WA15", "AREA_HA": 427.893202, "COMMUNITIES": "Brunn an der Wild, Göpfritz an der Wild, Ludweis-Aigen", "LEGALFOUNDATIONDATE": "2024-09-01T00:00:00", "LEGISLATIONCODE": "NÖ LGBl. Nr. 47/2024", "LEGISLATIONTITLE": "Sektorales Raumordnungsprogramm über die Windkraftnutzung in Niederösterreich - Änderung", "LASTUPDATE": "2024-09-03T00:00:00" }, "geometry": { "type": "Polygon", "coordinates": [ [ [ 15.42821433, 48.72875705 ], [ 15.43276014, 48.72855803 ], [ 15.43390588, 48.72867549 ], [ 15.43749078, 48.72683545 ], [ 15.43866089, 48.72623482 ], [ 15.43846421, 48.72516273 ], [ 15.43826755, 48.72409065 ], [ 15.43937021, 48.7227432 ], [ 15.44176611, 48.72270767 ], [ 15.44420594, 48.72377991 ], [ 15.45235386, 48.7204883 ], [ 15.45546178, 48.71906436 ], [ 15.45524723, 48.71879037 ], [ 15.45496558, 48.71839165 ], [ 15.45483089, 48.71819038 ], [ 15.45470874, 48.71798565 ], [ 15.45447714, 48.71757307 ], [ 15.45427118, 48.71715459 ], [ 15.45409119, 48.71673089 ], [ 15.45400773, 48.71651782 ], [ 15.45390487, 48.71618506 ], [ 15.4538635, 48.71602584 ], [ 15.45382358, 48.71589576 ], [ 15.45379889, 48.71580979 ], [ 15.45378521, 48.71576094 ], [ 15.45375407, 48.71564674 ], [ 15.45374117, 48.71559881 ], [ 15.45371974, 48.71552952 ], [ 15.45367712, 48.71538112 ], [ 15.45361454, 48.7151453 ], [ 15.45354171, 48.71480893 ], [ 15.45346815, 48.71437151 ], [ 15.45342162, 48.71393248 ], [ 15.45340218, 48.71349255 ], [ 15.4534009, 48.71339643 ], [ 15.45296154, 48.71335118 ], [ 15.45230911, 48.71326582 ], [ 15.45166247, 48.71316292 ], [ 15.45134073, 48.7131071 ], [ 15.45102271, 48.71304264 ], [ 15.4503909, 48.71290519 ], [ 15.45007712, 48.7128322 ], [ 15.44976809, 48.7127508 ], [ 15.44915533, 48.71257972 ], [ 15.44855363, 48.71239225 ], [ 15.44796399, 48.71218868 ], [ 15.4476723, 48.71208291 ], [ 15.44738737, 48.71196936 ], [ 15.44682477, 48.71173466 ], [ 15.44627712, 48.71148497 ], [ 15.44574531, 48.71122069 ], [ 15.44548347, 48.71108496 ], [ 15.44523023, 48.71094228 ], [ 15.44473275, 48.71065019 ], [ 15.44447529, 48.71048613 ], [ 15.4442537, 48.71034492 ], [ 15.44379386, 48.71002697 ], [ 15.44356884, 48.70986489 ], [ 15.443354, 48.70969687 ], [ 15.44293486, 48.70935516 ], [ 15.44273056, 48.70918148 ], [ 15.44253713, 48.70900242 ], [ 15.44216149, 48.70863925 ], [ 15.44197927, 48.70845512 ], [ 15.44180854, 48.70826623 ], [ 15.44147888, 48.70788399 ], [ 15.44121336, 48.70754941 ], [ 15.44100645, 48.70726491 ], [ 15.44090613, 48.70712164 ], [ 15.44066275, 48.70676027 ], [ 15.44062497, 48.7067033 ], [ 15.44055039, 48.70658905 ], [ 15.44039153, 48.70632704 ], [ 15.44016011, 48.70591443 ], [ 15.43995432, 48.70549592 ], [ 15.43977448, 48.7050722 ], [ 15.4396911, 48.70485912 ], [ 15.43962091, 48.70464398 ], [ 15.43949387, 48.70421196 ], [ 15.439437, 48.7039951 ], [ 15.43939355, 48.70377687 ], [ 15.43932013, 48.70333944 ], [ 15.43927373, 48.70290041 ], [ 15.43925442, 48.70246047 ], [ 15.43925155, 48.70224037 ], [ 15.43926224, 48.70202037 ], [ 15.43928927, 48.70168024 ], [ 15.43630936, 48.70253568 ], [ 15.43416487, 48.70315124 ], [ 15.42985452, 48.70438831 ], [ 15.4205788, 48.70762046 ], [ 15.42056877, 48.70776875 ], [ 15.42045146, 48.70847057 ], [ 15.42026504, 48.7091658 ], [ 15.42001031, 48.70985148 ], [ 15.41968835, 48.71052466 ], [ 15.41930054, 48.71118246 ], [ 15.41884855, 48.71182206 ], [ 15.4183343, 48.71244073 ], [ 15.41829451, 48.71248196 ], [ 15.41853942, 48.7125752 ], [ 15.41882428, 48.71268882 ], [ 15.4191019, 48.71281004 ], [ 15.41964944, 48.71305986 ], [ 15.41991936, 48.71318847 ], [ 15.42018114, 48.71332426 ], [ 15.4206961, 48.71360279 ], [ 15.42119345, 48.71389496 ], [ 15.4216724, 48.71420033 ], [ 15.42190718, 48.71435625 ], [ 15.42219504, 48.71456616 ], [ 15.42241306, 48.71473379 ], [ 15.4226503, 48.71488748 ], [ 15.42306338, 48.71517552 ], [ 15.42350315, 48.7155057 ], [ 15.42392221, 48.71584747 ], [ 15.42431985, 48.71620027 ], [ 15.42451324, 48.71637935 ], [ 15.42469544, 48.71656352 ], [ 15.42504831, 48.71693659 ], [ 15.4253779, 48.71731886 ], [ 15.42568366, 48.71770972 ], [ 15.4259333, 48.71806348 ], [ 15.4259291, 48.71806519 ], [ 15.42596001, 48.71810133 ], [ 15.42596507, 48.7181085 ], [ 15.42622167, 48.71851455 ], [ 15.42625506, 48.71857057 ], [ 15.42635731, 48.71872351 ], [ 15.42661392, 48.71912956 ], [ 15.42684048, 48.71953244 ], [ 15.42703779, 48.71993125 ], [ 15.42713059, 48.72013192 ], [ 15.42751374, 48.721022 ], [ 15.42753161, 48.72106416 ], [ 15.42756684, 48.7211486 ], [ 15.4275842, 48.72119087 ], [ 15.42777934, 48.7216738 ], [ 15.42800775, 48.72220688 ], [ 15.4280716, 48.722365 ], [ 15.42813529, 48.72253289 ], [ 15.42814827, 48.72256761 ], [ 15.42815843, 48.72259515 ], [ 15.42818563, 48.72265712 ], [ 15.42835278, 48.72313565 ], [ 15.42850139, 48.72361003 ], [ 15.42856418, 48.72382101 ], [ 15.42872548, 48.724519 ], [ 15.42881744, 48.72522246 ], [ 15.42883966, 48.72592841 ], [ 15.42879205, 48.7266338 ], [ 15.42867481, 48.72733562 ], [ 15.42848842, 48.72803086 ], [ 15.42823371, 48.72871655 ], [ 15.42821433, 48.72875705 ] ] ] } },
{ "type": "Feature", "properties": { "ID": 51, "ZONE": "WA16", "AREA_HA": 536.943289, "COMMUNITIES": "Irnfritz-Messern, Pernegg", "LEGALFOUNDATIONDATE": "2024-09-01T00:00:00", "LEGISLATIONCODE": "NÖ LGBl. Nr. 47/2024", "LEGISLATIONTITLE": "Sektorales Raumordnungsprogramm über die Windkraftnutzung in Niederösterreich - Änderung", "LASTUPDATE": "2024-09-03T00:00:00" }, "geometry": { "type": "Polygon", "coordinates": [ [ [ 15.59952668, 48.70842754 ], [ 15.59937143, 48.70790732 ], [ 15.59924926, 48.70749028 ], [ 15.599063, 48.70673497 ], [ 15.59894719, 48.70633059 ], [ 15.59878842, 48.70577615 ], [ 15.59877432, 48.70573147 ], [ 15.59870491, 48.70551164 ], [ 15.59850897, 48.70489102 ], [ 15.59848074, 48.70483006 ], [ 15.59842129, 48.7047017 ], [ 15.5983612, 48.70457192 ], [ 15.59817875, 48.70413345 ], [ 15.59812153, 48.70399577 ], [ 15.59785378, 48.70339618 ], [ 15.5978383, 48.70336151 ], [ 15.59769891, 48.70305881 ], [ 15.59765072, 48.70295417 ], [ 15.59754782, 48.70273071 ], [ 15.59752031, 48.70252338 ], [ 15.59721747, 48.70234104 ], [ 15.59617074, 48.70171077 ], [ 15.59357208, 48.70154419 ], [ 15.59048986, 48.7019291 ], [ 15.58943289, 48.70345161 ], [ 15.58788841, 48.70605153 ], [ 15.58688101, 48.70700595 ], [ 15.58510184, 48.70869146 ], [ 15.58231043, 48.71197804 ], [ 15.58183395, 48.71254095 ], [ 15.58013699, 48.71454561 ], [ 15.58014805, 48.71454705 ], [ 15.57604322, 48.71838838 ], [ 15.56978405, 48.72280383 ], [ 15.56487006, 48.72349087 ], [ 15.54702949, 48.72192062 ], [ 15.54694997, 48.72221087 ], [ 15.5467571, 48.72275344 ], [ 15.54652215, 48.72328869 ], [ 15.54624573, 48.7238152 ], [ 15.546051, 48.72413225 ], [ 15.5442426, 48.73042328 ], [ 15.54423726, 48.7305054 ], [ 15.54415445, 48.73107424 ], [ 15.54402623, 48.73163938 ], [ 15.54385295, 48.73219923 ], [ 15.54363511, 48.73275223 ], [ 15.54343909, 48.73316 ], [ 15.54378609, 48.73324441 ], [ 15.54385852, 48.73320319 ], [ 15.54393414, 48.73311702 ], [ 15.54443877, 48.73260995 ], [ 15.54498571, 48.73212246 ], [ 15.54557321, 48.73165608 ], [ 15.54576014, 48.73152361 ], [ 15.5462192, 48.73118523 ], [ 15.54671955, 48.73085247 ], [ 15.54700184, 48.73063703 ], [ 15.54738209, 48.73036838 ], [ 15.54738929, 48.73036327 ], [ 15.54798529, 48.72996209 ], [ 15.54861208, 48.729582 ], [ 15.54926795, 48.72922403 ], [ 15.54995111, 48.72888915 ], [ 15.55065971, 48.72857828 ], [ 15.55139184, 48.72829225 ], [ 15.55214549, 48.72803185 ], [ 15.55291862, 48.72779777 ], [ 15.55370913, 48.72759067 ], [ 15.55451487, 48.72741109 ], [ 15.55533366, 48.72725953 ], [ 15.55616328, 48.72713639 ], [ 15.55700146, 48.72704203 ], [ 15.55784593, 48.72697668 ], [ 15.5586944, 48.72694052 ], [ 15.55918906, 48.72693653 ], [ 15.55927818, 48.72693025 ], [ 15.56013718, 48.7268999 ], [ 15.5609974, 48.72689954 ], [ 15.56185646, 48.72692918 ], [ 15.56271196, 48.72698874 ], [ 15.56356153, 48.72707805 ], [ 15.5644028, 48.72719687 ], [ 15.56523343, 48.72734485 ], [ 15.56605113, 48.7275216 ], [ 15.5668536, 48.72772662 ], [ 15.56763863, 48.72795934 ], [ 15.56840403, 48.72821911 ], [ 15.56874547, 48.72835048 ], [ 15.56917031, 48.72849295 ], [ 15.5699218, 48.72877913 ], [ 15.57064924, 48.72909132 ], [ 15.57135059, 48.72942865 ], [ 15.57202387, 48.72979015 ], [ 15.57211538, 48.72984201 ], [ 15.57274758, 48.73021968 ], [ 15.57334913, 48.73061867 ], [ 15.57391838, 48.73103788 ], [ 15.57445378, 48.73147618 ], [ 15.57495387, 48.73193237 ], [ 15.57541728, 48.7324052 ], [ 15.57584276, 48.7328934 ], [ 15.57622913, 48.73339562 ], [ 15.57657535, 48.73391049 ], [ 15.57688047, 48.73443662 ], [ 15.57714366, 48.73497257 ], [ 15.57736419, 48.73551688 ], [ 15.57754147, 48.73606806 ], [ 15.57767501, 48.73662461 ], [ 15.57776444, 48.73718501 ], [ 15.57780952, 48.73774774 ], [ 15.5778101, 48.73828588 ], [ 15.5778087, 48.73832958 ], [ 15.57780742, 48.7383459 ], [ 15.58439298, 48.73906364 ], [ 15.58459116, 48.73855458 ], [ 15.58484223, 48.73802434 ], [ 15.58513422, 48.73750335 ], [ 15.58546637, 48.736993 ], [ 15.58583778, 48.73649463 ], [ 15.58624749, 48.73600956 ], [ 15.58669438, 48.73553909 ], [ 15.58717729, 48.73508445 ], [ 15.58769494, 48.73464686 ], [ 15.58824594, 48.73422747 ], [ 15.58882883, 48.7338274 ], [ 15.58944208, 48.7334477 ], [ 15.59008405, 48.73308938 ], [ 15.59075305, 48.7327534 ], [ 15.59129503, 48.73250923 ], [ 15.59129364, 48.73250786 ], [ 15.59139216, 48.73246434 ], [ 15.59142619, 48.73245014 ], [ 15.59144729, 48.73244064 ], [ 15.59152007, 48.73240963 ], [ 15.59152099, 48.73241058 ], [ 15.59207269, 48.73218035 ], [ 15.59205325, 48.73213056 ], [ 15.59212232, 48.73195758 ], [ 15.59228507, 48.73187154 ], [ 15.59209623, 48.73175585 ], [ 15.5921249, 48.7316784 ], [ 15.59209634, 48.7315061 ], [ 15.59240573, 48.73142913 ], [ 15.59253198, 48.73132241 ], [ 15.59247076, 48.73120113 ], [ 15.5924945, 48.73116646 ], [ 15.59205734, 48.73079758 ], [ 15.59155922, 48.7303278 ], [ 15.59109956, 48.72984117 ], [ 15.59067966, 48.72933906 ], [ 15.59030071, 48.72882289 ], [ 15.58996379, 48.72829412 ], [ 15.58966983, 48.72775425 ], [ 15.58941968, 48.7272048 ], [ 15.58921404, 48.72664733 ], [ 15.58905349, 48.72608342 ], [ 15.58893848, 48.72551466 ], [ 15.58891041, 48.72528245 ], [ 15.58886934, 48.72494265 ], [ 15.58884625, 48.72436903 ], [ 15.58886929, 48.7237954 ], [ 15.58893838, 48.72322339 ], [ 15.58905334, 48.72265463 ], [ 15.58921382, 48.72209071 ], [ 15.58941939, 48.72153323 ], [ 15.58966945, 48.72098377 ], [ 15.58996329, 48.72044388 ], [ 15.59030009, 48.71991509 ], [ 15.59066734, 48.71941464 ], [ 15.58880089, 48.71848956 ], [ 15.58905277, 48.71833322 ], [ 15.58926809, 48.71816466 ], [ 15.58939038, 48.71806501 ], [ 15.58961656, 48.71789651 ], [ 15.58984182, 48.71778116 ], [ 15.59025433, 48.7176029 ], [ 15.59030912, 48.71757151 ], [ 15.59052145, 48.71744987 ], [ 15.59072905, 48.71732469 ], [ 15.59097678, 48.71714141 ], [ 15.5912746, 48.71687014 ], [ 15.59145916, 48.71662053 ], [ 15.59158567, 48.71639051 ], [ 15.59193995, 48.71608688 ], [ 15.5920398, 48.71595057 ], [ 15.5922734, 48.71561854 ], [ 15.59252294, 48.71532071 ], [ 15.59252834, 48.71531436 ], [ 15.59255161, 48.7152842 ], [ 15.59265982, 48.71523535 ], [ 15.59269909, 48.71521762 ], [ 15.59278117, 48.71518047 ], [ 15.59317766, 48.71497116 ], [ 15.59318355, 48.71496775 ], [ 15.59374102, 48.71464498 ], [ 15.59376948, 48.7146285 ], [ 15.59432739, 48.71416979 ], [ 15.59450846, 48.71398049 ], [ 15.59453426, 48.71395359 ], [ 15.59504254, 48.71342253 ], [ 15.59506206, 48.71340737 ], [ 15.59511549, 48.71336859 ], [ 15.59545791, 48.71311954 ], [ 15.59547036, 48.71310856 ], [ 15.59559822, 48.71299577 ], [ 15.59583827, 48.7128197 ], [ 15.59633774, 48.71207424 ], [ 15.59640314, 48.71197925 ], [ 15.59679313, 48.71157053 ], [ 15.59742848, 48.71087661 ], [ 15.59799591, 48.71029169 ], [ 15.59831698, 48.70992091 ], [ 15.59864025, 48.70953829 ], [ 15.59906587, 48.70907843 ], [ 15.59917643, 48.70901373 ], [ 15.59941589, 48.70887358 ], [ 15.59960235, 48.70876445 ], [ 15.59966531, 48.7087276 ], [ 15.59964523, 48.70870661 ], [ 15.59961741, 48.70867756 ], [ 15.59959411, 48.70865323 ], [ 15.59958428, 48.70865667 ], [ 15.59958111, 48.70863867 ], [ 15.59956884, 48.70856881 ], [ 15.59952668, 48.70842754 ] ] ] } },
{ "type": "Feature", "properties": { "ID": 57, "ZONE": "WA17", "AREA_HA": 340.162164, "COMMUNITIES": "Horn, Pernegg, St. Bernhard-Frauenhofen", "LEGALFOUNDATIONDATE": "2024-09-01T00:00:00", "LEGISLATIONCODE": "NÖ LGBl. Nr. 47/2024", "LEGISLATIONTITLE": "Sektorales Raumordnungsprogramm über die Windkraftnutzung in Niederösterreich - Änderung", "LASTUPDATE": "2024-09-03T00:00:00" }, "geometry": { "type": "MultiPolygon", "coordinates": [ [ [ [ 15.63616661, 48.71298538 ], [ 15.63415686, 48.7117596 ], [ 15.63214043, 48.71370211 ], [ 15.63176037, 48.7150163 ], [ 15.6316231, 48.71621228 ], [ 15.6314261, 48.71736801 ], [ 15.63019976, 48.71883659 ], [ 15.62771851, 48.72004431 ], [ 15.62775411, 48.72012576 ], [ 15.62787261, 48.72042964 ], [ 15.62796421, 48.72073757 ], [ 15.62809791, 48.72126805 ], [ 15.62832586, 48.72128266 ], [ 15.62926663, 48.72136127 ], [ 15.62973529, 48.72140963 ], [ 15.63019891, 48.72147594 ], [ 15.63111954, 48.72162628 ], [ 15.63157654, 48.7217103 ], [ 15.63202538, 48.72181176 ], [ 15.63291342, 48.72203178 ], [ 15.63335261, 48.72215034 ], [ 15.63378065, 48.72228559 ], [ 15.63462409, 48.72257232 ], [ 15.6350395, 48.7227238 ], [ 15.63544091, 48.72289101 ], [ 15.63622836, 48.72324057 ], [ 15.63661441, 48.72342294 ], [ 15.63698378, 48.72361984 ], [ 15.63763817, 48.72398995 ], [ 15.63886214, 48.72297847 ], [ 15.64122628, 48.72206522 ], [ 15.64336013, 48.72144973 ], [ 15.64351303, 48.72019399 ], [ 15.6451531, 48.71930621 ], [ 15.64626035, 48.71769714 ], [ 15.64893856, 48.7169352 ], [ 15.64918702, 48.71529105 ], [ 15.64981146, 48.7146807 ], [ 15.64965999, 48.71470114 ], [ 15.64933521, 48.71473777 ], [ 15.64900881, 48.71476743 ], [ 15.64868113, 48.71479009 ], [ 15.64835252, 48.71480573 ], [ 15.64802331, 48.71481434 ], [ 15.64769386, 48.71481589 ], [ 15.64737889, 48.71481079 ], [ 15.64706432, 48.71479924 ], [ 15.64675043, 48.71478127 ], [ 15.64643754, 48.71475688 ], [ 15.64612593, 48.7147261 ], [ 15.64581591, 48.71468896 ], [ 15.64550778, 48.7146455 ], [ 15.64520182, 48.71459576 ], [ 15.64489833, 48.71453977 ], [ 15.6445976, 48.71447761 ], [ 15.64429993, 48.71440933 ], [ 15.64400558, 48.71433498 ], [ 15.64371485, 48.71425466 ], [ 15.6433973, 48.71418942 ], [ 15.64308315, 48.71411736 ], [ 15.64277271, 48.71403855 ], [ 15.64246632, 48.71395309 ], [ 15.64216431, 48.71386105 ], [ 15.641867, 48.71376255 ], [ 15.64157471, 48.71365768 ], [ 15.64128774, 48.71354655 ], [ 15.6410064, 48.71342929 ], [ 15.640731, 48.71330601 ], [ 15.64046182, 48.71317686 ], [ 15.64019915, 48.71304196 ], [ 15.63994327, 48.71290146 ], [ 15.63969445, 48.71275552 ], [ 15.63960956, 48.71270235 ], [ 15.6361739, 48.71298626 ], [ 15.63617117, 48.71298649 ], [ 15.63616841, 48.71298676 ], [ 15.63616702, 48.71298563 ], [ 15.63616661, 48.71298538 ] ] ], [ [ [ 15.59955316, 48.70851625 ], [ 15.59956884, 48.70856881 ], [ 15.59958111, 48.70863867 ], [ 15.59958428, 48.70865667 ], [ 15.59959411, 48.70865323 ], [ 15.59961047, 48.70867032 ], [ 15.59964523, 48.70870661 ], [ 15.59966531, 48.7087276 ], [ 15.59960235, 48.70876445 ], [ 15.59967272, 48.70899595 ], [ 15.60076349, 48.71258455 ], [ 15.60102347, 48.71250021 ], [ 15.6014552, 48.71237032 ], [ 15.60191078, 48.71225419 ], [ 15.60255566, 48.71212921 ], [ 15.60263349, 48.71210753 ], [ 15.60280204, 48.71206425 ], [ 15.60297913, 48.71201671 ], [ 15.60332081, 48.71189882 ], [ 15.60376321, 48.71178576 ], [ 15.60465716, 48.71157684 ], [ 15.60510872, 48.71148099 ], [ 15.6053836, 48.71143185 ], [ 15.60593578, 48.71133994 ], [ 15.6062131, 48.71129718 ], [ 15.60662836, 48.71123818 ], [ 15.60725903, 48.71114863 ], [ 15.60744438, 48.71112379 ], [ 15.60781595, 48.71107696 ], [ 15.60800217, 48.71105497 ], [ 15.60847202, 48.71101245 ], [ 15.60941466, 48.71094556 ], [ 15.60988745, 48.71092119 ], [ 15.61036158, 48.71091504 ], [ 15.61083552, 48.71092259 ], [ 15.61130951, 48.71092649 ], [ 15.61178346, 48.71093312 ], [ 15.61225442, 48.71096887 ], [ 15.61272487, 48.71100734 ], [ 15.61319601, 48.71104219 ], [ 15.61366456, 48.71109061 ], [ 15.61412806, 48.71115698 ], [ 15.61504845, 48.71130745 ], [ 15.61550533, 48.71139153 ], [ 15.61595405, 48.71149306 ], [ 15.61684184, 48.7117132 ], [ 15.6172809, 48.71183182 ], [ 15.6177088, 48.71196713 ], [ 15.61796182, 48.71205321 ], [ 15.61855198, 48.71225398 ], [ 15.61896726, 48.71240552 ], [ 15.61936853, 48.71257277 ], [ 15.62015571, 48.71292245 ], [ 15.62054162, 48.71310487 ], [ 15.62091085, 48.71330182 ], [ 15.62163139, 48.7137096 ], [ 15.6219827, 48.71392043 ], [ 15.62231489, 48.71414441 ], [ 15.62295904, 48.71460478 ], [ 15.623271, 48.71484117 ], [ 15.62352572, 48.71505683 ], [ 15.62375896, 48.71527256 ], [ 15.62384641, 48.71534138 ], [ 15.62401735, 48.71544416 ], [ 15.62441567, 48.7157413 ], [ 15.62470635, 48.71598929 ], [ 15.62493273, 48.71619448 ], [ 15.62517431, 48.71619597 ], [ 15.62587721, 48.71371803 ], [ 15.62692869, 48.71202432 ], [ 15.62756003, 48.71097408 ], [ 15.6290752, 48.70918119 ], [ 15.62948719, 48.7054433 ], [ 15.62952209, 48.70541892 ], [ 15.62948793, 48.70542218 ], [ 15.62794629, 48.70621742 ], [ 15.62710796, 48.70581523 ], [ 15.62696403, 48.70574693 ], [ 15.62690141, 48.70571614 ], [ 15.62639145, 48.70547148 ], [ 15.62613323, 48.70534759 ], [ 15.62553135, 48.70514824 ], [ 15.62500541, 48.70485806 ], [ 15.62482223, 48.7047186 ], [ 15.62466064, 48.70464106 ], [ 15.6230749, 48.7038802 ], [ 15.62307482, 48.70388021 ], [ 15.62307479, 48.70388018 ], [ 15.62300416, 48.70384462 ], [ 15.6021195, 48.70133753 ], [ 15.59785795, 48.70219373 ], [ 15.59748647, 48.70226836 ], [ 15.59752031, 48.70252338 ], [ 15.59754782, 48.70273071 ], [ 15.59765072, 48.70295417 ], [ 15.59769891, 48.70305881 ], [ 15.5978383, 48.70336151 ], [ 15.59785378, 48.70339618 ], [ 15.59812153, 48.70399577 ], [ 15.59817875, 48.70413345 ], [ 15.5983612, 48.70457192 ], [ 15.59842129, 48.7047017 ], [ 15.59848074, 48.70483006 ], [ 15.59850897, 48.70489102 ], [ 15.59870491, 48.70551164 ], [ 15.59877432, 48.70573147 ], [ 15.59878842, 48.70577615 ], [ 15.59894719, 48.70633059 ], [ 15.599063, 48.70673497 ], [ 15.59924926, 48.70749028 ], [ 15.59937143, 48.70790732 ], [ 15.59955316, 48.70851625 ] ] ] ] } },
{ "type": "Feature", "properties": { "ID": 52, "ZONE": "WA20", "AREA_HA": 350.050524, "COMMUNITIES": "Geras, Sigmundsherberg, Weitersfeld", "LEGALFOUNDATIONDATE": "2024-09-01T00:00:00", "LEGISLATIONCODE": "NÖ LGBl. Nr. 47/2024", "LEGISLATIONTITLE": "Sektorales Raumordnungsprogramm über die Windkraftnutzung in Niederösterreich - Änderung", "LASTUPDATE": "2024-09-03T00:00:00" }, "geometry": { "type": "Polygon", "coordinates": [ [ [ 15.71159714, 48.74828025 ], [ 15.71092656, 48.74773077 ], [ 15.71031176, 48.74715345 ], [ 15.70986927, 48.74668158 ], [ 15.70956724, 48.74634019 ], [ 15.70945337, 48.74620939 ], [ 15.70895782, 48.74558393 ], [ 15.70856665, 48.74500025 ], [ 15.70844183, 48.74483301 ], [ 15.70836114, 48.74472169 ], [ 15.7080884, 48.74433414 ], [ 15.7080279, 48.74424612 ], [ 15.7079093, 48.74406937 ], [ 15.70772794, 48.74377618 ], [ 15.70749416, 48.7433641 ], [ 15.70728599, 48.74294606 ], [ 15.70710378, 48.74252275 ], [ 15.7070192, 48.74230987 ], [ 15.70694783, 48.74209488 ], [ 15.7068184, 48.74166315 ], [ 15.70676034, 48.74144642 ], [ 15.7067157, 48.74122829 ], [ 15.70663991, 48.74079102 ], [ 15.70659115, 48.74035209 ], [ 15.7065695, 48.73991219 ], [ 15.70656546, 48.73969209 ], [ 15.70657499, 48.73947206 ], [ 15.70660762, 48.73903246 ], [ 15.70666734, 48.73859412 ], [ 15.70675403, 48.73815774 ], [ 15.70680411, 48.73794013 ], [ 15.70686756, 48.73772406 ], [ 15.70700774, 48.7372938 ], [ 15.70708745, 48.73707257 ], [ 15.70712211, 48.73692791 ], [ 15.70718556, 48.73671184 ], [ 15.70732573, 48.73628159 ], [ 15.70740245, 48.73606741 ], [ 15.70749231, 48.73585547 ], [ 15.70768503, 48.73543421 ], [ 15.70790356, 48.73501849 ], [ 15.70814754, 48.73460902 ], [ 15.70827584, 48.73440593 ], [ 15.70841657, 48.73420646 ], [ 15.70871019, 48.7338115 ], [ 15.7090279, 48.7334248 ], [ 15.70936919, 48.73304699 ], [ 15.70954567, 48.73286038 ], [ 15.70973349, 48.73267869 ], [ 15.7101202, 48.73232053 ], [ 15.71031907, 48.73214406 ], [ 15.71052866, 48.7319731 ], [ 15.7109582, 48.73163698 ], [ 15.71117815, 48.73147182 ], [ 15.7114081, 48.73131273 ], [ 15.71187761, 48.73100088 ], [ 15.71236595, 48.73070197 ], [ 15.71287231, 48.73041647 ], [ 15.71312989, 48.73027714 ], [ 15.71339585, 48.73014487 ], [ 15.71393569, 48.72988763 ], [ 15.71449093, 48.72964516 ], [ 15.71506066, 48.72941788 ], [ 15.71534903, 48.72930807 ], [ 15.71564393, 48.72920614 ], [ 15.71625002, 48.72900578 ], [ 15.7158596, 48.7288413 ], [ 15.71531042, 48.72859288 ], [ 15.71477701, 48.72832984 ], [ 15.71451436, 48.72819472 ], [ 15.71426026, 48.72805263 ], [ 15.71376104, 48.7277617 ], [ 15.71328019, 48.72745754 ], [ 15.71281849, 48.72714065 ], [ 15.71259253, 48.72697909 ], [ 15.71237672, 48.72681157 ], [ 15.71195561, 48.72647084 ], [ 15.71175031, 48.72629763 ], [ 15.71155585, 48.72611902 ], [ 15.71117814, 48.72575672 ], [ 15.71099487, 48.72557302 ], [ 15.71082307, 48.72538451 ], [ 15.71049126, 48.72500304 ], [ 15.71033124, 48.72481007 ], [ 15.71009814, 48.72448783 ], [ 15.70976845, 48.72410878 ], [ 15.70946045, 48.72371868 ], [ 15.70917676, 48.72332058 ], [ 15.70904105, 48.7231196 ], [ 15.70891784, 48.72291514 ], [ 15.70868414, 48.72250306 ], [ 15.70847605, 48.72208502 ], [ 15.7082939, 48.72166171 ], [ 15.70827282, 48.72160862 ], [ 15.70779728, 48.72133141 ], [ 15.70731652, 48.72102723 ], [ 15.70685492, 48.72071032 ], [ 15.706629, 48.72054875 ], [ 15.70641324, 48.72038122 ], [ 15.70599222, 48.72004047 ], [ 15.70578697, 48.71986725 ], [ 15.70559256, 48.71968863 ], [ 15.70521494, 48.7193263 ], [ 15.70503172, 48.71914259 ], [ 15.70485996, 48.71895408 ], [ 15.70452824, 48.71857259 ], [ 15.70422032, 48.71818247 ], [ 15.70393669, 48.71778436 ], [ 15.70380101, 48.71758338 ], [ 15.70367784, 48.71737891 ], [ 15.70348266, 48.71703463 ], [ 15.70125927, 48.71694887 ], [ 15.70053322, 48.71692085 ], [ 15.69926262, 48.71687181 ], [ 15.6991756, 48.71694214 ], [ 15.6990703, 48.71706078 ], [ 15.69897784, 48.71723689 ], [ 15.69859103, 48.71808568 ], [ 15.69841815, 48.71849563 ], [ 15.69835555, 48.71871167 ], [ 15.69834894, 48.71876961 ], [ 15.69834234, 48.71882755 ], [ 15.69834063, 48.71884273 ], [ 15.69832754, 48.71910436 ], [ 15.69844351, 48.71951744 ], [ 15.69852088, 48.71968435 ], [ 15.69860539, 48.71989724 ], [ 15.6987612, 48.72032513 ], [ 15.69889051, 48.72075686 ], [ 15.6989931, 48.72119173 ], [ 15.69906879, 48.721629 ], [ 15.69911747, 48.72206795 ], [ 15.69913505, 48.72228775 ], [ 15.69913905, 48.72250785 ], [ 15.6991335, 48.72294797 ], [ 15.69912393, 48.72316799 ], [ 15.69910081, 48.72338757 ], [ 15.69904105, 48.72382592 ], [ 15.69895432, 48.72426229 ], [ 15.69884075, 48.72469596 ], [ 15.69870054, 48.72512621 ], [ 15.69853392, 48.72555231 ], [ 15.69844403, 48.72576423 ], [ 15.69834116, 48.72597356 ], [ 15.69812259, 48.72638926 ], [ 15.69787857, 48.72679871 ], [ 15.6976095, 48.72720124 ], [ 15.69731584, 48.72759617 ], [ 15.69699807, 48.72798285 ], [ 15.69665672, 48.72836062 ], [ 15.69629236, 48.72872887 ], [ 15.69610449, 48.72891055 ], [ 15.69590557, 48.72908699 ], [ 15.69549704, 48.72943437 ], [ 15.69506742, 48.72977043 ], [ 15.69461743, 48.73009462 ], [ 15.69438744, 48.73025367 ], [ 15.69414782, 48.73040639 ], [ 15.69365937, 48.73070524 ], [ 15.69315292, 48.73099063 ], [ 15.69262927, 48.73126214 ], [ 15.69236324, 48.73139436 ], [ 15.69208929, 48.73151929 ], [ 15.69153391, 48.73176165 ], [ 15.69125249, 48.73187908 ], [ 15.69096405, 48.73198882 ], [ 15.69095838, 48.73199088 ], [ 15.69084512, 48.73212227 ], [ 15.69067091, 48.73230987 ], [ 15.69048754, 48.7324936 ], [ 15.69029519, 48.73267327 ], [ 15.69009408, 48.7328487 ], [ 15.68988442, 48.73301969 ], [ 15.68966644, 48.73318606 ], [ 15.68944036, 48.73334763 ], [ 15.68920642, 48.73350424 ], [ 15.68896488, 48.73365571 ], [ 15.68893809, 48.73367145 ], [ 15.68891136, 48.73368731 ], [ 15.6890089, 48.73389775 ], [ 15.68909339, 48.73411065 ], [ 15.68924916, 48.73453855 ], [ 15.68937842, 48.73497029 ], [ 15.68948096, 48.73540516 ], [ 15.68952552, 48.73562329 ], [ 15.68955659, 48.73584244 ], [ 15.68957499, 48.7360086 ], [ 15.68960389, 48.73613114 ], [ 15.68963496, 48.73635028 ], [ 15.68968357, 48.73678924 ], [ 15.68970111, 48.73700904 ], [ 15.68970507, 48.73722914 ], [ 15.68969943, 48.73766925 ], [ 15.68968982, 48.73788927 ], [ 15.68968781, 48.73790833 ], [ 15.69010058, 48.73824682 ], [ 15.69071504, 48.73882424 ], [ 15.69072439, 48.73883368 ], [ 15.69186864, 48.73999001 ], [ 15.69241537, 48.74058332 ], [ 15.69291067, 48.74120885 ], [ 15.69334307, 48.74185445 ], [ 15.6937107, 48.74251738 ], [ 15.69401201, 48.74319479 ], [ 15.69424568, 48.74388378 ], [ 15.69441072, 48.74458141 ], [ 15.69450643, 48.74528467 ], [ 15.69453238, 48.74599058 ], [ 15.69448846, 48.74669609 ], [ 15.69444852, 48.74694294 ], [ 15.69464429, 48.74690684 ], [ 15.69568613, 48.74675229 ], [ 15.69674102, 48.74664312 ], [ 15.69780444, 48.7465798 ], [ 15.69887185, 48.7465626 ], [ 15.69993868, 48.7465916 ], [ 15.70100035, 48.74666667 ], [ 15.70205233, 48.74678749 ], [ 15.70309012, 48.74695354 ], [ 15.70410928, 48.74716411 ], [ 15.70510543, 48.74741831 ], [ 15.70607432, 48.74771503 ], [ 15.70637505, 48.74782345 ], [ 15.70653271, 48.7478209 ], [ 15.70759956, 48.74784983 ], [ 15.70866128, 48.74792483 ], [ 15.7097133, 48.74804558 ], [ 15.71075114, 48.74821156 ], [ 15.71177036, 48.74842207 ], [ 15.71180816, 48.74843171 ], [ 15.71159714, 48.74828025 ] ] ] } },
{ "type": "Feature", "properties": { "ID": 48, "ZONE": "WA22", "AREA_HA": 261.104886, "COMMUNITIES": "Meiseldorf, Sigmundsherberg", "LEGALFOUNDATIONDATE": "2024-09-01T00:00:00", "LEGISLATIONCODE": "NÖ LGBl. Nr. 47/2024", "LEGISLATIONTITLE": "Sektorales Raumordnungsprogramm über die Windkraftnutzung in Niederösterreich - Änderung", "LASTUPDATE": "2024-09-03T00:00:00" }, "geometry": { "type": "Polygon", "coordinates": [ [ [ 15.77650502, 48.70705657 ], [ 15.77719149, 48.70684171 ], [ 15.77792936, 48.70706895 ], [ 15.77810077, 48.70710334 ], [ 15.77841754, 48.70717794 ], [ 15.77878642, 48.70722412 ], [ 15.77891892, 48.70731169 ], [ 15.77909084, 48.70728165 ], [ 15.77941495, 48.70723244 ], [ 15.77974131, 48.70719025 ], [ 15.78006958, 48.70715513 ], [ 15.78039941, 48.70712712 ], [ 15.78073044, 48.70710624 ], [ 15.78106232, 48.70709253 ], [ 15.78139471, 48.70708599 ], [ 15.78171646, 48.7070866 ], [ 15.78195215, 48.7066983 ], [ 15.78201703, 48.70655608 ], [ 15.78207137, 48.7065067 ], [ 15.7823908, 48.70629619 ], [ 15.78256601, 48.70625487 ], [ 15.78257692, 48.70622614 ], [ 15.78257313, 48.706215 ], [ 15.78255068, 48.70614895 ], [ 15.78281801, 48.70578249 ], [ 15.78278502, 48.70553932 ], [ 15.78311922, 48.7054724 ], [ 15.78330003, 48.70531552 ], [ 15.78337818, 48.70523323 ], [ 15.78334111, 48.70521144 ], [ 15.78289, 48.70492509 ], [ 15.78242806, 48.70460848 ], [ 15.78220197, 48.70444706 ], [ 15.78198603, 48.70427967 ], [ 15.78156463, 48.70393919 ], [ 15.78135918, 48.7037661 ], [ 15.78116457, 48.70358761 ], [ 15.78078652, 48.70322553 ], [ 15.78060308, 48.70304193 ], [ 15.7804311, 48.70285354 ], [ 15.7800989, 48.70247226 ], [ 15.77993869, 48.70227938 ], [ 15.7798284, 48.70212808 ], [ 15.7797469, 48.70204118 ], [ 15.77941472, 48.7016599 ], [ 15.77910632, 48.70126999 ], [ 15.7788222, 48.70087205 ], [ 15.77868627, 48.70067116 ], [ 15.77856283, 48.70046677 ], [ 15.77832867, 48.70005483 ], [ 15.77812009, 48.69963692 ], [ 15.77793743, 48.69921371 ], [ 15.77782652, 48.69892723 ], [ 15.77777588, 48.69877972 ], [ 15.77775135, 48.69870586 ], [ 15.77773047, 48.69864083 ], [ 15.77768795, 48.69849912 ], [ 15.77760866, 48.69821498 ], [ 15.77752697, 48.69785444 ], [ 15.77745063, 48.69741722 ], [ 15.77740129, 48.69697831 ], [ 15.77737904, 48.69653842 ], [ 15.77737469, 48.69631832 ], [ 15.77738391, 48.69609828 ], [ 15.77741589, 48.69565866 ], [ 15.77747494, 48.69522027 ], [ 15.77756094, 48.69478383 ], [ 15.77761067, 48.69456619 ], [ 15.77767481, 48.69434684 ], [ 15.77772493, 48.69419265 ], [ 15.77748807, 48.69414989 ], [ 15.7765588, 48.69383931 ], [ 15.77653175, 48.69383028 ], [ 15.7764975, 48.69382514 ], [ 15.77622529, 48.69379676 ], [ 15.77567462, 48.69374527 ], [ 15.77514788, 48.69371438 ], [ 15.77500107, 48.6937031 ], [ 15.77457004, 48.69366208 ], [ 15.77439422, 48.69364142 ], [ 15.77430752, 48.69362729 ], [ 15.77422082, 48.69361316 ], [ 15.7740506, 48.69357742 ], [ 15.77341459, 48.69342846 ], [ 15.77333768, 48.69340958 ], [ 15.77308415, 48.69334444 ], [ 15.77282678, 48.69330079 ], [ 15.77149172, 48.69317174 ], [ 15.77119876, 48.69340453 ], [ 15.77046388, 48.69391631 ], [ 15.76968, 48.69439518 ], [ 15.76885048, 48.69483907 ], [ 15.76797886, 48.69524608 ], [ 15.76749166, 48.69545005 ], [ 15.76639973, 48.69588949 ], [ 15.76615648, 48.6959841 ], [ 15.76527751, 48.69633561 ], [ 15.7648932, 48.6964846 ], [ 15.76394873, 48.69681278 ], [ 15.76297386, 48.69709937 ], [ 15.76197274, 48.69734312 ], [ 15.76094968, 48.697543 ], [ 15.75990905, 48.69769815 ], [ 15.75885531, 48.6978079 ], [ 15.7587738, 48.69781281 ], [ 15.75849653, 48.69799359 ], [ 15.75842584, 48.69803657 ], [ 15.75828373, 48.69812194 ], [ 15.75821231, 48.69816434 ], [ 15.75810407, 48.69822784 ], [ 15.7578153, 48.6983895 ], [ 15.75722674, 48.69870377 ], [ 15.75692694, 48.69885638 ], [ 15.75685909, 48.69888732 ], [ 15.75721528, 48.69930296 ], [ 15.75743713, 48.69958032 ], [ 15.75761308, 48.69983291 ], [ 15.75776236, 48.7000626 ], [ 15.75783101, 48.7001679 ], [ 15.75787873, 48.70024264 ], [ 15.75803424, 48.70049152 ], [ 15.75818963, 48.70074421 ], [ 15.7583199, 48.7009706 ], [ 15.75846563, 48.70126925 ], [ 15.7587306, 48.70187166 ], [ 15.75884984, 48.70217541 ], [ 15.75894221, 48.70248324 ], [ 15.75909974, 48.70310194 ], [ 15.75916491, 48.7034128 ], [ 15.7592111, 48.70387901 ], [ 15.75922355, 48.70425053 ], [ 15.75926189, 48.70441228 ], [ 15.75927903, 48.70451064 ], [ 15.75931772, 48.70469519 ], [ 15.75933243, 48.70481703 ], [ 15.75933809, 48.70484951 ], [ 15.75938728, 48.70528844 ], [ 15.75940511, 48.70550824 ], [ 15.75940937, 48.70572833 ], [ 15.75940435, 48.70616846 ], [ 15.75939505, 48.70638848 ], [ 15.7593722, 48.70660808 ], [ 15.75931298, 48.70704647 ], [ 15.7592268, 48.70748289 ], [ 15.7591184, 48.70789891 ], [ 15.75911584, 48.70812323 ], [ 15.75910654, 48.70834326 ], [ 15.75908369, 48.70856285 ], [ 15.75902447, 48.70900124 ], [ 15.75893828, 48.70943766 ], [ 15.75882526, 48.70987139 ], [ 15.7586856, 48.71030171 ], [ 15.75851954, 48.7107279 ], [ 15.75842993, 48.71093988 ], [ 15.75832734, 48.71114926 ], [ 15.75810932, 48.71156508 ], [ 15.75786586, 48.71197466 ], [ 15.75780181, 48.71207071 ], [ 15.75833685, 48.71218553 ], [ 15.75896061, 48.71233826 ], [ 15.75927014, 48.71241883 ], [ 15.75957443, 48.71250769 ], [ 15.76017731, 48.71269355 ], [ 15.76076823, 48.71289552 ], [ 15.76134622, 48.71311327 ], [ 15.76163187, 48.71322605 ], [ 15.76191032, 48.71334645 ], [ 15.76245958, 48.71359465 ], [ 15.76273038, 48.71372246 ], [ 15.76299309, 48.71385747 ], [ 15.76350996, 48.71413447 ], [ 15.76400931, 48.71442517 ], [ 15.76449035, 48.71472912 ], [ 15.7647262, 48.71488435 ], [ 15.76495227, 48.71504581 ], [ 15.76520442, 48.71523342 ], [ 15.76521368, 48.71510639 ], [ 15.76524044, 48.71488755 ], [ 15.76527794, 48.71466941 ], [ 15.76532616, 48.71445219 ], [ 15.76538504, 48.71423613 ], [ 15.76545451, 48.71402145 ], [ 15.7655345, 48.71380838 ], [ 15.76562493, 48.71359714 ], [ 15.7657257, 48.71338797 ], [ 15.7658367, 48.71318107 ], [ 15.76595782, 48.71297668 ], [ 15.76608893, 48.712775 ], [ 15.76622989, 48.71257626 ], [ 15.76638055, 48.71238065 ], [ 15.76640804, 48.71234766 ], [ 15.76652817, 48.71217829 ], [ 15.76667882, 48.71198268 ], [ 15.76683902, 48.71179043 ], [ 15.76700858, 48.71160172 ], [ 15.76718734, 48.71141677 ], [ 15.76737509, 48.71123577 ], [ 15.76757165, 48.7110589 ], [ 15.7677768, 48.71088637 ], [ 15.76799033, 48.71071834 ], [ 15.76821201, 48.710555 ], [ 15.7684416, 48.71039653 ], [ 15.76867886, 48.71024308 ], [ 15.76892354, 48.71009483 ], [ 15.76917539, 48.70995192 ], [ 15.76943412, 48.70981451 ], [ 15.76969948, 48.70968275 ], [ 15.76997117, 48.70955678 ], [ 15.77024892, 48.70943672 ], [ 15.77053242, 48.70932271 ], [ 15.77082138, 48.70921487 ], [ 15.77111548, 48.70911331 ], [ 15.77141443, 48.70901813 ], [ 15.77171789, 48.70892945 ], [ 15.77202556, 48.70884735 ], [ 15.7723371, 48.70877192 ], [ 15.77265218, 48.70870324 ], [ 15.77297048, 48.70864138 ], [ 15.77329164, 48.70858641 ], [ 15.77361534, 48.70853839 ], [ 15.77394123, 48.70849737 ], [ 15.77426896, 48.70846339 ], [ 15.7745982, 48.70843648 ], [ 15.77492858, 48.70841668 ], [ 15.77525975, 48.70840401 ], [ 15.77548647, 48.70840023 ], [ 15.77549934, 48.70839376 ], [ 15.77577055, 48.70826641 ], [ 15.77604789, 48.70814498 ], [ 15.77633107, 48.7080296 ], [ 15.77643556, 48.70799008 ], [ 15.7763823, 48.7077332 ], [ 15.77625353, 48.70743574 ], [ 15.7762963, 48.70720654 ], [ 15.77637789, 48.70708977 ], [ 15.77650502, 48.70705657 ] ] ] } },
{ "type": "Feature", "properties": { "ID": 46, "ZONE": "WE01", "AREA_HA": 333.975831, "COMMUNITIES": "Wullersdorf", "LEGALFOUNDATIONDATE": "2024-09-01T00:00:00", "LEGISLATIONCODE": "NÖ LGBl. Nr. 47/2024", "LEGISLATIONTITLE": "Sektorales Raumordnungsprogramm über die Windkraftnutzung in Niederösterreich - Änderung", "LASTUPDATE": "2024-09-03T00:00:00" }, "geometry": { "type": "Polygon", "coordinates": [ [ [ 16.07942297, 48.67444768 ], [ 16.07942306, 48.67444769 ], [ 16.07942433, 48.67444788 ], [ 16.0805354, 48.67460624 ], [ 16.08413093, 48.67428959 ], [ 16.08414881, 48.67428122 ], [ 16.08442562, 48.67416041 ], [ 16.08470821, 48.67404562 ], [ 16.0849963, 48.67393699 ], [ 16.08528957, 48.67383462 ], [ 16.08558772, 48.67373863 ], [ 16.08589042, 48.67364912 ], [ 16.08619736, 48.67356618 ], [ 16.08650822, 48.6734899 ], [ 16.08682266, 48.67342036 ], [ 16.08714035, 48.67335763 ], [ 16.08746095, 48.67330179 ], [ 16.08778413, 48.67325288 ], [ 16.08784691, 48.67324479 ], [ 16.08810954, 48.67321097 ], [ 16.08843683, 48.67317609 ], [ 16.08876567, 48.67314829 ], [ 16.0890957, 48.67312759 ], [ 16.08942657, 48.67311401 ], [ 16.08975793, 48.67310757 ], [ 16.09008943, 48.67310828 ], [ 16.09016664, 48.67311011 ], [ 16.09046154, 48.67294842 ], [ 16.09108127, 48.67315323 ], [ 16.09333535, 48.67350448 ], [ 16.09541138, 48.67418388 ], [ 16.09861979, 48.67387606 ], [ 16.09954078, 48.67386351 ], [ 16.09943604, 48.67122064 ], [ 16.10232007, 48.67091376 ], [ 16.10459966, 48.67028776 ], [ 16.10614457, 48.66942533 ], [ 16.10723191, 48.66915801 ], [ 16.10642461, 48.66774009 ], [ 16.10805818, 48.66713606 ], [ 16.10745041, 48.66587619 ], [ 16.10901478, 48.66536306 ], [ 16.11003432, 48.66524619 ], [ 16.11120584, 48.66510686 ], [ 16.11156728, 48.66759285 ], [ 16.11260068, 48.66857251 ], [ 16.11949171, 48.66835018 ], [ 16.11970611, 48.66940579 ], [ 16.12036271, 48.67024079 ], [ 16.12230243, 48.66986082 ], [ 16.12352604, 48.66925553 ], [ 16.12518921, 48.66904614 ], [ 16.12739465, 48.66923057 ], [ 16.11858473, 48.65914991 ], [ 16.11841434, 48.65895489 ], [ 16.11816936, 48.6588101 ], [ 16.11793156, 48.65866015 ], [ 16.11782815, 48.65859059 ], [ 16.11755929, 48.65840338 ], [ 16.11747847, 48.6583454 ], [ 16.11726366, 48.65818092 ], [ 16.11705696, 48.65801195 ], [ 16.11685859, 48.65783865 ], [ 16.11666876, 48.6576612 ], [ 16.11648767, 48.65747978 ], [ 16.11631551, 48.6572946 ], [ 16.11615244, 48.65710583 ], [ 16.11599865, 48.65691367 ], [ 16.1158586, 48.65672416 ], [ 16.11585679, 48.65672475 ], [ 16.11353281, 48.65833866 ], [ 16.11217103, 48.65875313 ], [ 16.1094468, 48.65971549 ], [ 16.10720182, 48.66049521 ], [ 16.10555954, 48.66164315 ], [ 16.10409494, 48.66247443 ], [ 16.09924114, 48.66355697 ], [ 16.09550839, 48.66416885 ], [ 16.09271482, 48.66462668 ], [ 16.08893356, 48.66461001 ], [ 16.08606666, 48.66484111 ], [ 16.08592071, 48.66485509 ], [ 16.08587154, 48.6652238 ], [ 16.08398516, 48.66509632 ], [ 16.08398457, 48.66504058 ], [ 16.08371222, 48.66506667 ], [ 16.07893623, 48.66500338 ], [ 16.07407792, 48.66546701 ], [ 16.07137025, 48.66567174 ], [ 16.07019968, 48.66591966 ], [ 16.07020046, 48.66592193 ], [ 16.07082875, 48.66788084 ], [ 16.0708328, 48.66788054 ], [ 16.07111825, 48.6678514 ], [ 16.07162709, 48.66779951 ], [ 16.07166852, 48.66779529 ], [ 16.07206172, 48.66776418 ], [ 16.07220827, 48.66775229 ], [ 16.07249403, 48.66772902 ], [ 16.07311514, 48.66767855 ], [ 16.07342712, 48.66765319 ], [ 16.07358915, 48.66763998 ], [ 16.07359389, 48.66767374 ], [ 16.0782427, 48.66732541 ], [ 16.07851973, 48.66730464 ], [ 16.07910878, 48.66722744 ], [ 16.07916927, 48.66725596 ], [ 16.0791693, 48.66725599 ], [ 16.07964682, 48.6695781 ], [ 16.07965239, 48.66960482 ], [ 16.07965967, 48.66964044 ], [ 16.07966289, 48.66967633 ], [ 16.0796661, 48.66971222 ], [ 16.07966886, 48.66974359 ], [ 16.07974911, 48.67014316 ], [ 16.08028827, 48.67282759 ], [ 16.0794235, 48.67444666 ], [ 16.07942298, 48.67444763 ], [ 16.07942297, 48.67444768 ] ] ] } },
{ "type": "Feature", "properties": { "ID": 41, "ZONE": "WE03", "AREA_HA": 73.319686, "COMMUNITIES": "Hollabrunn", "LEGALFOUNDATIONDATE": "2024-09-01T00:00:00", "LEGISLATIONCODE": "NÖ LGBl. Nr. 47/2024", "LEGISLATIONTITLE": "Sektorales Raumordnungsprogramm über die Windkraftnutzung in Niederösterreich - Änderung", "LASTUPDATE": "2024-09-03T00:00:00" }, "geometry": { "type": "Polygon", "coordinates": [ [ [ 16.20990741, 48.5977699 ], [ 16.21847834, 48.59687837 ], [ 16.21834917, 48.59646099 ], [ 16.21828909, 48.5962445 ], [ 16.21824237, 48.59602657 ], [ 16.21816237, 48.59558963 ], [ 16.2181093, 48.5951509 ], [ 16.21808326, 48.59471108 ], [ 16.218077, 48.59449099 ], [ 16.21808428, 48.59427092 ], [ 16.21811237, 48.59383116 ], [ 16.21816748, 48.59339254 ], [ 16.2182495, 48.59295576 ], [ 16.21829724, 48.59273792 ], [ 16.21835832, 48.59252156 ], [ 16.21849374, 48.59209068 ], [ 16.21856808, 48.59187615 ], [ 16.21863282, 48.59171896 ], [ 16.21847988, 48.59145399 ], [ 16.21826811, 48.59103686 ], [ 16.21808217, 48.59061435 ], [ 16.21799569, 48.59040183 ], [ 16.21792235, 48.59018715 ], [ 16.21778895, 48.58975599 ], [ 16.21777204, 48.58969506 ], [ 16.21374015, 48.588695 ], [ 16.21361419, 48.58883786 ], [ 16.21336846, 48.58909371 ], [ 16.21332081, 48.58914273 ], [ 16.21327572, 48.58918858 ], [ 16.21324364, 48.58922094 ], [ 16.2131753, 48.58928934 ], [ 16.21297911, 48.58947696 ], [ 16.21293072, 48.58952121 ], [ 16.21280049, 48.589637 ], [ 16.21244675, 48.58994288 ], [ 16.21224036, 48.59011403 ], [ 16.2121879, 48.59015577 ], [ 16.2119693, 48.59032261 ], [ 16.21157866, 48.59060869 ], [ 16.21135274, 48.59076756 ], [ 16.21129603, 48.59080586 ], [ 16.21105681, 48.59096089 ], [ 16.21063139, 48.59122546 ], [ 16.21050464, 48.59130264 ], [ 16.21044563, 48.59133781 ], [ 16.21017611, 48.59149153 ], [ 16.20966347, 48.59177123 ], [ 16.20929367, 48.59196143 ], [ 16.20902175, 48.59208759 ], [ 16.20847038, 48.59233245 ], [ 16.20808993, 48.59249029 ], [ 16.20790441, 48.59256219 ], [ 16.20732478, 48.59277641 ], [ 16.20686432, 48.59293406 ], [ 16.20652775, 48.59304042 ], [ 16.20635854, 48.59309232 ], [ 16.20625828, 48.59312215 ], [ 16.20612504, 48.59316086 ], [ 16.20585758, 48.59323666 ], [ 16.20541343, 48.59335244 ], [ 16.20478901, 48.59350133 ], [ 16.20415597, 48.5936332 ], [ 16.20351533, 48.59374783 ], [ 16.20286818, 48.59384503 ], [ 16.20221558, 48.59392463 ], [ 16.20188805, 48.59396002 ], [ 16.20155861, 48.59398651 ], [ 16.2008984, 48.59403055 ], [ 16.20023605, 48.59405669 ], [ 16.19957263, 48.59406489 ], [ 16.19914207, 48.59406264 ], [ 16.19894162, 48.59406257 ], [ 16.19907585, 48.59410879 ], [ 16.19966715, 48.59430852 ], [ 16.20024568, 48.59452407 ], [ 16.20053163, 48.59463577 ], [ 16.20081048, 48.5947551 ], [ 16.20136061, 48.59500121 ], [ 16.20175166, 48.59518756 ], [ 16.20187195, 48.59524854 ], [ 16.20200496, 48.59531224 ], [ 16.20214649, 48.59537738 ], [ 16.20259255, 48.59559801 ], [ 16.20311062, 48.59587304 ], [ 16.20361133, 48.59616185 ], [ 16.2040939, 48.59646397 ], [ 16.20421187, 48.59654091 ], [ 16.2042562, 48.59648565 ], [ 16.2049928, 48.59578956 ], [ 16.20499917, 48.59579185 ], [ 16.20505023, 48.59581013 ], [ 16.20507596, 48.59581942 ], [ 16.20509953, 48.5958279 ], [ 16.20606609, 48.59617475 ], [ 16.206318, 48.59626515 ], [ 16.2069739, 48.59647281 ], [ 16.20705762, 48.59649925 ], [ 16.20711208, 48.59646334 ], [ 16.20717111, 48.59642441 ], [ 16.20728417, 48.59634982 ], [ 16.20729649, 48.5963417 ], [ 16.20747491, 48.59631768 ], [ 16.20766225, 48.59629247 ], [ 16.20769167, 48.59628851 ], [ 16.20780804, 48.59627285 ], [ 16.2078481, 48.59626795 ], [ 16.20797295, 48.59625271 ], [ 16.20798836, 48.59625145 ], [ 16.20814779, 48.59623845 ], [ 16.20822143, 48.59623244 ], [ 16.20835272, 48.59622174 ], [ 16.20844185, 48.59621447 ], [ 16.20847862, 48.59621308 ], [ 16.20853459, 48.59621098 ], [ 16.20857187, 48.59620958 ], [ 16.20893617, 48.59619585 ], [ 16.20904967, 48.59619158 ], [ 16.20925137, 48.59669152 ], [ 16.20951392, 48.59703667 ], [ 16.2100917, 48.59688551 ], [ 16.21009133, 48.59692706 ], [ 16.21008297, 48.59696331 ], [ 16.20998484, 48.59738862 ], [ 16.20992171, 48.5976988 ], [ 16.20990741, 48.5977699 ] ] ] } },
{ "type": "Feature", "properties": { "ID": 44, "ZONE": "WE05", "AREA_HA": 103.45248, "COMMUNITIES": "Gnadendorf, Stronsdorf", "LEGALFOUNDATIONDATE": "2024-09-01T00:00:00", "LEGISLATIONCODE": "NÖ LGBl. Nr. 47/2024", "LEGISLATIONTITLE": "Sektorales Raumordnungsprogramm über die Windkraftnutzung in Niederösterreich - Änderung", "LASTUPDATE": "2024-09-03T00:00:00" }, "geometry": { "type": "MultiPolygon", "coordinates": [ [ [ [ 16.34479713, 48.63543518 ], [ 16.34418475, 48.6345135 ], [ 16.34349019, 48.63400884 ], [ 16.34316225, 48.63377055 ], [ 16.34371056, 48.63332118 ], [ 16.34382842, 48.63333269 ], [ 16.34386232, 48.6331978 ], [ 16.34430321, 48.63295132 ], [ 16.3443549, 48.63278215 ], [ 16.34420056, 48.63265879 ], [ 16.34455838, 48.63264752 ], [ 16.34454141, 48.63254692 ], [ 16.34406569, 48.6323435 ], [ 16.34415211, 48.63193939 ], [ 16.34426911, 48.63182754 ], [ 16.34415206, 48.63162409 ], [ 16.3442512, 48.63120846 ], [ 16.3446717, 48.631197 ], [ 16.3444082, 48.63106349 ], [ 16.34415282, 48.63092278 ], [ 16.34380267, 48.63072171 ], [ 16.34286792, 48.63013059 ], [ 16.34270247, 48.63001868 ], [ 16.34269443, 48.63001302 ], [ 16.34245437, 48.63025368 ], [ 16.34211523, 48.63042287 ], [ 16.34159129, 48.63088208 ], [ 16.34045464, 48.63159128 ], [ 16.33721795, 48.63480957 ], [ 16.33753942, 48.63480087 ], [ 16.33787153, 48.63480086 ], [ 16.33853547, 48.63480983 ], [ 16.33919828, 48.63483673 ], [ 16.33985891, 48.63488153 ], [ 16.34018855, 48.63490839 ], [ 16.34051626, 48.63494415 ], [ 16.34116918, 48.63502448 ], [ 16.34128356, 48.63504178 ], [ 16.34179172, 48.63511862 ], [ 16.34181661, 48.63512239 ], [ 16.34245749, 48.63523772 ], [ 16.34309073, 48.63537027 ], [ 16.3437153, 48.63551984 ], [ 16.34402529, 48.63559884 ], [ 16.34433015, 48.63568616 ], [ 16.34491423, 48.63586289 ], [ 16.34491421, 48.63573783 ], [ 16.34479713, 48.63543518 ] ] ], [ [ [ 16.35432432, 48.63829644 ], [ 16.35424448, 48.63792225 ], [ 16.35411512, 48.63763716 ], [ 16.35385681, 48.63727978 ], [ 16.3535351, 48.6369785 ], [ 16.35319735, 48.63674637 ], [ 16.35332585, 48.63653936 ], [ 16.3533094, 48.63631015 ], [ 16.35512482, 48.63596253 ], [ 16.35580396, 48.63571596 ], [ 16.3565483, 48.63527716 ], [ 16.35671708, 48.63535469 ], [ 16.35672197, 48.63537361 ], [ 16.35709296, 48.63509385 ], [ 16.35713327, 48.6351094 ], [ 16.35746084, 48.63523587 ], [ 16.35751539, 48.6352569 ], [ 16.35753195, 48.63526316 ], [ 16.35767931, 48.63531892 ], [ 16.35772355, 48.63533626 ], [ 16.35816353, 48.63550873 ], [ 16.35818947, 48.63551889 ], [ 16.35829864, 48.63556169 ], [ 16.35875341, 48.6352233 ], [ 16.35915419, 48.63491379 ], [ 16.35931321, 48.63482692 ], [ 16.35981274, 48.63455404 ], [ 16.3599472, 48.63448059 ], [ 16.36011113, 48.63439104 ], [ 16.36039542, 48.6342194 ], [ 16.36042961, 48.63419585 ], [ 16.36047245, 48.63416633 ], [ 16.36061541, 48.63408716 ], [ 16.36077159, 48.63400285 ], [ 16.36095948, 48.63390142 ], [ 16.36108337, 48.63383454 ], [ 16.3612043, 48.63376926 ], [ 16.36142066, 48.63365246 ], [ 16.36158144, 48.63356567 ], [ 16.36177737, 48.63345989 ], [ 16.36168954, 48.63347572 ], [ 16.36104219, 48.6335738 ], [ 16.36038933, 48.6336543 ], [ 16.36006165, 48.63369014 ], [ 16.35973204, 48.63371708 ], [ 16.35907145, 48.63376203 ], [ 16.35840867, 48.63378908 ], [ 16.35774475, 48.63379819 ], [ 16.35741263, 48.63379825 ], [ 16.3570808, 48.63378933 ], [ 16.35641797, 48.63376253 ], [ 16.35583747, 48.63372518 ], [ 16.35558935, 48.63370323 ], [ 16.35537266, 48.63368361 ], [ 16.35511255, 48.63366775 ], [ 16.35490749, 48.63365122 ], [ 16.35465604, 48.63362831 ], [ 16.35415436, 48.63357732 ], [ 16.35357892, 48.63350468 ], [ 16.35293148, 48.63340684 ], [ 16.35260926, 48.63335354 ], [ 16.35244986, 48.63332229 ], [ 16.35191461, 48.63327135 ], [ 16.35126171, 48.63319109 ], [ 16.35103998, 48.63315757 ], [ 16.35098586, 48.63326567 ], [ 16.3513573, 48.6334005 ], [ 16.35156086, 48.63358089 ], [ 16.35174756, 48.63407433 ], [ 16.35163061, 48.63429803 ], [ 16.35124057, 48.63435513 ], [ 16.35115487, 48.63418625 ], [ 16.35088269, 48.63420905 ], [ 16.35095143, 48.63441221 ], [ 16.35030706, 48.63468207 ], [ 16.35012055, 48.63482822 ], [ 16.34966267, 48.63490584 ], [ 16.34930723, 48.63437841 ], [ 16.34876286, 48.63444564 ], [ 16.34945941, 48.63587199 ], [ 16.34884975, 48.63602971 ], [ 16.34910529, 48.63717623 ], [ 16.34911953, 48.63779245 ], [ 16.34926427, 48.63788265 ], [ 16.34950155, 48.63803668 ], [ 16.34954323, 48.63806604 ], [ 16.34969887, 48.63802907 ], [ 16.34979503, 48.63824534 ], [ 16.35017429, 48.63852363 ], [ 16.35059897, 48.63886203 ], [ 16.35100247, 48.63921163 ], [ 16.35132761, 48.63951439 ], [ 16.35157977, 48.63976719 ], [ 16.35170316, 48.63989475 ], [ 16.35190209, 48.64010689 ], [ 16.35195291, 48.64016182 ], [ 16.35205357, 48.64027209 ], [ 16.35210341, 48.64032743 ], [ 16.35223184, 48.64047198 ], [ 16.35225236, 48.64049506 ], [ 16.35235434, 48.6404648 ], [ 16.35263895, 48.64036694 ], [ 16.35305314, 48.64018034 ], [ 16.35346741, 48.63992065 ], [ 16.35367751, 48.63974731 ], [ 16.35396063, 48.63944096 ], [ 16.35413962, 48.63916503 ], [ 16.35428192, 48.63879907 ], [ 16.35432432, 48.63829644 ] ] ], [ [ [ 16.40269861, 48.63500762 ], [ 16.40281003, 48.63508922 ], [ 16.40288214, 48.63514203 ], [ 16.40291855, 48.63517049 ], [ 16.40307673, 48.63534314 ], [ 16.40306534, 48.63529101 ], [ 16.40307443, 48.63529827 ], [ 16.40299808, 48.63494422 ], [ 16.40359496, 48.63487559 ], [ 16.4042548, 48.63496653 ], [ 16.40471014, 48.63432442 ], [ 16.40467897, 48.63385149 ], [ 16.40383108, 48.6338978 ], [ 16.40383066, 48.6335825 ], [ 16.40460874, 48.6333353 ], [ 16.40460843, 48.63311162 ], [ 16.40403202, 48.63324656 ], [ 16.40403359, 48.63315523 ], [ 16.40440553, 48.63293132 ], [ 16.40447403, 48.6327964 ], [ 16.40304613, 48.63216692 ], [ 16.40186027, 48.63180902 ], [ 16.40186015, 48.63171741 ], [ 16.40226671, 48.63138165 ], [ 16.40274135, 48.6305934 ], [ 16.40289311, 48.63058179 ], [ 16.4029913, 48.62981878 ], [ 16.40335003, 48.62987337 ], [ 16.40375635, 48.62937995 ], [ 16.40402855, 48.62940255 ], [ 16.40409323, 48.6289526 ], [ 16.40392441, 48.62888413 ], [ 16.40397491, 48.62797502 ], [ 16.40382307, 48.62791806 ], [ 16.40380586, 48.62772614 ], [ 16.4036849, 48.62770952 ], [ 16.40316606, 48.62783416 ], [ 16.4025331, 48.62796712 ], [ 16.40189248, 48.62808285 ], [ 16.40183664, 48.62809134 ], [ 16.40177383, 48.6281246 ], [ 16.4015102, 48.62825846 ], [ 16.40142356, 48.62829885 ], [ 16.4012589, 48.6283951 ], [ 16.40106445, 48.62850181 ], [ 16.40086508, 48.62860446 ], [ 16.40066098, 48.62870294 ], [ 16.40045235, 48.62879717 ], [ 16.39966197, 48.62914239 ], [ 16.3992592, 48.62930738 ], [ 16.39884264, 48.62945656 ], [ 16.39799711, 48.62973861 ], [ 16.39756815, 48.62987148 ], [ 16.39712826, 48.6299876 ], [ 16.39623903, 48.63020266 ], [ 16.39578971, 48.63030162 ], [ 16.39533246, 48.63038308 ], [ 16.39441157, 48.63052825 ], [ 16.39410441, 48.63057045 ], [ 16.39394794, 48.63059195 ], [ 16.3934795, 48.63063768 ], [ 16.39302518, 48.6306731 ], [ 16.39253941, 48.63071098 ], [ 16.39206776, 48.63073857 ], [ 16.39169127, 48.63074601 ], [ 16.39159448, 48.63074792 ], [ 16.3906479, 48.63074838 ], [ 16.39017461, 48.63073947 ], [ 16.3897029, 48.63071234 ], [ 16.38876265, 48.63063993 ], [ 16.38829411, 48.63059466 ], [ 16.38783033, 48.6305314 ], [ 16.38727455, 48.63044435 ], [ 16.38690913, 48.63038711 ], [ 16.38679004, 48.63036602 ], [ 16.38645171, 48.63030608 ], [ 16.38600217, 48.63020756 ], [ 16.38540364, 48.63006345 ], [ 16.38511248, 48.62999334 ], [ 16.38467233, 48.62987765 ], [ 16.38400979, 48.62966449 ], [ 16.38351349, 48.62948597 ], [ 16.38339594, 48.62944331 ], [ 16.3832683, 48.62939994 ], [ 16.38318519, 48.62937096 ], [ 16.3830649, 48.62932884 ], [ 16.382982, 48.6292994 ], [ 16.38287446, 48.62926069 ], [ 16.38282802, 48.62928655 ], [ 16.38254796, 48.62944761 ], [ 16.38202907, 48.62972225 ], [ 16.38176538, 48.62985606 ], [ 16.38149369, 48.62998263 ], [ 16.38094275, 48.63022831 ], [ 16.38066349, 48.63034743 ], [ 16.38037713, 48.6304589 ], [ 16.3797978, 48.63067399 ], [ 16.37920571, 48.63087323 ], [ 16.37860185, 48.6310563 ], [ 16.3782971, 48.63114375 ], [ 16.37798722, 48.63122289 ], [ 16.37739601, 48.63136476 ], [ 16.37752223, 48.63145066 ], [ 16.37853414, 48.63190486 ], [ 16.38023424, 48.63260509 ], [ 16.38029396, 48.63262971 ], [ 16.3804446, 48.63268595 ], [ 16.38062076, 48.63275197 ], [ 16.38156372, 48.63300683 ], [ 16.38224973, 48.63319223 ], [ 16.38296939, 48.63341507 ], [ 16.38302585, 48.63343256 ], [ 16.38315731, 48.63338393 ], [ 16.38335203, 48.63331189 ], [ 16.38337458, 48.63327967 ], [ 16.38371537, 48.63319972 ], [ 16.38422597, 48.63334564 ], [ 16.3842871, 48.6334109 ], [ 16.38435643, 48.63321214 ], [ 16.38446682, 48.63273882 ], [ 16.38459833, 48.63210206 ], [ 16.38462684, 48.63196405 ], [ 16.38501127, 48.63191083 ], [ 16.38549464, 48.63162259 ], [ 16.38585927, 48.63144384 ], [ 16.38633634, 48.63127495 ], [ 16.3863974, 48.63125333 ], [ 16.38642905, 48.63125153 ], [ 16.38646234, 48.63124965 ], [ 16.38659974, 48.63124187 ], [ 16.38671755, 48.6312352 ], [ 16.38681065, 48.63123072 ], [ 16.38697854, 48.63122263 ], [ 16.38703299, 48.63122001 ], [ 16.38733371, 48.63120552 ], [ 16.3874988, 48.63118327 ], [ 16.38778771, 48.63114435 ], [ 16.38789408, 48.63115006 ], [ 16.38793985, 48.63114441 ], [ 16.38816103, 48.63111712 ], [ 16.38867177, 48.63116513 ], [ 16.38948891, 48.63124195 ], [ 16.38963353, 48.63136697 ], [ 16.39023787, 48.63119241 ], [ 16.39090016, 48.63104975 ], [ 16.39144643, 48.63125072 ], [ 16.39221053, 48.63153183 ], [ 16.39286986, 48.63200749 ], [ 16.39340839, 48.6323064 ], [ 16.39382577, 48.63247166 ], [ 16.39449694, 48.6327374 ], [ 16.39469466, 48.63285086 ], [ 16.39471339, 48.63285054 ], [ 16.39488037, 48.63284652 ], [ 16.39504298, 48.63284304 ], [ 16.39520996, 48.6328426 ], [ 16.39537275, 48.63284263 ], [ 16.39553959, 48.63284576 ], [ 16.39570237, 48.6328493 ], [ 16.39586889, 48.63285599 ], [ 16.3960315, 48.63286304 ], [ 16.39619753, 48.63287329 ], [ 16.39633469, 48.63288176 ], [ 16.39635978, 48.63288385 ], [ 16.39652516, 48.63289764 ], [ 16.39668686, 48.6329117 ], [ 16.39685144, 48.63292901 ], [ 16.39701242, 48.63294655 ], [ 16.39717601, 48.63296737 ], [ 16.3973361, 48.63298838 ], [ 16.39749854, 48.63301268 ], [ 16.39765756, 48.63303714 ], [ 16.3978187, 48.6330649 ], [ 16.39797647, 48.63309278 ], [ 16.39813614, 48.63312396 ], [ 16.39829249, 48.63315524 ], [ 16.39832608, 48.63316196 ], [ 16.39845052, 48.63318981 ], [ 16.39876153, 48.63326237 ], [ 16.39888111, 48.6332914 ], [ 16.39891456, 48.63330034 ], [ 16.39906883, 48.63334158 ], [ 16.39918571, 48.63337283 ], [ 16.39921994, 48.63338284 ], [ 16.39925611, 48.63339271 ], [ 16.3993721, 48.63342735 ], [ 16.39948619, 48.63346072 ], [ 16.39952113, 48.63347185 ], [ 16.39967102, 48.63351958 ], [ 16.39978224, 48.633555 ], [ 16.39981782, 48.63356728 ], [ 16.4000913, 48.63366218 ], [ 16.40009164, 48.63366269 ], [ 16.40010967, 48.63366904 ], [ 16.40014779, 48.63368246 ], [ 16.40025455, 48.63372306 ], [ 16.40035979, 48.6337623 ], [ 16.40039641, 48.63377701 ], [ 16.40043501, 48.63379169 ], [ 16.40053856, 48.63383409 ], [ 16.4006407, 48.63387511 ], [ 16.40067771, 48.63389108 ], [ 16.40071672, 48.63390705 ], [ 16.40081699, 48.63395116 ], [ 16.40091597, 48.63399387 ], [ 16.40095329, 48.63401113 ], [ 16.40099262, 48.63402843 ], [ 16.40108956, 48.63407415 ], [ 16.40122286, 48.63413703 ], [ 16.40126242, 48.63415569 ], [ 16.40135597, 48.63420294 ], [ 16.40148613, 48.63426866 ], [ 16.40152582, 48.63428871 ], [ 16.40161595, 48.63433737 ], [ 16.40174283, 48.63440588 ], [ 16.40178256, 48.63442733 ], [ 16.40186922, 48.63447732 ], [ 16.40199269, 48.63454854 ], [ 16.40211552, 48.63462263 ], [ 16.40223544, 48.63469648 ], [ 16.40235459, 48.63477316 ], [ 16.40269861, 48.63500762 ] ] ] ] } },
{ "type": "Feature", "properties": { "ID": 38, "ZONE": "WE08", "AREA_HA": 798.451463, "COMMUNITIES": "Großrußbach, Kreuzstetten, Ladendorf", "LEGALFOUNDATIONDATE": "2024-09-01T00:00:00", "LEGISLATIONCODE": "NÖ LGBl. Nr. 47/2024", "LEGISLATIONTITLE": "Sektorales Raumordnungsprogramm über die Windkraftnutzung in Niederösterreich - Änderung", "LASTUPDATE": "2024-09-03T00:00:00" }, "geometry": { "type": "MultiPolygon", "coordinates": [ [ [ [ 16.51378837, 48.52223913 ], [ 16.51442974, 48.52250269 ], [ 16.51449866, 48.5225198 ], [ 16.51487809, 48.52262652 ], [ 16.51530672, 48.52275049 ], [ 16.51613893, 48.52300618 ], [ 16.51731231, 48.52342044 ], [ 16.51794262, 48.52367103 ], [ 16.51830529, 48.5238212 ], [ 16.51880509, 48.52403495 ], [ 16.51983896, 48.52452305 ], [ 16.52021809, 48.52471414 ], [ 16.52026621, 48.52473847 ], [ 16.52129546, 48.5252968 ], [ 16.52177928, 48.52558647 ], [ 16.52193152, 48.52568059 ], [ 16.52208455, 48.52577415 ], [ 16.52210063, 48.52578399 ], [ 16.52238625, 48.52595897 ], [ 16.52280692, 48.52622417 ], [ 16.52292363, 48.52629988 ], [ 16.52305942, 48.5263888 ], [ 16.52390458, 48.52698234 ], [ 16.52396702, 48.52702893 ], [ 16.52403278, 48.52707346 ], [ 16.52477234, 48.52760165 ], [ 16.52561794, 48.52828259 ], [ 16.52639471, 48.52899881 ], [ 16.52709931, 48.52974723 ], [ 16.52772872, 48.53052465 ], [ 16.52828025, 48.53132775 ], [ 16.52866712, 48.53200525 ], [ 16.52870232, 48.53195497 ], [ 16.52920115, 48.53133136 ], [ 16.52948707, 48.53102425 ], [ 16.52976031, 48.53073075 ], [ 16.53037741, 48.53015572 ], [ 16.53096678, 48.52967624 ], [ 16.53094287, 48.52967449 ], [ 16.53089144, 48.52928171 ], [ 16.52993977, 48.52847482 ], [ 16.52966498, 48.52786771 ], [ 16.52959905, 48.52766464 ], [ 16.52958059, 48.52726028 ], [ 16.5293417, 48.52674445 ], [ 16.52930503, 48.52622603 ], [ 16.5295892, 48.52507898 ], [ 16.52953695, 48.52491214 ], [ 16.52935169, 48.52492398 ], [ 16.52904471, 48.52474408 ], [ 16.52775788, 48.52455429 ], [ 16.52742066, 48.52443148 ], [ 16.52701301, 48.52402805 ], [ 16.52636634, 48.52306269 ], [ 16.5262787, 48.52247803 ], [ 16.52666435, 48.52175797 ], [ 16.52662822, 48.52137444 ], [ 16.52588471, 48.52097128 ], [ 16.52452754, 48.52049156 ], [ 16.52403668, 48.52022173 ], [ 16.52364495, 48.51976206 ], [ 16.52357864, 48.51944686 ], [ 16.52350953, 48.5192896 ], [ 16.5236568, 48.51838925 ], [ 16.52353881, 48.51805362 ], [ 16.52333527, 48.51791934 ], [ 16.52330002, 48.51753552 ], [ 16.52292664, 48.51699713 ], [ 16.52265458, 48.51686296 ], [ 16.52265417, 48.51675084 ], [ 16.52251553, 48.51654788 ], [ 16.52217818, 48.51637026 ], [ 16.52221087, 48.51617447 ], [ 16.52123761, 48.51628284 ], [ 16.5211986, 48.51639235 ], [ 16.52101112, 48.51629879 ], [ 16.51989828, 48.51637341 ], [ 16.51857047, 48.51640441 ], [ 16.51724245, 48.51637762 ], [ 16.51591991, 48.51629318 ], [ 16.51460853, 48.51615143 ], [ 16.51434576, 48.51611116 ], [ 16.51357088, 48.51602739 ], [ 16.51298524, 48.51593762 ], [ 16.51227627, 48.51582894 ], [ 16.51217728, 48.51580916 ], [ 16.51100399, 48.51557465 ], [ 16.50975947, 48.5152656 ], [ 16.50854806, 48.51490313 ], [ 16.50737495, 48.51448878 ], [ 16.50624515, 48.51402433 ], [ 16.50516352, 48.51351177 ], [ 16.5043826, 48.51308787 ], [ 16.50420152, 48.51306828 ], [ 16.50351291, 48.51299378 ], [ 16.50221841, 48.51279521 ], [ 16.50215182, 48.51278189 ], [ 16.50094625, 48.51254081 ], [ 16.49970188, 48.51223165 ], [ 16.49912581, 48.51205921 ], [ 16.49849061, 48.51186907 ], [ 16.49834794, 48.51182019 ], [ 16.49808169, 48.51201903 ], [ 16.49794795, 48.5121189 ], [ 16.49618936, 48.51343214 ], [ 16.49366618, 48.51531616 ], [ 16.49285565, 48.51592133 ], [ 16.49409081, 48.51600045 ], [ 16.49540214, 48.51614243 ], [ 16.49669668, 48.51634107 ], [ 16.49796892, 48.51659552 ], [ 16.49921339, 48.5169047 ], [ 16.50042479, 48.51726727 ], [ 16.50156005, 48.51766831 ], [ 16.50167006, 48.51757823 ], [ 16.50210463, 48.51719829 ], [ 16.50295091, 48.51665591 ], [ 16.50359502, 48.5162431 ], [ 16.50545034, 48.51563199 ], [ 16.50749692, 48.51542218 ], [ 16.5095432, 48.5156333 ], [ 16.51139764, 48.51624558 ], [ 16.51160372, 48.51634226 ], [ 16.51219257, 48.51668561 ], [ 16.51335954, 48.51744406 ], [ 16.51434764, 48.51871392 ], [ 16.51468587, 48.52012565 ], [ 16.51452004, 48.52080204 ], [ 16.51433996, 48.52153657 ], [ 16.51378837, 48.52223913 ] ] ], [ [ [ 16.49566189, 48.51269244 ], [ 16.49579825, 48.51259067 ], [ 16.49633496, 48.51219011 ], [ 16.49642362, 48.51212394 ], [ 16.49686482, 48.51179465 ], [ 16.49724485, 48.51151102 ], [ 16.49704116, 48.51146915 ], [ 16.49674893, 48.51140908 ], [ 16.49657758, 48.5113665 ], [ 16.4955046, 48.51109988 ], [ 16.4942934, 48.51073725 ], [ 16.49312049, 48.51032276 ], [ 16.49199092, 48.50985817 ], [ 16.49090952, 48.50934547 ], [ 16.48988092, 48.50878687 ], [ 16.48890953, 48.50818476 ], [ 16.48863848, 48.50799323 ], [ 16.48858195, 48.50795866 ], [ 16.48834713, 48.50781274 ], [ 16.48830591, 48.50778671 ], [ 16.48796304, 48.50756507 ], [ 16.48710786, 48.50696322 ], [ 16.48685409, 48.50677327 ], [ 16.48679927, 48.50673206 ], [ 16.48595454, 48.50605083 ], [ 16.48555707, 48.50568376 ], [ 16.4851787, 48.50533434 ], [ 16.48515214, 48.50530797 ], [ 16.48505967, 48.50521593 ], [ 16.48496497, 48.50512489 ], [ 16.48490792, 48.50506923 ], [ 16.48461836, 48.5051823 ], [ 16.48414488, 48.50523995 ], [ 16.4837051, 48.5055443 ], [ 16.48339996, 48.50561102 ], [ 16.48326586, 48.5057458 ], [ 16.48360263, 48.50579117 ], [ 16.48429825, 48.50620591 ], [ 16.48495958, 48.50646332 ], [ 16.48533169, 48.50673234 ], [ 16.48546944, 48.50698114 ], [ 16.48587603, 48.50718154 ], [ 16.48560531, 48.5074514 ], [ 16.48415369, 48.50826402 ], [ 16.4835804, 48.50862363 ], [ 16.48317185, 48.50891641 ], [ 16.48300378, 48.50900571 ], [ 16.48300405, 48.50909704 ], [ 16.48253023, 48.50934438 ], [ 16.4821598, 48.50966016 ], [ 16.48155252, 48.50997595 ], [ 16.48121612, 48.51006546 ], [ 16.48070671, 48.51000006 ], [ 16.48026787, 48.5103592 ], [ 16.48006499, 48.51040498 ], [ 16.47949287, 48.51089917 ], [ 16.47734265, 48.5103069 ], [ 16.47708876, 48.51056632 ], [ 16.47688568, 48.5105438 ], [ 16.47593508, 48.50999444 ], [ 16.47481941, 48.51032009 ], [ 16.47475368, 48.5104115 ], [ 16.4751955, 48.51081536 ], [ 16.4758393, 48.51115265 ], [ 16.47597338, 48.51130789 ], [ 16.4758401, 48.51144266 ], [ 16.47536537, 48.51137692 ], [ 16.47509476, 48.51171531 ], [ 16.47470561, 48.51170454 ], [ 16.4742883, 48.51346846 ], [ 16.47378033, 48.51394174 ], [ 16.47334117, 48.51421177 ], [ 16.47317313, 48.51432382 ], [ 16.47317337, 48.51441515 ], [ 16.47253171, 48.51488662 ], [ 16.47156831, 48.51526011 ], [ 16.4713809, 48.51540647 ], [ 16.46985928, 48.5158354 ], [ 16.4693886, 48.51603688 ], [ 16.46888038, 48.51611755 ], [ 16.46830561, 48.51598332 ], [ 16.46772696, 48.51565744 ], [ 16.46725532, 48.51516226 ], [ 16.46628834, 48.51481629 ], [ 16.46572979, 48.51440101 ], [ 16.46510303, 48.51377138 ], [ 16.46474469, 48.51357086 ], [ 16.46420323, 48.51287481 ], [ 16.46411513, 48.51215521 ], [ 16.46440232, 48.51132138 ], [ 16.46457009, 48.51109721 ], [ 16.46490528, 48.51051203 ], [ 16.46467164, 48.51044597 ], [ 16.46465365, 48.51035466 ], [ 16.46531366, 48.51010746 ], [ 16.46575283, 48.50983747 ], [ 16.46656188, 48.50900501 ], [ 16.46673009, 48.50895901 ], [ 16.46706582, 48.5085978 ], [ 16.46726842, 48.50844216 ], [ 16.46794495, 48.5080578 ], [ 16.46787912, 48.50778837 ], [ 16.46963166, 48.50648213 ], [ 16.4707823, 48.50596455 ], [ 16.47132489, 48.50580626 ], [ 16.47206648, 48.50542376 ], [ 16.47291071, 48.50515325 ], [ 16.47372043, 48.5046338 ], [ 16.47446396, 48.50373308 ], [ 16.47480088, 48.50353174 ], [ 16.47524043, 48.50344213 ], [ 16.47628648, 48.50276472 ], [ 16.4764889, 48.50256326 ], [ 16.47648859, 48.50244916 ], [ 16.47681067, 48.50209018 ], [ 16.47694297, 48.50134278 ], [ 16.47699387, 48.50105524 ], [ 16.47733285, 48.50069623 ], [ 16.47763518, 48.50053821 ], [ 16.4778363, 48.50017713 ], [ 16.47827592, 48.499818 ], [ 16.47803831, 48.49952744 ], [ 16.4778558, 48.49931577 ], [ 16.47731289, 48.49868611 ], [ 16.47690721, 48.49877569 ], [ 16.47677421, 48.49900207 ], [ 16.47628236, 48.49912604 ], [ 16.47609694, 48.4990487 ], [ 16.47565426, 48.49952782 ], [ 16.47552343, 48.499621 ], [ 16.47547751, 48.49952776 ], [ 16.47514908, 48.49880087 ], [ 16.47509931, 48.49884645 ], [ 16.47487783, 48.49826191 ], [ 16.47480945, 48.4983078 ], [ 16.47470887, 48.49801538 ], [ 16.47462267, 48.49803825 ], [ 16.47460557, 48.49796998 ], [ 16.47507944, 48.49776819 ], [ 16.47499257, 48.49754236 ], [ 16.47534985, 48.49738427 ], [ 16.47517763, 48.49718327 ], [ 16.47493972, 48.49708098 ], [ 16.47436642, 48.49710443 ], [ 16.47324994, 48.49734324 ], [ 16.47306362, 48.4972406 ], [ 16.47285942, 48.49677969 ], [ 16.47282451, 48.49637534 ], [ 16.47313281, 48.49575011 ], [ 16.47308323, 48.49577465 ], [ 16.47307955, 48.49577594 ], [ 16.472778, 48.49588174 ], [ 16.47182952, 48.49621452 ], [ 16.469778, 48.49693425 ], [ 16.45957426, 48.4985455 ], [ 16.44873296, 48.49820225 ], [ 16.44395012, 48.49706657 ], [ 16.44212483, 48.49617263 ], [ 16.43951598, 48.49489483 ], [ 16.43904749, 48.49466535 ], [ 16.43649622, 48.49286799 ], [ 16.43545067, 48.49213135 ], [ 16.43529125, 48.49201903 ], [ 16.43510212, 48.49193938 ], [ 16.4349791, 48.49252614 ], [ 16.43474505, 48.49261542 ], [ 16.43460784, 48.49250369 ], [ 16.43362737, 48.49227831 ], [ 16.43346178, 48.49367401 ], [ 16.43333713, 48.49382869 ], [ 16.43330244, 48.49387174 ], [ 16.43319098, 48.49401006 ], [ 16.43288482, 48.49398755 ], [ 16.43288076, 48.49399136 ], [ 16.43284723, 48.49402287 ], [ 16.43271684, 48.49414535 ], [ 16.43234558, 48.49412289 ], [ 16.43231222, 48.49437191 ], [ 16.4320752, 48.49468489 ], [ 16.43065662, 48.49488952 ], [ 16.43048352, 48.49457436 ], [ 16.43001261, 48.49417035 ], [ 16.42923046, 48.49327087 ], [ 16.42997593, 48.49308085 ], [ 16.43048027, 48.49282218 ], [ 16.43087243, 48.492719 ], [ 16.43085445, 48.49259593 ], [ 16.43010898, 48.49232676 ], [ 16.42973715, 48.49198899 ], [ 16.4299735, 48.49176511 ], [ 16.43037952, 48.49184234 ], [ 16.43095196, 48.49138267 ], [ 16.43098634, 48.49122499 ], [ 16.43090165, 48.49115649 ], [ 16.4314599, 48.49079745 ], [ 16.43144275, 48.49067297 ], [ 16.4307537, 48.49029558 ], [ 16.43042813, 48.49035002 ], [ 16.43010393, 48.49039488 ], [ 16.42945302, 48.49047577 ], [ 16.42912631, 48.4905118 ], [ 16.42879766, 48.49053894 ], [ 16.428139, 48.49058429 ], [ 16.42747811, 48.49061174 ], [ 16.42681608, 48.49062124 ], [ 16.4264849, 48.4906215 ], [ 16.42615399, 48.49061278 ], [ 16.42591753, 48.49060334 ], [ 16.42604454, 48.490688 ], [ 16.42611175, 48.49073214 ], [ 16.42615502, 48.49076077 ], [ 16.4262412, 48.49081822 ], [ 16.42651131, 48.49100723 ], [ 16.42695566, 48.49133358 ], [ 16.42737961, 48.4916717 ], [ 16.42778247, 48.49202104 ], [ 16.42797855, 48.49219844 ], [ 16.42816358, 48.49238102 ], [ 16.42852227, 48.49275102 ], [ 16.42885795, 48.49313043 ], [ 16.42917009, 48.49351863 ], [ 16.42945815, 48.49391496 ], [ 16.42972165, 48.49431878 ], [ 16.42996015, 48.4947294 ], [ 16.4301158, 48.49503378 ], [ 16.43017326, 48.49514615 ], [ 16.43027342, 48.49535597 ], [ 16.43036062, 48.49556833 ], [ 16.43052192, 48.49599524 ], [ 16.43065689, 48.49642616 ], [ 16.4307653, 48.49686038 ], [ 16.43084698, 48.49729718 ], [ 16.43090178, 48.49773583 ], [ 16.43092244, 48.49795553 ], [ 16.43092962, 48.49817808 ], [ 16.43098179, 48.49831863 ], [ 16.43111677, 48.49874955 ], [ 16.43122519, 48.49918377 ], [ 16.43130687, 48.49962057 ], [ 16.43136168, 48.50005922 ], [ 16.43138393, 48.50030552 ], [ 16.4313869, 48.50035872 ], [ 16.43138829, 48.50038533 ], [ 16.43139139, 48.50044926 ], [ 16.43139554, 48.50064275 ], [ 16.43139339, 48.50102971 ], [ 16.43136725, 48.50144291 ], [ 16.4313577, 48.5015217 ], [ 16.43140904, 48.50193264 ], [ 16.43142972, 48.50215234 ], [ 16.43143478, 48.5023078 ], [ 16.43147592, 48.50252777 ], [ 16.43153073, 48.50296642 ], [ 16.43155841, 48.50337797 ], [ 16.43156215, 48.50376171 ], [ 16.43155709, 48.5039904 ], [ 16.43154774, 48.50416332 ], [ 16.4315471, 48.50427852 ], [ 16.43154659, 48.50432206 ], [ 16.4315458, 48.5043667 ], [ 16.43155536, 48.50469341 ], [ 16.43155574, 48.50488947 ], [ 16.43154952, 48.50513384 ], [ 16.43152448, 48.50547574 ], [ 16.43147132, 48.50591448 ], [ 16.43139126, 48.50635141 ], [ 16.43128445, 48.50678581 ], [ 16.43115107, 48.50721695 ], [ 16.43099132, 48.50764412 ], [ 16.43090489, 48.50785662 ], [ 16.43080548, 48.5080666 ], [ 16.43059387, 48.5084837 ], [ 16.43035682, 48.50889471 ], [ 16.43009473, 48.50929895 ], [ 16.42980804, 48.50969576 ], [ 16.42949723, 48.51008446 ], [ 16.42917151, 48.51046335 ], [ 16.42924563, 48.51055476 ], [ 16.42928748, 48.51060712 ], [ 16.4293703, 48.51071213 ], [ 16.42941128, 48.51076478 ], [ 16.42944259, 48.51080556 ], [ 16.42948222, 48.51085789 ], [ 16.42956059, 48.51096276 ], [ 16.42973732, 48.51121542 ], [ 16.43000091, 48.51161924 ], [ 16.4302395, 48.51202986 ], [ 16.43045268, 48.5124466 ], [ 16.43055288, 48.51265642 ], [ 16.43064011, 48.51286878 ], [ 16.43080147, 48.51329568 ], [ 16.43093648, 48.51372661 ], [ 16.43104493, 48.51416083 ], [ 16.43107832, 48.51433931 ], [ 16.43176323, 48.51391204 ], [ 16.43278916, 48.5133512 ], [ 16.43327396, 48.51311977 ], [ 16.43361422, 48.51318247 ], [ 16.43497226, 48.51343272 ], [ 16.43626736, 48.51367638 ], [ 16.43624764, 48.51369627 ], [ 16.43595113, 48.51399563 ], [ 16.43617773, 48.51407583 ], [ 16.43622812, 48.5140944 ], [ 16.43634217, 48.5141354 ], [ 16.43643955, 48.51417038 ], [ 16.43694131, 48.51369387 ], [ 16.43710863, 48.51343707 ], [ 16.43712267, 48.51341692 ], [ 16.43713101, 48.51339488 ], [ 16.43726195, 48.51341895 ], [ 16.43970869, 48.51368519 ], [ 16.44010271, 48.51357467 ], [ 16.44033068, 48.51351341 ], [ 16.4404497, 48.51348281 ], [ 16.44052951, 48.51346261 ], [ 16.44068948, 48.51342277 ], [ 16.44108332, 48.51333225 ], [ 16.44171475, 48.51319908 ], [ 16.44203251, 48.51313677 ], [ 16.44235385, 48.51308312 ], [ 16.44299951, 48.51298458 ], [ 16.4430207, 48.51298195 ], [ 16.44302135, 48.51296627 ], [ 16.44304557, 48.5123828 ], [ 16.44310339, 48.51220694 ], [ 16.44316246, 48.51190931 ], [ 16.44322446, 48.51159757 ], [ 16.44326866, 48.51137487 ], [ 16.44341838, 48.51062105 ], [ 16.4435361, 48.51022508 ], [ 16.44354802, 48.51018505 ], [ 16.44363328, 48.51017561 ], [ 16.44495517, 48.51008785 ], [ 16.44628286, 48.5100577 ], [ 16.44761068, 48.5100853 ], [ 16.44893294, 48.51017053 ], [ 16.44978124, 48.51025604 ], [ 16.45050324, 48.51033921 ], [ 16.45096599, 48.5103962 ], [ 16.45135481, 48.51044982 ], [ 16.45178413, 48.51051193 ], [ 16.45268954, 48.51065745 ], [ 16.45396141, 48.51091239 ], [ 16.45520548, 48.51122204 ], [ 16.45641642, 48.51158508 ], [ 16.4570911, 48.51181576 ], [ 16.45715894, 48.51184003 ], [ 16.45722896, 48.51186142 ], [ 16.45769632, 48.51200907 ], [ 16.45886898, 48.51242392 ], [ 16.45891396, 48.51244116 ], [ 16.45902761, 48.51248486 ], [ 16.46011196, 48.51293253 ], [ 16.46119312, 48.51344551 ], [ 16.4622215, 48.51400437 ], [ 16.46319269, 48.5146067 ], [ 16.46410252, 48.51524994 ], [ 16.46494711, 48.51593134 ], [ 16.46572283, 48.51664796 ], [ 16.46642636, 48.51739676 ], [ 16.46671369, 48.51775241 ], [ 16.46704742, 48.5176515 ], [ 16.46829011, 48.51733915 ], [ 16.46956088, 48.51708145 ], [ 16.47085429, 48.5168795 ], [ 16.4721648, 48.51673417 ], [ 16.47348681, 48.51664608 ], [ 16.47395125, 48.51662885 ], [ 16.4739854, 48.51662784 ], [ 16.47421801, 48.51662098 ], [ 16.47424324, 48.5166206 ], [ 16.47474024, 48.51661297 ], [ 16.47508141, 48.51660774 ], [ 16.47640942, 48.51663501 ], [ 16.47672243, 48.51665511 ], [ 16.47715622, 48.51662619 ], [ 16.47757197, 48.51661041 ], [ 16.47861162, 48.51657807 ], [ 16.47876128, 48.51657378 ], [ 16.47894497, 48.51656896 ], [ 16.4797074, 48.5165585 ], [ 16.4810354, 48.51658571 ], [ 16.48235789, 48.51667056 ], [ 16.48358393, 48.51680165 ], [ 16.48397026, 48.51685104 ], [ 16.48491611, 48.51661314 ], [ 16.48618678, 48.51635526 ], [ 16.4874801, 48.51615312 ], [ 16.48879055, 48.51600761 ], [ 16.49011251, 48.51591932 ], [ 16.49137689, 48.51589012 ], [ 16.49221773, 48.51526269 ], [ 16.49566189, 48.51269244 ] ] ] ] } },
{ "type": "Feature", "properties": { "ID": 37, "ZONE": "WE09", "AREA_HA": 813.931912, "COMMUNITIES": "Gaweinstal, Mistelbach", "LEGALFOUNDATIONDATE": "2024-09-01T00:00:00", "LEGISLATIONCODE": "NÖ LGBl. Nr. 47/2024", "LEGISLATIONTITLE": "Sektorales Raumordnungsprogramm über die Windkraftnutzung in Niederösterreich - Änderung", "LASTUPDATE": "2024-09-03T00:00:00" }, "geometry": { "type": "MultiPolygon", "coordinates": [ [ [ [ 16.54451674, 48.51875771 ], [ 16.54436384, 48.51880717 ], [ 16.54425873, 48.51883698 ], [ 16.54408076, 48.51888745 ], [ 16.54394673, 48.51892546 ], [ 16.54393792, 48.51892742 ], [ 16.54391779, 48.5189319 ], [ 16.54377505, 48.5191921 ], [ 16.5437098, 48.51931105 ], [ 16.54369085, 48.51934571 ], [ 16.54363041, 48.5194558 ], [ 16.54361131, 48.5194906 ], [ 16.54359088, 48.51952781 ], [ 16.54351093, 48.51967363 ], [ 16.54247219, 48.52015508 ], [ 16.54111534, 48.52097917 ], [ 16.5410805, 48.520999 ], [ 16.54107509, 48.52100208 ], [ 16.53951993, 48.52170339 ], [ 16.5390657, 48.52197002 ], [ 16.5388388, 48.5221032 ], [ 16.53845163, 48.52233045 ], [ 16.53803361, 48.52270789 ], [ 16.53697566, 48.52370046 ], [ 16.53674984, 48.52390427 ], [ 16.53667351, 48.52397629 ], [ 16.53648333, 48.52415572 ], [ 16.53645329, 48.52418258 ], [ 16.53660849, 48.5241314 ], [ 16.5371958, 48.52395295 ], [ 16.53779135, 48.52378699 ], [ 16.53839454, 48.52363369 ], [ 16.53900475, 48.5234932 ], [ 16.53962138, 48.52336567 ], [ 16.5402438, 48.52325122 ], [ 16.54087137, 48.52314997 ], [ 16.54150348, 48.52306203 ], [ 16.54213947, 48.52298747 ], [ 16.54277871, 48.52292639 ], [ 16.54342055, 48.52287883 ], [ 16.54406433, 48.52284484 ], [ 16.54470942, 48.52282447 ], [ 16.54535516, 48.52281773 ], [ 16.54600089, 48.52282462 ], [ 16.54664597, 48.52284515 ], [ 16.54694009, 48.52286074 ], [ 16.54728974, 48.52287928 ], [ 16.54793155, 48.522927 ], [ 16.54857075, 48.52298824 ], [ 16.5492067, 48.52306294 ], [ 16.54983876, 48.52315104 ], [ 16.55034009, 48.52323204 ], [ 16.55033959, 48.52315947 ], [ 16.55035778, 48.5230731 ], [ 16.55038187, 48.52298331 ], [ 16.55041762, 48.52285015 ], [ 16.5504092, 48.52269137 ], [ 16.55040137, 48.52254365 ], [ 16.55039319, 48.52238946 ], [ 16.55038551, 48.52224446 ], [ 16.55038114, 48.52216219 ], [ 16.55036772, 48.52210009 ], [ 16.55033521, 48.5219496 ], [ 16.55030769, 48.52182221 ], [ 16.55029664, 48.52177107 ], [ 16.55024861, 48.52175107 ], [ 16.54959175, 48.5214776 ], [ 16.54927329, 48.52134264 ], [ 16.54918616, 48.52130571 ], [ 16.54913381, 48.52128353 ], [ 16.54864762, 48.52107747 ], [ 16.54678342, 48.52033323 ], [ 16.54676806, 48.52032711 ], [ 16.54688242, 48.52023855 ], [ 16.54699263, 48.52010836 ], [ 16.54709095, 48.51999222 ], [ 16.54711318, 48.51996601 ], [ 16.5472494, 48.51984507 ], [ 16.54662753, 48.51954142 ], [ 16.54656693, 48.51951183 ], [ 16.54654189, 48.51949961 ], [ 16.54656884, 48.51943626 ], [ 16.54655733, 48.51942076 ], [ 16.54652092, 48.51937169 ], [ 16.54644047, 48.51926329 ], [ 16.54610233, 48.51880753 ], [ 16.54580531, 48.51840717 ], [ 16.54557956, 48.51844164 ], [ 16.54556871, 48.5184433 ], [ 16.54531597, 48.51852441 ], [ 16.54502518, 48.51861773 ], [ 16.54502343, 48.51861829 ], [ 16.54470042, 48.51872194 ], [ 16.54451674, 48.51875771 ] ] ], [ [ [ 16.62557393, 48.54400094 ], [ 16.62405197, 48.54037091 ], [ 16.62388685, 48.53984829 ], [ 16.62386069, 48.53975274 ], [ 16.62376718, 48.53934949 ], [ 16.6236763, 48.53901521 ], [ 16.62365408, 48.5389185 ], [ 16.62363981, 48.53882113 ], [ 16.62362105, 48.53864294 ], [ 16.62358944, 48.53834279 ], [ 16.62358308, 48.53819342 ], [ 16.62359353, 48.53767119 ], [ 16.62359715, 48.53759914 ], [ 16.62367678, 48.53660917 ], [ 16.62375234, 48.5352418 ], [ 16.62375648, 48.5351885 ], [ 16.6237615, 48.53513836 ], [ 16.62377612, 48.53488313 ], [ 16.62384807, 48.53362681 ], [ 16.62386665, 48.53329042 ], [ 16.62342468, 48.53341879 ], [ 16.6232769, 48.53346171 ], [ 16.62189445, 48.53384422 ], [ 16.61929955, 48.53449185 ], [ 16.61914321, 48.53406472 ], [ 16.61726006, 48.53383139 ], [ 16.6164188, 48.53372234 ], [ 16.61471955, 48.53350205 ], [ 16.61302196, 48.53329751 ], [ 16.61326375, 48.53309199 ], [ 16.6131979, 48.53308405 ], [ 16.61273026, 48.53296657 ], [ 16.61220022, 48.53287719 ], [ 16.61153392, 48.53270487 ], [ 16.61136581, 48.53266568 ], [ 16.61101847, 48.5325847 ], [ 16.61099026, 48.5326256 ], [ 16.61096204, 48.53266649 ], [ 16.61073554, 48.53299508 ], [ 16.61073755, 48.53310407 ], [ 16.61073816, 48.53313732 ], [ 16.61074377, 48.53344029 ], [ 16.6105188, 48.53390584 ], [ 16.61026735, 48.53433116 ], [ 16.61006437, 48.5348811 ], [ 16.60999207, 48.53531211 ], [ 16.60998907, 48.53533001 ], [ 16.60994166, 48.53531223 ], [ 16.60925218, 48.53505362 ], [ 16.60913291, 48.53500885 ], [ 16.60888446, 48.53488597 ], [ 16.60826154, 48.53462486 ], [ 16.6076174, 48.53442081 ], [ 16.60711814, 48.53423925 ], [ 16.60614852, 48.53383596 ], [ 16.60553917, 48.53362977 ], [ 16.60550079, 48.53361678 ], [ 16.60544912, 48.53359929 ], [ 16.60519599, 48.53343559 ], [ 16.60500309, 48.53326536 ], [ 16.60466653, 48.53296822 ], [ 16.60442777, 48.53252373 ], [ 16.60420487, 48.53210896 ], [ 16.60419011, 48.53208148 ], [ 16.60361769, 48.53160377 ], [ 16.60358177, 48.53171718 ], [ 16.60356742, 48.53178998 ], [ 16.60346245, 48.53219372 ], [ 16.60343319, 48.53229036 ], [ 16.60332209, 48.53261156 ], [ 16.60314867, 48.53328978 ], [ 16.60302014, 48.53399095 ], [ 16.60299615, 48.5340959 ], [ 16.60292786, 48.53434489 ], [ 16.60288561, 48.53447246 ], [ 16.60282953, 48.53459766 ], [ 16.60275992, 48.53471983 ], [ 16.60248074, 48.53534149 ], [ 16.60237524, 48.53557639 ], [ 16.60235106, 48.53562745 ], [ 16.60193204, 48.53646824 ], [ 16.60187585, 48.53657051 ], [ 16.60143163, 48.53730875 ], [ 16.60135017, 48.53743077 ], [ 16.60125531, 48.53754845 ], [ 16.60090208, 48.53795007 ], [ 16.60083094, 48.5380265 ], [ 16.60075414, 48.53810047 ], [ 16.60057131, 48.5382675 ], [ 16.60045311, 48.53837549 ], [ 16.60016854, 48.53863544 ], [ 16.60006467, 48.53872435 ], [ 16.59995263, 48.53880877 ], [ 16.59970175, 48.53898627 ], [ 16.59967404, 48.53900587 ], [ 16.5995684, 48.53908064 ], [ 16.59943835, 48.53916667 ], [ 16.59932674, 48.53923564 ], [ 16.5991865, 48.53932244 ], [ 16.59904626, 48.53940923 ], [ 16.59904524, 48.53940987 ], [ 16.59889173, 48.53950478 ], [ 16.59874713, 48.53959427 ], [ 16.59874552, 48.53959526 ], [ 16.59863173, 48.53966557 ], [ 16.59857062, 48.53970088 ], [ 16.59854096, 48.53971919 ], [ 16.59852208, 48.53972892 ], [ 16.59849525, 48.53974442 ], [ 16.59846769, 48.53975831 ], [ 16.5984498, 48.53976842 ], [ 16.5984164, 48.53978416 ], [ 16.59835115, 48.53981705 ], [ 16.59810022, 48.53993495 ], [ 16.59809168, 48.53994041 ], [ 16.5980662, 48.5399565 ], [ 16.59794876, 48.54002969 ], [ 16.59793956, 48.5400354 ], [ 16.59785422, 48.5400881 ], [ 16.59795811, 48.54029481 ], [ 16.59826166, 48.54089878 ], [ 16.59863894, 48.54147229 ], [ 16.59868157, 48.54151886 ], [ 16.5991418, 48.54126763 ], [ 16.60038907, 48.54310476 ], [ 16.60031854, 48.54298767 ], [ 16.6023093, 48.54310179 ], [ 16.60240782, 48.54311649 ], [ 16.60246242, 48.54319892 ], [ 16.6027136, 48.54318998 ], [ 16.60273925, 48.54316602 ], [ 16.60297118, 48.54320078 ], [ 16.60323175, 48.54323971 ], [ 16.6034948, 48.54327904 ], [ 16.60355871, 48.54328859 ], [ 16.60376021, 48.5433187 ], [ 16.6038011, 48.54332481 ], [ 16.60403181, 48.54335931 ], [ 16.60429239, 48.54339833 ], [ 16.604315, 48.54340171 ], [ 16.60455283, 48.54343727 ], [ 16.60507045, 48.54357397 ], [ 16.60564721, 48.54372628 ], [ 16.60572797, 48.54374761 ], [ 16.60834576, 48.54443889 ], [ 16.60919544, 48.54466325 ], [ 16.61045957, 48.54499702 ], [ 16.61164584, 48.54565065 ], [ 16.61201165, 48.5458522 ], [ 16.61327774, 48.54654977 ], [ 16.61389444, 48.54688953 ], [ 16.61500033, 48.5474988 ], [ 16.61535163, 48.54769233 ], [ 16.61558466, 48.54793694 ], [ 16.61706658, 48.54949244 ], [ 16.6174951, 48.54994221 ], [ 16.61829848, 48.55078543 ], [ 16.61864692, 48.55115112 ], [ 16.61875012, 48.55125943 ], [ 16.61889394, 48.55163364 ], [ 16.61889715, 48.551642 ], [ 16.61918809, 48.5517862 ], [ 16.62017581, 48.55227575 ], [ 16.6206019, 48.55270232 ], [ 16.62090234, 48.55300309 ], [ 16.62104378, 48.55314469 ], [ 16.62104918, 48.55314845 ], [ 16.62105444, 48.55315536 ], [ 16.62174925, 48.55385092 ], [ 16.62216674, 48.55426886 ], [ 16.62223495, 48.55433713 ], [ 16.62377195, 48.55587568 ], [ 16.6240194, 48.55612338 ], [ 16.6241203, 48.55639514 ], [ 16.62510858, 48.55905695 ], [ 16.62579417, 48.55922716 ], [ 16.6265722, 48.55941881 ], [ 16.6266199, 48.5594309 ], [ 16.62793406, 48.55977343 ], [ 16.62795557, 48.55977911 ], [ 16.62901109, 48.56006115 ], [ 16.62951407, 48.56018376 ], [ 16.63024699, 48.56031158 ], [ 16.63127219, 48.56047362 ], [ 16.63187757, 48.56056796 ], [ 16.63189314, 48.56003504 ], [ 16.63203931, 48.55911534 ], [ 16.63230357, 48.55820733 ], [ 16.63254412, 48.55764474 ], [ 16.63248974, 48.55754586 ], [ 16.63225445, 48.55711862 ], [ 16.63222097, 48.55705405 ], [ 16.63199694, 48.55659376 ], [ 16.63199089, 48.55658118 ], [ 16.63175338, 48.55608066 ], [ 16.63149329, 48.55562449 ], [ 16.63148086, 48.55560224 ], [ 16.63118402, 48.55506012 ], [ 16.63113922, 48.55497114 ], [ 16.63090558, 48.55446339 ], [ 16.63088796, 48.55442345 ], [ 16.63057289, 48.55367733 ], [ 16.63057136, 48.5536737 ], [ 16.63043977, 48.55335953 ], [ 16.63038326, 48.5532472 ], [ 16.6300162, 48.55261675 ], [ 16.62995099, 48.55249112 ], [ 16.62963495, 48.55180044 ], [ 16.6293102, 48.55119292 ], [ 16.62892704, 48.5505109 ], [ 16.62890303, 48.55046638 ], [ 16.62846973, 48.54962843 ], [ 16.62818934, 48.54909036 ], [ 16.62818036, 48.54907284 ], [ 16.62788676, 48.54849008 ], [ 16.62750232, 48.54772706 ], [ 16.62695808, 48.54669924 ], [ 16.62682946, 48.54645634 ], [ 16.62651279, 48.54587684 ], [ 16.62615397, 48.54529087 ], [ 16.62610716, 48.54520876 ], [ 16.62606646, 48.54512522 ], [ 16.62580429, 48.54453875 ], [ 16.62579549, 48.54451863 ], [ 16.62557393, 48.54400094 ] ] ], [ [ [ 16.57839845, 48.51943359 ], [ 16.57835669, 48.51948987 ], [ 16.57806387, 48.51988449 ], [ 16.57762575, 48.52026675 ], [ 16.57728797, 48.52022418 ], [ 16.57701725, 48.52040517 ], [ 16.57701809, 48.52058333 ], [ 16.5772047, 48.52068439 ], [ 16.57718827, 48.52078616 ], [ 16.57695116, 48.52092154 ], [ 16.57651377, 48.52146146 ], [ 16.57627623, 48.52132706 ], [ 16.57580545, 48.52142865 ], [ 16.5753957, 48.5213747 ], [ 16.574413, 48.52074613 ], [ 16.57388766, 48.52057832 ], [ 16.5737351, 48.52070201 ], [ 16.57353215, 48.52072519 ], [ 16.57304403, 48.52109855 ], [ 16.57231836, 48.52133525 ], [ 16.57208187, 48.52160524 ], [ 16.57164786, 48.52288759 ], [ 16.5710447, 48.52288629 ], [ 16.56897248, 48.52288179 ], [ 16.56686915, 48.52159305 ], [ 16.56605615, 48.52123609 ], [ 16.56511006, 48.52092512 ], [ 16.56490294, 48.52085704 ], [ 16.56483709, 48.52069952 ], [ 16.56503787, 48.52038381 ], [ 16.56524117, 48.52006416 ], [ 16.56574584, 48.52015618 ], [ 16.56596124, 48.51914632 ], [ 16.56599167, 48.51839256 ], [ 16.56549988, 48.51833621 ], [ 16.56407785, 48.51780004 ], [ 16.56407856, 48.51795769 ], [ 16.56330058, 48.51784738 ], [ 16.56224918, 48.51751138 ], [ 16.56171063, 48.51816329 ], [ 16.5614735, 48.51829864 ], [ 16.56137458, 48.51850201 ], [ 16.56196719, 48.51878187 ], [ 16.56198531, 48.51886165 ], [ 16.56151249, 48.51926697 ], [ 16.56080028, 48.51911071 ], [ 16.56033044, 48.51942693 ], [ 16.55936214, 48.51894461 ], [ 16.55907262, 48.51870996 ], [ 16.55900472, 48.51856382 ], [ 16.55893682, 48.51841768 ], [ 16.55724269, 48.51774481 ], [ 16.55646317, 48.51727587 ], [ 16.55599484, 48.51717384 ], [ 16.55575058, 48.51871802 ], [ 16.55591899, 48.51894206 ], [ 16.55620209, 48.51914233 ], [ 16.55646023, 48.51926513 ], [ 16.55583876, 48.51976424 ], [ 16.55660409, 48.52031924 ], [ 16.55661239, 48.52039081 ], [ 16.55606544, 48.52078367 ], [ 16.55568343, 48.52103359 ], [ 16.55604692, 48.52125735 ], [ 16.55598839, 48.52490944 ], [ 16.55871382, 48.52606362 ], [ 16.55874395, 48.52608016 ], [ 16.56158342, 48.52812821 ], [ 16.56226955, 48.52862306 ], [ 16.56227128, 48.52862469 ], [ 16.56292013, 48.5293067 ], [ 16.56341761, 48.52960092 ], [ 16.56471003, 48.53036526 ], [ 16.56723428, 48.53315074 ], [ 16.5678561, 48.53383685 ], [ 16.5678741, 48.53386584 ], [ 16.56787736, 48.5338711 ], [ 16.5678773, 48.53387115 ], [ 16.56823046, 48.53445391 ], [ 16.56838385, 48.53471386 ], [ 16.56868264, 48.53566629 ], [ 16.56889364, 48.53595387 ], [ 16.56943477, 48.53669139 ], [ 16.56960143, 48.53705323 ], [ 16.56974617, 48.53745046 ], [ 16.56997755, 48.53808545 ], [ 16.57016903, 48.53861094 ], [ 16.57019151, 48.53869395 ], [ 16.57022706, 48.54007908 ], [ 16.57028183, 48.5404327 ], [ 16.57029739, 48.54047875 ], [ 16.57043955, 48.54047601 ], [ 16.57320421, 48.54101739 ], [ 16.57444796, 48.5406792 ], [ 16.57486251, 48.54066174 ], [ 16.57507262, 48.54055907 ], [ 16.57516977, 48.54051166 ], [ 16.57533857, 48.54038145 ], [ 16.57556768, 48.54020481 ], [ 16.57565187, 48.54013989 ], [ 16.57579949, 48.540026 ], [ 16.57598313, 48.53988435 ], [ 16.57639268, 48.53956843 ], [ 16.57660069, 48.53940798 ], [ 16.57687405, 48.53919716 ], [ 16.57705606, 48.53905676 ], [ 16.57715774, 48.53896671 ], [ 16.57723663, 48.53889685 ], [ 16.57754381, 48.53862477 ], [ 16.57763241, 48.5385463 ], [ 16.57770115, 48.53850712 ], [ 16.57798557, 48.53834511 ], [ 16.57884232, 48.53785707 ], [ 16.57887311, 48.53783947 ], [ 16.57912485, 48.53755747 ], [ 16.57954524, 48.53714894 ], [ 16.57983202, 48.53694812 ], [ 16.57989249, 48.53690577 ], [ 16.57995014, 48.53688422 ], [ 16.58013314, 48.53681582 ], [ 16.58034234, 48.53673764 ], [ 16.58035293, 48.53673288 ], [ 16.58086268, 48.5365038 ], [ 16.58121822, 48.53635469 ], [ 16.58125891, 48.53633763 ], [ 16.58129715, 48.53632159 ], [ 16.58184057, 48.53612647 ], [ 16.58189504, 48.53610691 ], [ 16.58212262, 48.53603955 ], [ 16.58229997, 48.53598706 ], [ 16.58391691, 48.53550843 ], [ 16.58437431, 48.53537022 ], [ 16.58456794, 48.53531171 ], [ 16.58511985, 48.535145 ], [ 16.58525074, 48.53510547 ], [ 16.58519426, 48.53496522 ], [ 16.58523288, 48.53488869 ], [ 16.58527737, 48.53487554 ], [ 16.58528125, 48.53487439 ], [ 16.5859879, 48.53466544 ], [ 16.5861065, 48.53463037 ], [ 16.58602491, 48.53445502 ], [ 16.5858452, 48.53429611 ], [ 16.58576832, 48.53422454 ], [ 16.58569679, 48.53415056 ], [ 16.5855077, 48.53394405 ], [ 16.58542715, 48.53384979 ], [ 16.5853553, 48.53375249 ], [ 16.5852481, 48.53359553 ], [ 16.5852468, 48.53359362 ], [ 16.58496502, 48.53317976 ], [ 16.58492979, 48.53312566 ], [ 16.58473392, 48.53281089 ], [ 16.58455435, 48.53255341 ], [ 16.58435508, 48.53231904 ], [ 16.58415892, 48.53211409 ], [ 16.58396426, 48.53193299 ], [ 16.5838636, 48.53183235 ], [ 16.58377333, 48.53172745 ], [ 16.58369388, 48.53161877 ], [ 16.58362559, 48.53150678 ], [ 16.58353065, 48.53133468 ], [ 16.58351474, 48.53130504 ], [ 16.58342631, 48.53113562 ], [ 16.58336331, 48.53099717 ], [ 16.58331727, 48.53085581 ], [ 16.58328847, 48.53071245 ], [ 16.58327712, 48.53056801 ], [ 16.58327322, 48.53035139 ], [ 16.58327474, 48.53026601 ], [ 16.58328235, 48.53018078 ], [ 16.58330164, 48.53002679 ], [ 16.58332953, 48.52987874 ], [ 16.5833758, 48.52973274 ], [ 16.58344013, 48.52958979 ], [ 16.58352208, 48.52945088 ], [ 16.58362108, 48.52931695 ], [ 16.58380163, 48.52909633 ], [ 16.58445366, 48.52861619 ], [ 16.59273107, 48.52554533 ], [ 16.5929404, 48.52546766 ], [ 16.59310789, 48.5254302 ], [ 16.5931646, 48.5253342 ], [ 16.59370689, 48.52518063 ], [ 16.59380674, 48.52515235 ], [ 16.59371973, 48.52467958 ], [ 16.59368673, 48.52460991 ], [ 16.59341183, 48.52402943 ], [ 16.59341542, 48.52401525 ], [ 16.59341984, 48.52399781 ], [ 16.59341856, 48.52399502 ], [ 16.59350541, 48.52365988 ], [ 16.59351137, 48.52363634 ], [ 16.59341791, 48.52364231 ], [ 16.59332444, 48.52364828 ], [ 16.59331331, 48.52361132 ], [ 16.59291898, 48.52230167 ], [ 16.59291137, 48.52227641 ], [ 16.59301102, 48.52222709 ], [ 16.59336596, 48.52205144 ], [ 16.59338871, 48.52203871 ], [ 16.59459929, 48.52144109 ], [ 16.59544325, 48.52119245 ], [ 16.59544268, 48.52108169 ], [ 16.59544268, 48.5210806 ], [ 16.59605406, 48.520853 ], [ 16.59605334, 48.5207111 ], [ 16.59605325, 48.52069535 ], [ 16.59771896, 48.52071343 ], [ 16.59772509, 48.5207126 ], [ 16.59780889, 48.52070284 ], [ 16.59777711, 48.52028734 ], [ 16.59879221, 48.52041963 ], [ 16.59995407, 48.52068842 ], [ 16.60119791, 48.52097616 ], [ 16.60177379, 48.52124433 ], [ 16.6023646, 48.52164464 ], [ 16.60238513, 48.52165855 ], [ 16.60245894, 48.52165164 ], [ 16.60399577, 48.52129619 ], [ 16.60444192, 48.52159442 ], [ 16.60448748, 48.52136487 ], [ 16.60467934, 48.52079045 ], [ 16.60481258, 48.52050989 ], [ 16.60494582, 48.52022933 ], [ 16.60526, 48.5197257 ], [ 16.60457974, 48.5193129 ], [ 16.60352436, 48.51885949 ], [ 16.60252493, 48.51835322 ], [ 16.60158743, 48.51779713 ], [ 16.60146947, 48.51772151 ], [ 16.6006016, 48.51712048 ], [ 16.59980611, 48.51647676 ], [ 16.59908773, 48.51579419 ], [ 16.59845074, 48.51507685 ], [ 16.59789894, 48.514329 ], [ 16.59743561, 48.5135551 ], [ 16.59706351, 48.51275977 ], [ 16.59686071, 48.5124996 ], [ 16.59671398, 48.51230492 ], [ 16.59605326, 48.51311523 ], [ 16.59529087, 48.51388511 ], [ 16.59443237, 48.51460897 ], [ 16.59348402, 48.51528151 ], [ 16.59245273, 48.51589783 ], [ 16.59134603, 48.51645344 ], [ 16.59111863, 48.5165485 ], [ 16.59058602, 48.51677117 ], [ 16.59017198, 48.51694427 ], [ 16.58893916, 48.51736675 ], [ 16.58878766, 48.51740821 ], [ 16.58765655, 48.51771779 ], [ 16.58641921, 48.51797689 ], [ 16.58633353, 48.51799483 ], [ 16.58604273, 48.51804677 ], [ 16.58600222, 48.51805325 ], [ 16.58520931, 48.51818005 ], [ 16.58436646, 48.51828392 ], [ 16.58304533, 48.51856087 ], [ 16.58169348, 48.51876201 ], [ 16.58032073, 48.51888589 ], [ 16.57909633, 48.51892632 ], [ 16.57885947, 48.51912184 ], [ 16.57883699, 48.5191404 ], [ 16.57863618, 48.51943309 ], [ 16.57849406, 48.51943338 ], [ 16.5784672, 48.51943344 ], [ 16.5784033, 48.51943358 ], [ 16.57839845, 48.51943359 ] ] ] ] } },
{ "type": "Feature", "properties": { "ID": 36, "ZONE": "WE10", "AREA_HA": 754.26599, "COMMUNITIES": "Gaweinstal, Mistelbach", "LEGALFOUNDATIONDATE": "2024-09-01T00:00:00", "LEGISLATIONCODE": "NÖ LGBl. Nr. 47/2024", "LEGISLATIONTITLE": "Sektorales Raumordnungsprogramm über die Windkraftnutzung in Niederösterreich - Änderung", "LASTUPDATE": "2024-09-03T00:00:00" }, "geometry": { "type": "Polygon", "coordinates": [ [ [ 16.65068194, 48.54056076 ], [ 16.65101142, 48.54055784 ], [ 16.65134087, 48.54056201 ], [ 16.65166994, 48.54057328 ], [ 16.65199828, 48.54059163 ], [ 16.65232556, 48.54061704 ], [ 16.65265142, 48.54064948 ], [ 16.65297553, 48.54068893 ], [ 16.65312799, 48.5407109 ], [ 16.6540559, 48.54050987 ], [ 16.65415866, 48.54048681 ], [ 16.65518922, 48.54059338 ], [ 16.65618659, 48.54076074 ], [ 16.65900324, 48.54052604 ], [ 16.66117674, 48.54053138 ], [ 16.66259001, 48.54053482 ], [ 16.66595234, 48.54084292 ], [ 16.66707052, 48.5403624 ], [ 16.66913093, 48.53888636 ], [ 16.6722572, 48.53775083 ], [ 16.67474248, 48.53633931 ], [ 16.67613758, 48.53497929 ], [ 16.67683594, 48.53458714 ], [ 16.67738068, 48.53443313 ], [ 16.67805154, 48.53384181 ], [ 16.67831166, 48.53326328 ], [ 16.67872746, 48.5327981 ], [ 16.67899076, 48.53200025 ], [ 16.67986293, 48.53118273 ], [ 16.68076689, 48.5304155 ], [ 16.68088562, 48.53013561 ], [ 16.68094746, 48.52998982 ], [ 16.68080933, 48.5294311 ], [ 16.68064184, 48.52850366 ], [ 16.68059557, 48.52828371 ], [ 16.67999327, 48.52794646 ], [ 16.67852751, 48.52745681 ], [ 16.67824819, 48.52738837 ], [ 16.67816958, 48.52732813 ], [ 16.67812837, 48.52729654 ], [ 16.67528501, 48.52615473 ], [ 16.67520411, 48.52525996 ], [ 16.67511311, 48.52525046 ], [ 16.67483374, 48.52523914 ], [ 16.67423073, 48.52515558 ], [ 16.67417916, 48.52513657 ], [ 16.67391167, 48.52503772 ], [ 16.67382658, 48.52500631 ], [ 16.67358643, 48.52482582 ], [ 16.67326859, 48.52458673 ], [ 16.67325663, 48.52457984 ], [ 16.67307793, 48.52447749 ], [ 16.67283916, 48.5243406 ], [ 16.67249553, 48.52425276 ], [ 16.67188194, 48.52412245 ], [ 16.67081573, 48.52394192 ], [ 16.67054615, 48.52389484 ], [ 16.670065, 48.52381083 ], [ 16.66980261, 48.52376501 ], [ 16.66881773, 48.52357766 ], [ 16.66872487, 48.52355905 ], [ 16.66779768, 48.52337342 ], [ 16.66706319, 48.52319622 ], [ 16.66689438, 48.52315551 ], [ 16.66617372, 48.52287548 ], [ 16.66512608, 48.52244117 ], [ 16.66469987, 48.52226595 ], [ 16.66479969, 48.52218958 ], [ 16.6646915, 48.52214297 ], [ 16.66433692, 48.52199018 ], [ 16.66424718, 48.52195151 ], [ 16.66390674, 48.52178737 ], [ 16.66372438, 48.52168267 ], [ 16.66345825, 48.52152989 ], [ 16.6633864, 48.52148864 ], [ 16.66329544, 48.52143642 ], [ 16.66308466, 48.52128801 ], [ 16.66291104, 48.5211336 ], [ 16.66287389, 48.52110057 ], [ 16.66270409, 48.52088289 ], [ 16.66265847, 48.52075577 ], [ 16.66254557, 48.52058739 ], [ 16.66241202, 48.51992131 ], [ 16.66227962, 48.51924607 ], [ 16.66219747, 48.51896771 ], [ 16.6620502, 48.51846874 ], [ 16.66203954, 48.51843264 ], [ 16.66198945, 48.51828341 ], [ 16.66178361, 48.51767015 ], [ 16.66156928, 48.51759842 ], [ 16.66095888, 48.51739412 ], [ 16.65979414, 48.51691878 ], [ 16.6586937, 48.51638004 ], [ 16.65766536, 48.51578173 ], [ 16.65672265, 48.51518792 ], [ 16.65585441, 48.51454595 ], [ 16.65506618, 48.51385993 ], [ 16.654363, 48.51313426 ], [ 16.65374938, 48.51237356 ], [ 16.65322924, 48.51158271 ], [ 16.65280589, 48.51076677 ], [ 16.65248204, 48.50993097 ], [ 16.6521849, 48.50905775 ], [ 16.65216548, 48.50898718 ], [ 16.65162107, 48.50911276 ], [ 16.65138204, 48.50917447 ], [ 16.65122937, 48.50923901 ], [ 16.65114334, 48.50928942 ], [ 16.65104291, 48.50937522 ], [ 16.65037758, 48.50823685 ], [ 16.64964738, 48.50844639 ], [ 16.64937603, 48.5085135 ], [ 16.64922766, 48.50855014 ], [ 16.64901523, 48.50860261 ], [ 16.64827128, 48.50873413 ], [ 16.64766197, 48.5088418 ], [ 16.64721778, 48.5089064 ], [ 16.64681064, 48.50896559 ], [ 16.64605025, 48.50904363 ], [ 16.64541819, 48.50826072 ], [ 16.64534521, 48.50827836 ], [ 16.64506818, 48.50834534 ], [ 16.64388734, 48.50863083 ], [ 16.64354293, 48.50869662 ], [ 16.64397372, 48.50926595 ], [ 16.64408911, 48.50945746 ], [ 16.6441145, 48.50944076 ], [ 16.64459351, 48.51035007 ], [ 16.64488945, 48.51099537 ], [ 16.64512399, 48.51172383 ], [ 16.64517831, 48.51189257 ], [ 16.64535142, 48.51280282 ], [ 16.64535941, 48.51293321 ], [ 16.64539516, 48.51351737 ], [ 16.64540297, 48.51364483 ], [ 16.64540754, 48.51371956 ], [ 16.64534625, 48.51463615 ], [ 16.64516798, 48.51554597 ], [ 16.64487402, 48.51644243 ], [ 16.64446649, 48.51731907 ], [ 16.64394833, 48.51816954 ], [ 16.64384335, 48.51832276 ], [ 16.64383587, 48.51874264 ], [ 16.64380637, 48.51927724 ], [ 16.64370644, 48.51998027 ], [ 16.6435375, 48.52067744 ], [ 16.64330029, 48.52136579 ], [ 16.6429958, 48.52204235 ], [ 16.64262534, 48.52270424 ], [ 16.6421905, 48.52334861 ], [ 16.64169313, 48.52397271 ], [ 16.64113537, 48.52457386 ], [ 16.6405196, 48.52514949 ], [ 16.63984846, 48.52569713 ], [ 16.63912481, 48.52621444 ], [ 16.63835177, 48.52669919 ], [ 16.63753263, 48.52714932 ], [ 16.63667092, 48.5275629 ], [ 16.63577031, 48.52793815 ], [ 16.63483466, 48.52827346 ], [ 16.63456565, 48.52835526 ], [ 16.63456023, 48.52852142 ], [ 16.63453682, 48.52874527 ], [ 16.63446005, 48.5294793 ], [ 16.63450796, 48.52991068 ], [ 16.63471386, 48.53176428 ], [ 16.63488951, 48.53304056 ], [ 16.6350226, 48.53400756 ], [ 16.6352587, 48.53874274 ], [ 16.63527942, 48.53915812 ], [ 16.63540297, 48.54087066 ], [ 16.63555941, 48.54172714 ], [ 16.63571585, 48.54258362 ], [ 16.63684028, 48.5447611 ], [ 16.63787915, 48.54677269 ], [ 16.63809029, 48.54717607 ], [ 16.63814091, 48.54697342 ], [ 16.63820549, 48.54675843 ], [ 16.63828055, 48.54654494 ], [ 16.63836602, 48.54633318 ], [ 16.63846181, 48.54612339 ], [ 16.63856782, 48.54591577 ], [ 16.63868394, 48.54571055 ], [ 16.63881004, 48.54550794 ], [ 16.63894599, 48.54530816 ], [ 16.63909164, 48.54511142 ], [ 16.63924685, 48.54491792 ], [ 16.63941144, 48.54472788 ], [ 16.63958525, 48.54454149 ], [ 16.63976809, 48.54435895 ], [ 16.63995976, 48.54418044 ], [ 16.64016007, 48.54400617 ], [ 16.64036881, 48.54383632 ], [ 16.64058574, 48.54367106 ], [ 16.64081065, 48.54351056 ], [ 16.64104329, 48.54335501 ], [ 16.64128342, 48.54320456 ], [ 16.64153079, 48.54305936 ], [ 16.64178513, 48.54291959 ], [ 16.64204618, 48.54278537 ], [ 16.64231366, 48.54265686 ], [ 16.64258728, 48.54253419 ], [ 16.64286677, 48.54241749 ], [ 16.64315181, 48.54230688 ], [ 16.64344212, 48.54220248 ], [ 16.64373739, 48.5421044 ], [ 16.64403729, 48.54201274 ], [ 16.64434153, 48.5419276 ], [ 16.64464977, 48.54184907 ], [ 16.64496169, 48.54177724 ], [ 16.64527696, 48.54171217 ], [ 16.64536939, 48.54167206 ], [ 16.64540659, 48.54166485 ], [ 16.64568492, 48.54154773 ], [ 16.64596882, 48.54143666 ], [ 16.646258, 48.54133177 ], [ 16.64655215, 48.54123316 ], [ 16.64685096, 48.54114093 ], [ 16.64715412, 48.54105519 ], [ 16.64746131, 48.54097603 ], [ 16.6477722, 48.54090352 ], [ 16.64808647, 48.54083774 ], [ 16.64840378, 48.54077877 ], [ 16.64872381, 48.54072667 ], [ 16.64904622, 48.54068148 ], [ 16.64937066, 48.54064327 ], [ 16.64969679, 48.54061206 ], [ 16.65002429, 48.54058789 ], [ 16.65035278, 48.54057078 ], [ 16.65068194, 48.54056076 ] ] ] } },
{ "type": "Feature", "properties": { "ID": 60, "ZONE": "WE101", "AREA_HA": 24.29635, "COMMUNITIES": "Aderklaa", "LEGALFOUNDATIONDATE": "2024-09-01T00:00:00", "LEGISLATIONCODE": "NÖ LGBl. Nr. 47/2024", "LEGISLATIONTITLE": "Sektorales Raumordnungsprogramm über die Windkraftnutzung in Niederösterreich - Änderung", "LASTUPDATE": "2024-09-03T00:00:00" }, "geometry": { "type": "Polygon", "coordinates": [ [ [ 16.51956485, 48.26872391 ], [ 16.51914328, 48.26863492 ], [ 16.51363959, 48.2696207 ], [ 16.51357837, 48.26967988 ], [ 16.51378981, 48.27021099 ], [ 16.51411192, 48.27102005 ], [ 16.5150662, 48.2731431 ], [ 16.51603587, 48.27519261 ], [ 16.51617456, 48.2750243 ], [ 16.51642806, 48.27477988 ], [ 16.51670511, 48.27450343 ], [ 16.51691823, 48.27429371 ], [ 16.51728773, 48.27395525 ], [ 16.51756494, 48.27372639 ], [ 16.51785646, 48.27351178 ], [ 16.51840393, 48.27310641 ], [ 16.51882355, 48.27283449 ], [ 16.51914358, 48.27262459 ], [ 16.51977674, 48.27226667 ], [ 16.52039575, 48.27194207 ], [ 16.52087256, 48.27171764 ], [ 16.52144195, 48.27147403 ], [ 16.52195443, 48.27126381 ], [ 16.52260937, 48.27102481 ], [ 16.52185212, 48.27056918 ], [ 16.5212036, 48.27008183 ], [ 16.52063983, 48.26970325 ], [ 16.5199895, 48.26926654 ], [ 16.51956485, 48.26872391 ] ] ] } },
{ "type": "Feature", "properties": { "ID": 63, "ZONE": "WE106", "AREA_HA": 273.3725, "COMMUNITIES": "Unterstinkenbrunn", "LEGALFOUNDATIONDATE": "2024-09-01T00:00:00", "LEGISLATIONCODE": "NÖ LGBl. Nr. 47/2024", "LEGISLATIONTITLE": "Sektorales Raumordnungsprogramm über die Windkraftnutzung in Niederösterreich - Änderung", "LASTUPDATE": "2024-09-03T00:00:00" }, "geometry": { "type": "Polygon", "coordinates": [ [ [ 16.32486834, 48.69321457 ], [ 16.32486341, 48.6932333 ], [ 16.32503588, 48.69326479 ], [ 16.32512827, 48.69328166 ], [ 16.32685981, 48.69359776 ], [ 16.32689225, 48.69360368 ], [ 16.32702196, 48.69362736 ], [ 16.32701081, 48.69372285 ], [ 16.32699408, 48.69386565 ], [ 16.32707013, 48.69391566 ], [ 16.32714416, 48.69393608 ], [ 16.32938451, 48.69455329 ], [ 16.3308901, 48.69494278 ], [ 16.331336, 48.69505813 ], [ 16.33208811, 48.69526601 ], [ 16.33245474, 48.69536735 ], [ 16.33343441, 48.69563776 ], [ 16.33476283, 48.69600441 ], [ 16.33476627, 48.69600656 ], [ 16.33485902, 48.6960606 ], [ 16.33521383, 48.69628146 ], [ 16.33642742, 48.69704114 ], [ 16.33677301, 48.6973288 ], [ 16.33680004, 48.6973494 ], [ 16.33700291, 48.6975037 ], [ 16.33719915, 48.69765298 ], [ 16.33732216, 48.69774969 ], [ 16.33753181, 48.69790019 ], [ 16.33755521, 48.69791699 ], [ 16.33790129, 48.6981572 ], [ 16.33790991, 48.69816318 ], [ 16.33836636, 48.69847999 ], [ 16.33896326, 48.6989175 ], [ 16.33900774, 48.6989501 ], [ 16.33932031, 48.69917921 ], [ 16.33992276, 48.69962077 ], [ 16.34057834, 48.70010125 ], [ 16.34080659, 48.70026751 ], [ 16.34111376, 48.70049123 ], [ 16.34116117, 48.7005299 ], [ 16.34123889, 48.7005807 ], [ 16.34185248, 48.70101963 ], [ 16.34254669, 48.7015162 ], [ 16.34264399, 48.7015858 ], [ 16.34322401, 48.70199969 ], [ 16.34373412, 48.70236368 ], [ 16.34380477, 48.70241409 ], [ 16.34380478, 48.70241395 ], [ 16.34384512, 48.70203826 ], [ 16.34385067, 48.70199621 ], [ 16.34393163, 48.70157799 ], [ 16.34390037, 48.70142265 ], [ 16.34387516, 48.70128958 ], [ 16.34382972, 48.70095475 ], [ 16.34381901, 48.70083323 ], [ 16.34380154, 48.70071765 ], [ 16.34378851, 48.70048712 ], [ 16.34377451, 48.70032838 ], [ 16.34376068, 48.70001467 ], [ 16.34376155, 48.69999466 ], [ 16.34385945, 48.69884722 ], [ 16.34387071, 48.69876191 ], [ 16.34387073, 48.69876184 ], [ 16.34400371, 48.6982097 ], [ 16.34405743, 48.6980079 ], [ 16.34410387, 48.69783346 ], [ 16.34419969, 48.69752609 ], [ 16.34421922, 48.69747996 ], [ 16.34431161, 48.6972617 ], [ 16.34437829, 48.69710418 ], [ 16.3444994, 48.69685718 ], [ 16.34460483, 48.69662396 ], [ 16.34475379, 48.69632622 ], [ 16.34491964, 48.69602442 ], [ 16.3456546, 48.69486754 ], [ 16.34565472, 48.6948674 ], [ 16.34587954, 48.69459128 ], [ 16.34635332, 48.69404786 ], [ 16.34660214, 48.69378071 ], [ 16.34687401, 48.6935236 ], [ 16.34743985, 48.69302027 ], [ 16.34773383, 48.69277405 ], [ 16.34804894, 48.69253955 ], [ 16.34804978, 48.69253897 ], [ 16.3486992, 48.69208311 ], [ 16.34903435, 48.69186114 ], [ 16.34903588, 48.69186025 ], [ 16.34958017, 48.69154351 ], [ 16.34990375, 48.6913019 ], [ 16.35053973, 48.69085545 ], [ 16.35165898, 48.6901837 ], [ 16.35196903, 48.69001137 ], [ 16.35234081, 48.68981667 ], [ 16.35250705, 48.68973957 ], [ 16.35274187, 48.68960115 ], [ 16.35302259, 48.68944513 ], [ 16.35346769, 48.68919773 ], [ 16.35383946, 48.68900301 ], [ 16.35388403, 48.68898234 ], [ 16.35406622, 48.68850988 ], [ 16.3540847, 48.68846195 ], [ 16.35416896, 48.68825088 ], [ 16.35422448, 48.68811969 ], [ 16.35314019, 48.68621692 ], [ 16.35247506, 48.68504962 ], [ 16.35172517, 48.68368247 ], [ 16.35159292, 48.6836953 ], [ 16.35142323, 48.68371055 ], [ 16.3512533, 48.68372462 ], [ 16.35108316, 48.6837375 ], [ 16.35091283, 48.68374921 ], [ 16.35074232, 48.68375972 ], [ 16.35057165, 48.68376905 ], [ 16.35040084, 48.68377719 ], [ 16.35022991, 48.68378414 ], [ 16.35005889, 48.6837899 ], [ 16.34988778, 48.68379447 ], [ 16.3497166, 48.68379785 ], [ 16.34954539, 48.68380004 ], [ 16.34937414, 48.68380103 ], [ 16.34920289, 48.68380084 ], [ 16.34903166, 48.68379945 ], [ 16.34886045, 48.68379687 ], [ 16.34883142, 48.68379623 ], [ 16.3486893, 48.6837931 ], [ 16.34843433, 48.6837866 ], [ 16.34807159, 48.68377734 ], [ 16.34802661, 48.68377603 ], [ 16.34798435, 48.6837751 ], [ 16.34740017, 48.68376018 ], [ 16.34736683, 48.68375933 ], [ 16.34727384, 48.68375664 ], [ 16.34718271, 48.68375462 ], [ 16.34388962, 48.68367018 ], [ 16.34270514, 48.6836398 ], [ 16.34257325, 48.68364068 ], [ 16.34240275, 48.68364064 ], [ 16.34223226, 48.68363943 ], [ 16.34206179, 48.68363703 ], [ 16.34189138, 48.68363345 ], [ 16.34172103, 48.68362869 ], [ 16.34155076, 48.68362275 ], [ 16.34138061, 48.68361562 ], [ 16.34121057, 48.68360732 ], [ 16.34104067, 48.68359785 ], [ 16.34087093, 48.68358719 ], [ 16.34070136, 48.68357536 ], [ 16.340532, 48.68356236 ], [ 16.34036285, 48.68354818 ], [ 16.34019393, 48.68353283 ], [ 16.34002526, 48.68351632 ], [ 16.33810667, 48.68332162 ], [ 16.33796666, 48.6833074 ], [ 16.33779846, 48.68328973 ], [ 16.33763055, 48.68327089 ], [ 16.33746295, 48.6832509 ], [ 16.33729567, 48.68322974 ], [ 16.33712874, 48.68320743 ], [ 16.33696216, 48.68318396 ], [ 16.33679597, 48.68315935 ], [ 16.33663018, 48.68313358 ], [ 16.3364648, 48.68310667 ], [ 16.33629985, 48.68307861 ], [ 16.33613535, 48.68304942 ], [ 16.33597133, 48.68301908 ], [ 16.3358078, 48.68298762 ], [ 16.33564477, 48.68295502 ], [ 16.33548226, 48.6829213 ], [ 16.33532029, 48.68288645 ], [ 16.33515888, 48.68285049 ], [ 16.33499806, 48.68281341 ], [ 16.33483782, 48.68277522 ], [ 16.3346782, 48.68273592 ], [ 16.3345192, 48.68269552 ], [ 16.33436085, 48.68265402 ], [ 16.33420317, 48.68261143 ], [ 16.33404616, 48.68256775 ], [ 16.33388986, 48.68252298 ], [ 16.33373427, 48.68247714 ], [ 16.33357941, 48.68243022 ], [ 16.3334253, 48.68238223 ], [ 16.33327196, 48.68233318 ], [ 16.3331194, 48.68228307 ], [ 16.33296764, 48.6822319 ], [ 16.3328167, 48.68217969 ], [ 16.33266658, 48.68212644 ], [ 16.33251732, 48.68207215 ], [ 16.33236892, 48.68201683 ], [ 16.33222141, 48.68196048 ], [ 16.33207479, 48.68190312 ], [ 16.33192909, 48.68184475 ], [ 16.33178431, 48.68178537 ], [ 16.33164048, 48.68172499 ], [ 16.33149761, 48.68166362 ], [ 16.33135572, 48.68160127 ], [ 16.33121482, 48.68153793 ], [ 16.33107493, 48.68147363 ], [ 16.33093606, 48.68140836 ], [ 16.33079822, 48.68134213 ], [ 16.33066144, 48.68127495 ], [ 16.33052573, 48.68120683 ], [ 16.33039111, 48.68113778 ], [ 16.33025757, 48.68106779 ], [ 16.33012516, 48.68099689 ], [ 16.32999386, 48.68092507 ], [ 16.32986371, 48.68085235 ], [ 16.32973472, 48.68077873 ], [ 16.32960689, 48.68070422 ], [ 16.32948025, 48.68062883 ], [ 16.3293548, 48.68055257 ], [ 16.32923056, 48.68047545 ], [ 16.32910755, 48.68039747 ], [ 16.32898578, 48.68031864 ], [ 16.32886525, 48.68023897 ], [ 16.328746, 48.68015848 ], [ 16.32805771, 48.67965858 ], [ 16.32794765, 48.67957252 ], [ 16.3279316, 48.6795597 ], [ 16.32793631, 48.68055451 ], [ 16.32792889, 48.68196011 ], [ 16.32791662, 48.68247331 ], [ 16.32790537, 48.68294361 ], [ 16.32785584, 48.68357326 ], [ 16.32781156, 48.68401479 ], [ 16.32779503, 48.68417952 ], [ 16.32772282, 48.68481223 ], [ 16.32775288, 48.68536625 ], [ 16.32771615, 48.68573494 ], [ 16.32770676, 48.68586693 ], [ 16.3276945, 48.68603924 ], [ 16.32765397, 48.68640756 ], [ 16.32761218, 48.68678725 ], [ 16.32761058, 48.68680179 ], [ 16.32739305, 48.68734213 ], [ 16.32711236, 48.68788157 ], [ 16.32681211, 48.68839042 ], [ 16.32672468, 48.68851092 ], [ 16.326441, 48.68890187 ], [ 16.3263563, 48.6890186 ], [ 16.32633022, 48.68905454 ], [ 16.32621564, 48.68921244 ], [ 16.32603841, 48.68945668 ], [ 16.32593925, 48.68954282 ], [ 16.32598484, 48.68957587 ], [ 16.32603988, 48.68961576 ], [ 16.32599688, 48.6896653 ], [ 16.32597907, 48.68968583 ], [ 16.32596468, 48.68970242 ], [ 16.32572455, 48.68997917 ], [ 16.32572466, 48.68997925 ], [ 16.3256952, 48.69001305 ], [ 16.32569504, 48.69001329 ], [ 16.32568579, 48.69004913 ], [ 16.3253676, 48.69128131 ], [ 16.3253436, 48.69137423 ], [ 16.32526122, 48.69169327 ], [ 16.32523806, 48.69181172 ], [ 16.32492306, 48.69300697 ], [ 16.32486843, 48.69321423 ], [ 16.32486834, 48.69321457 ] ] ] } },
{ "type": "Feature", "properties": { "ID": 45, "ZONE": "WE11", "AREA_HA": 1371.619605, "COMMUNITIES": "Großkrut, Hauskirchen, Mistelbach, Poysdorf, Wilfersdorf", "LEGALFOUNDATIONDATE": "2024-09-01T00:00:00", "LEGISLATIONCODE": "NÖ LGBl. Nr. 47/2024", "LEGISLATIONTITLE": "Sektorales Raumordnungsprogramm über die Windkraftnutzung in Niederösterreich - Änderung", "LASTUPDATE": "2024-09-03T00:00:00" }, "geometry": { "type": "Polygon", "coordinates": [ [ [ 16.63317612, 48.61318249 ], [ 16.63317706, 48.61318225 ], [ 16.63350874, 48.61328027 ], [ 16.6335285, 48.61327605 ], [ 16.63357289, 48.61326656 ], [ 16.63365087, 48.61321446 ], [ 16.63390407, 48.61307558 ], [ 16.63407748, 48.61298046 ], [ 16.63508453, 48.61249798 ], [ 16.63613699, 48.6120602 ], [ 16.63723037, 48.61166899 ], [ 16.63835997, 48.61132603 ], [ 16.63854257, 48.6112799 ], [ 16.63918624, 48.61111732 ], [ 16.63952097, 48.61103277 ], [ 16.64070839, 48.61079049 ], [ 16.64191716, 48.61060021 ], [ 16.6431421, 48.61046275 ], [ 16.64437797, 48.6103787 ], [ 16.64561948, 48.61034841 ], [ 16.64686132, 48.61037202 ], [ 16.64809817, 48.61044943 ], [ 16.64932475, 48.6105803 ], [ 16.65053581, 48.61076407 ], [ 16.65172615, 48.61099996 ], [ 16.65256334, 48.61120045 ], [ 16.65267436, 48.611229 ], [ 16.65269234, 48.61123012 ], [ 16.65391895, 48.61136094 ], [ 16.65513004, 48.61154467 ], [ 16.65632043, 48.61178051 ], [ 16.65748501, 48.61206747 ], [ 16.65750816, 48.61207434 ], [ 16.65861882, 48.6124043 ], [ 16.65971699, 48.61278957 ], [ 16.66077483, 48.61322164 ], [ 16.6617878, 48.61369865 ], [ 16.66267443, 48.61417694 ], [ 16.66275158, 48.61421855 ], [ 16.66291676, 48.61432026 ], [ 16.66326806, 48.61453656 ], [ 16.66342863, 48.61454281 ], [ 16.66341315, 48.61462269 ], [ 16.66349989, 48.61464252 ], [ 16.6635598, 48.61465623 ], [ 16.66367035, 48.61468145 ], [ 16.66377113, 48.614704 ], [ 16.66373054, 48.61482723 ], [ 16.66451526, 48.615378 ], [ 16.66530761, 48.61601257 ], [ 16.66583169, 48.6164931 ], [ 16.66603569, 48.61668014 ], [ 16.66669638, 48.61737785 ], [ 16.66728684, 48.61810272 ], [ 16.66726383, 48.62511536 ], [ 16.66727771, 48.62540783 ], [ 16.66728059, 48.62584797 ], [ 16.66727526, 48.62606806 ], [ 16.66725639, 48.62628783 ], [ 16.66724958, 48.62634614 ], [ 16.66892019, 48.62642919 ], [ 16.66924423, 48.62644529 ], [ 16.66944971, 48.62645551 ], [ 16.67333913, 48.6269865 ], [ 16.67375224, 48.6275954 ], [ 16.67712865, 48.62785661 ], [ 16.67770764, 48.62801264 ], [ 16.67882877, 48.62813183 ], [ 16.67884627, 48.62821187 ], [ 16.67884594, 48.62821209 ], [ 16.6788703, 48.62832597 ], [ 16.67744458, 48.62921147 ], [ 16.67786579, 48.63021549 ], [ 16.67879375, 48.63212243 ], [ 16.68199005, 48.6359091 ], [ 16.68353754, 48.6381202 ], [ 16.68384248, 48.63849587 ], [ 16.6838211, 48.63852533 ], [ 16.6838436, 48.63855747 ], [ 16.68388385, 48.63853262 ], [ 16.68390114, 48.63852744 ], [ 16.68398662, 48.63850182 ], [ 16.68418075, 48.63844374 ], [ 16.6864502, 48.63764456 ], [ 16.68808947, 48.63735773 ], [ 16.69222483, 48.64368153 ], [ 16.69418373, 48.6436911 ], [ 16.69455995, 48.64313391 ], [ 16.69505782, 48.64250959 ], [ 16.69561623, 48.64190819 ], [ 16.69575951, 48.64177436 ], [ 16.69584515, 48.64149336 ], [ 16.69591753, 48.64127853 ], [ 16.69600308, 48.64106584 ], [ 16.69618718, 48.64064294 ], [ 16.69639715, 48.64022537 ], [ 16.69663265, 48.63981383 ], [ 16.69675673, 48.63960965 ], [ 16.69689328, 48.63940898 ], [ 16.69717861, 48.63901152 ], [ 16.69748814, 48.63862212 ], [ 16.69782138, 48.6382414 ], [ 16.69799387, 48.63805329 ], [ 16.69817777, 48.63787 ], [ 16.69855672, 48.63750854 ], [ 16.69875176, 48.63733037 ], [ 16.6989576, 48.63715763 ], [ 16.69937973, 48.63681784 ], [ 16.69959602, 48.6366508 ], [ 16.69982242, 48.63648975 ], [ 16.70028492, 48.63617389 ], [ 16.70076646, 48.63587081 ], [ 16.70126625, 48.63558099 ], [ 16.70172053, 48.6353361 ], [ 16.7021251, 48.63513359 ], [ 16.70232977, 48.63503441 ], [ 16.70236681, 48.63501705 ], [ 16.70244635, 48.63497683 ], [ 16.70258116, 48.63491011 ], [ 16.70267182, 48.63486621 ], [ 16.70272223, 48.63484199 ], [ 16.70282337, 48.63479378 ], [ 16.70287411, 48.6347698 ], [ 16.70294892, 48.63473472 ], [ 16.70308963, 48.63466873 ], [ 16.70332795, 48.63455701 ], [ 16.70343428, 48.6345072 ], [ 16.70402986, 48.63422982 ], [ 16.70411575, 48.63419036 ], [ 16.70428782, 48.63411239 ], [ 16.70437421, 48.63407379 ], [ 16.70446874, 48.63403212 ], [ 16.70471574, 48.63392744 ], [ 16.70508344, 48.63377773 ], [ 16.70504774, 48.63374548 ], [ 16.70491358, 48.63362056 ], [ 16.70465069, 48.63336828 ], [ 16.70434678, 48.63305389 ], [ 16.7040081, 48.63267529 ], [ 16.70369301, 48.63228787 ], [ 16.70340202, 48.63189224 ], [ 16.70327304, 48.63170739 ], [ 16.70312878, 48.63154612 ], [ 16.7028137, 48.63115869 ], [ 16.70252272, 48.63076306 ], [ 16.70238332, 48.63056326 ], [ 16.70225633, 48.63035987 ], [ 16.70201498, 48.62994983 ], [ 16.70179907, 48.62953361 ], [ 16.70160895, 48.62911189 ], [ 16.70152038, 48.62889974 ], [ 16.70144494, 48.62868538 ], [ 16.70130732, 48.62825479 ], [ 16.70124513, 48.62803856 ], [ 16.7011963, 48.62782083 ], [ 16.70111208, 48.62738424 ], [ 16.7010548, 48.62694575 ], [ 16.70102455, 48.62650606 ], [ 16.70101619, 48.626286 ], [ 16.70102137, 48.6260659 ], [ 16.70104529, 48.62562604 ], [ 16.70109624, 48.62518721 ], [ 16.70117415, 48.6247501 ], [ 16.70121983, 48.62453207 ], [ 16.70127889, 48.62431546 ], [ 16.70141028, 48.62388402 ], [ 16.70148261, 48.62366919 ], [ 16.70156811, 48.62345649 ], [ 16.7017176, 48.62311288 ], [ 16.70184288, 48.62285295 ], [ 16.70196196, 48.622616 ], [ 16.70219733, 48.62220445 ], [ 16.70232134, 48.62200026 ], [ 16.70245783, 48.62179958 ], [ 16.70274301, 48.62140211 ], [ 16.70305239, 48.6210127 ], [ 16.70338547, 48.62063196 ], [ 16.70355788, 48.62044383 ], [ 16.7037417, 48.62026054 ], [ 16.70412048, 48.61989906 ], [ 16.70431543, 48.61972088 ], [ 16.70452118, 48.61954813 ], [ 16.70494312, 48.61920832 ], [ 16.70515932, 48.61904127 ], [ 16.70538562, 48.6188802 ], [ 16.70584793, 48.61856433 ], [ 16.70632927, 48.61826122 ], [ 16.70682886, 48.61797137 ], [ 16.70721309, 48.61776185 ], [ 16.70740421, 48.61766396 ], [ 16.70739147, 48.61764792 ], [ 16.70716644, 48.61763951 ], [ 16.70650573, 48.61759682 ], [ 16.70584819, 48.61753629 ], [ 16.70561116, 48.61750963 ], [ 16.70560432, 48.61751106 ], [ 16.7054243, 48.6175479 ], [ 16.70459493, 48.61767892 ], [ 16.70281683, 48.61790046 ], [ 16.70259542, 48.61791563 ], [ 16.70178016, 48.61797148 ], [ 16.70056747, 48.61801106 ], [ 16.70016224, 48.61802428 ], [ 16.69883148, 48.6179996 ], [ 16.69814421, 48.6179569 ], [ 16.69782057, 48.61793679 ], [ 16.697506, 48.61791725 ], [ 16.69722645, 48.61794722 ], [ 16.69624121, 48.61814875 ], [ 16.69465925, 48.61841191 ], [ 16.69296307, 48.61856533 ], [ 16.69202249, 48.61865039 ], [ 16.69187473, 48.61865428 ], [ 16.69111005, 48.61867438 ], [ 16.69059083, 48.61868804 ], [ 16.68926005, 48.61866324 ], [ 16.68793457, 48.61858078 ], [ 16.68604656, 48.61835418 ], [ 16.68375961, 48.61792155 ], [ 16.68241698, 48.61757179 ], [ 16.68116349, 48.61725136 ], [ 16.68080397, 48.61715224 ], [ 16.67929102, 48.61673513 ], [ 16.67841297, 48.61646818 ], [ 16.6768467, 48.61589661 ], [ 16.67648713, 48.61573912 ], [ 16.67558703, 48.61534486 ], [ 16.67542411, 48.6152735 ], [ 16.67421256, 48.61464807 ], [ 16.67300862, 48.6139244 ], [ 16.67286758, 48.61382542 ], [ 16.67256147, 48.61361062 ], [ 16.67209437, 48.61328283 ], [ 16.67124538, 48.61260298 ], [ 16.67095986, 48.61234121 ], [ 16.67026842, 48.61236113 ], [ 16.66962456, 48.61233204 ], [ 16.66943193, 48.61232333 ], [ 16.66861311, 48.61227224 ], [ 16.66772463, 48.6121776 ], [ 16.66726208, 48.6121087 ], [ 16.66710147, 48.61208477 ], [ 16.66570169, 48.61187623 ], [ 16.66410149, 48.61152919 ], [ 16.66335052, 48.61131904 ], [ 16.66274852, 48.61115058 ], [ 16.6622631, 48.61101474 ], [ 16.66223336, 48.6110043 ], [ 16.66207104, 48.61094736 ], [ 16.66155993, 48.61076806 ], [ 16.66108651, 48.61060197 ], [ 16.66054787, 48.6103977 ], [ 16.65987017, 48.61020365 ], [ 16.65865543, 48.60984276 ], [ 16.65803127, 48.60962666 ], [ 16.65712279, 48.60935552 ], [ 16.65539081, 48.60893295 ], [ 16.65396417, 48.60842526 ], [ 16.65335597, 48.6081739 ], [ 16.65235861, 48.60776168 ], [ 16.65136988, 48.60727124 ], [ 16.65065291, 48.60691559 ], [ 16.650095, 48.6065848 ], [ 16.64977485, 48.60639498 ], [ 16.64950922, 48.60623749 ], [ 16.64890675, 48.60597557 ], [ 16.64863529, 48.60585185 ], [ 16.64776469, 48.60601214 ], [ 16.64756261, 48.60602148 ], [ 16.64732258, 48.60603256 ], [ 16.64511059, 48.6061347 ], [ 16.64378016, 48.60610938 ], [ 16.64145319, 48.60591251 ], [ 16.64114102, 48.6058861 ], [ 16.63984362, 48.60568909 ], [ 16.63898331, 48.60549794 ], [ 16.63869513, 48.60543391 ], [ 16.63859985, 48.60541274 ], [ 16.63751956, 48.60517269 ], [ 16.63732095, 48.60512856 ], [ 16.63659914, 48.60491393 ], [ 16.63448434, 48.60417211 ], [ 16.63336775, 48.60366181 ], [ 16.63221937, 48.60332014 ], [ 16.63212394, 48.60329174 ], [ 16.63046249, 48.60272513 ], [ 16.62824485, 48.60175052 ], [ 16.62767426, 48.60144235 ], [ 16.62721286, 48.60119316 ], [ 16.62671532, 48.60081754 ], [ 16.6260603, 48.60032302 ], [ 16.62433877, 48.59906206 ], [ 16.6242842, 48.59926551 ], [ 16.62423406, 48.59943364 ], [ 16.62422409, 48.59946668 ], [ 16.62414744, 48.59969471 ], [ 16.62398903, 48.60012213 ], [ 16.62384172, 48.60046917 ], [ 16.62371339, 48.60073685 ], [ 16.6236466, 48.60087013 ], [ 16.62350885, 48.60113351 ], [ 16.62337158, 48.60139596 ], [ 16.62320456, 48.60171547 ], [ 16.6231783, 48.60176579 ], [ 16.62323814, 48.60200131 ], [ 16.62329421, 48.60226009 ], [ 16.62330808, 48.60233733 ], [ 16.62338053, 48.60262247 ], [ 16.62346404, 48.60305911 ], [ 16.62352062, 48.60349766 ], [ 16.62354217, 48.60371732 ], [ 16.62355019, 48.60393738 ], [ 16.62355269, 48.60437752 ], [ 16.62354717, 48.60459762 ], [ 16.62352811, 48.60481738 ], [ 16.62347651, 48.60525619 ], [ 16.62339795, 48.60569325 ], [ 16.62329258, 48.60612781 ], [ 16.62316057, 48.60655917 ], [ 16.62300214, 48.60698659 ], [ 16.62291634, 48.60719923 ], [ 16.62281754, 48.60740938 ], [ 16.62260709, 48.60782682 ], [ 16.62237114, 48.60823821 ], [ 16.62211007, 48.60864288 ], [ 16.62182433, 48.60904016 ], [ 16.62151439, 48.60942937 ], [ 16.62118077, 48.60980987 ], [ 16.62082401, 48.61018103 ], [ 16.62063991, 48.6103642 ], [ 16.62044469, 48.61054224 ], [ 16.62004349, 48.61089288 ], [ 16.61962104, 48.61123238 ], [ 16.61917806, 48.61156016 ], [ 16.61895152, 48.61172106 ], [ 16.61871526, 48.6118757 ], [ 16.61823345, 48.61217845 ], [ 16.61799667, 48.61231551 ], [ 16.61727391, 48.61311417 ], [ 16.61688127, 48.61354802 ], [ 16.61555981, 48.61500813 ], [ 16.61377966, 48.6157591 ], [ 16.61284654, 48.61623181 ], [ 16.61092721, 48.61697874 ], [ 16.60990804, 48.6172675 ], [ 16.60988069, 48.61727525 ], [ 16.60986631, 48.61727932 ], [ 16.60982622, 48.61729068 ], [ 16.60976173, 48.61730896 ], [ 16.60972141, 48.61738703 ], [ 16.60972103, 48.61738765 ], [ 16.60962726, 48.61754229 ], [ 16.60954337, 48.61768063 ], [ 16.60947116, 48.6177997 ], [ 16.61000609, 48.61795295 ], [ 16.61039519, 48.61807436 ], [ 16.61061892, 48.61814465 ], [ 16.61068774, 48.61829902 ], [ 16.61056223, 48.61843453 ], [ 16.61031041, 48.61855746 ], [ 16.60972792, 48.61857689 ], [ 16.6097262, 48.61857796 ], [ 16.60971768, 48.61857723 ], [ 16.60916192, 48.61854599 ], [ 16.60915891, 48.61854778 ], [ 16.60915033, 48.6185468 ], [ 16.60914372, 48.61854496 ], [ 16.60827932, 48.61828542 ], [ 16.60784274, 48.61836371 ], [ 16.60737748, 48.61852578 ], [ 16.60709552, 48.61846205 ], [ 16.60660001, 48.61841815 ], [ 16.60634842, 48.61858614 ], [ 16.6054348, 48.6184402 ], [ 16.60507478, 48.61830583 ], [ 16.60489345, 48.61825935 ], [ 16.60487836, 48.61826137 ], [ 16.60479273, 48.61826727 ], [ 16.60448211, 48.61828867 ], [ 16.60448142, 48.61828874 ], [ 16.60381239, 48.61833483 ], [ 16.60093219, 48.61839788 ], [ 16.60045744, 48.61837208 ], [ 16.60028743, 48.61836285 ], [ 16.59998564, 48.61834645 ], [ 16.59912469, 48.61829966 ], [ 16.59682604, 48.61800077 ], [ 16.59325057, 48.61705914 ], [ 16.59320533, 48.61703933 ], [ 16.59286325, 48.61713767 ], [ 16.59135523, 48.61757123 ], [ 16.59124464, 48.6175891 ], [ 16.59040104, 48.61772531 ], [ 16.5903532, 48.6177338 ], [ 16.58927632, 48.61792482 ], [ 16.58917885, 48.61794674 ], [ 16.58816107, 48.61817564 ], [ 16.58764083, 48.61831841 ], [ 16.58763465, 48.61830448 ], [ 16.58731862, 48.61841369 ], [ 16.58742216, 48.61850257 ], [ 16.58746103, 48.61860848 ], [ 16.58793393, 48.61989697 ], [ 16.58794643, 48.61993103 ], [ 16.58798887, 48.62006499 ], [ 16.58798999, 48.62006854 ], [ 16.58822893, 48.62019414 ], [ 16.58835172, 48.62025868 ], [ 16.58847054, 48.62032114 ], [ 16.58856485, 48.62037072 ], [ 16.58904809, 48.62062472 ], [ 16.59507658, 48.62379313 ], [ 16.59546732, 48.62407267 ], [ 16.59802134, 48.62589977 ], [ 16.59822378, 48.62604458 ], [ 16.6033498, 48.62971104 ], [ 16.60344002, 48.62977751 ], [ 16.60350355, 48.62974967 ], [ 16.60382468, 48.62960829 ], [ 16.60381564, 48.62959158 ], [ 16.60411643, 48.62948237 ], [ 16.6049668, 48.62917362 ], [ 16.60500166, 48.62914759 ], [ 16.60537217, 48.62887089 ], [ 16.60538055, 48.62886565 ], [ 16.60578497, 48.62861543 ], [ 16.60603728, 48.62845918 ], [ 16.60604684, 48.62847069 ], [ 16.60607073, 48.62849948 ], [ 16.60653919, 48.62825198 ], [ 16.60702129, 48.62804429 ], [ 16.6073697, 48.62792657 ], [ 16.60768561, 48.62784507 ], [ 16.60806083, 48.62777304 ], [ 16.6080671, 48.62777483 ], [ 16.60908077, 48.62763318 ], [ 16.60886288, 48.62794872 ], [ 16.60886385, 48.62812913 ], [ 16.60942865, 48.62925185 ], [ 16.61014413, 48.62969781 ], [ 16.61022832, 48.62990079 ], [ 16.60970525, 48.63007092 ], [ 16.6088234, 48.63021942 ], [ 16.60850121, 48.63053521 ], [ 16.60843858, 48.63102882 ], [ 16.60857666, 48.63163605 ], [ 16.6089194, 48.63229759 ], [ 16.60815671, 48.63237949 ], [ 16.60848569, 48.6336371 ], [ 16.60855976, 48.63495264 ], [ 16.60779871, 48.635032 ], [ 16.6074814, 48.63505148 ], [ 16.60732229, 48.63489852 ], [ 16.60691612, 48.63489948 ], [ 16.60739531, 48.63570683 ], [ 16.60745974, 48.63589424 ], [ 16.60647986, 48.6359352 ], [ 16.60512261, 48.63600442 ], [ 16.6042238, 48.63617569 ], [ 16.60377006, 48.63632287 ], [ 16.60249583, 48.63654052 ], [ 16.60270583, 48.63744912 ], [ 16.60303187, 48.63816777 ], [ 16.59709847, 48.63837331 ], [ 16.59406246, 48.63835738 ], [ 16.59402942, 48.63869552 ], [ 16.59072219, 48.63904994 ], [ 16.59056135, 48.64062398 ], [ 16.58889798, 48.64056161 ], [ 16.58876251, 48.64060518 ], [ 16.5884306, 48.64173194 ], [ 16.58866851, 48.6418205 ], [ 16.58901279, 48.64316862 ], [ 16.5878617, 48.64312646 ], [ 16.58626391, 48.64279188 ], [ 16.58615961, 48.64262322 ], [ 16.58461624, 48.64231238 ], [ 16.58443211, 48.64315695 ], [ 16.5850468, 48.64329023 ], [ 16.58462006, 48.6448 ], [ 16.58393329, 48.64468591 ], [ 16.58352585, 48.64461822 ], [ 16.58325911, 48.64574482 ], [ 16.58205565, 48.64593146 ], [ 16.58180265, 48.64867331 ], [ 16.57986743, 48.64839669 ], [ 16.57830415, 48.64802989 ], [ 16.5766065, 48.6477617 ], [ 16.57382423, 48.64753199 ], [ 16.57321031, 48.64756754 ], [ 16.57324983, 48.64857939 ], [ 16.57230208, 48.64869319 ], [ 16.57029218, 48.64919569 ], [ 16.56983796, 48.6491727 ], [ 16.56941345, 48.65054387 ], [ 16.56959159, 48.65179962 ], [ 16.57019823, 48.65254064 ], [ 16.57201157, 48.65333628 ], [ 16.57217251, 48.65343468 ], [ 16.57724366, 48.65192659 ], [ 16.58235875, 48.6508733 ], [ 16.58648108, 48.65047696 ], [ 16.58910982, 48.65022427 ], [ 16.58951691, 48.65018513 ], [ 16.5941168, 48.65008339 ], [ 16.59969063, 48.64996011 ], [ 16.60340365, 48.65011862 ], [ 16.60304499, 48.64529963 ], [ 16.60349674, 48.64278025 ], [ 16.60896368, 48.63855089 ], [ 16.61142356, 48.63945913 ], [ 16.61130414, 48.6389135 ], [ 16.61287213, 48.63890975 ], [ 16.61296331, 48.63926004 ], [ 16.61303942, 48.6392014 ], [ 16.6132661, 48.63904052 ], [ 16.61335194, 48.63898203 ], [ 16.61363437, 48.6387896 ], [ 16.61372917, 48.63872501 ], [ 16.61421126, 48.63842228 ], [ 16.61471157, 48.63813284 ], [ 16.61496619, 48.63799149 ], [ 16.61522929, 48.63785715 ], [ 16.61540568, 48.63777082 ], [ 16.61557674, 48.63753318 ], [ 16.61588689, 48.637144 ], [ 16.61622074, 48.63676351 ], [ 16.61639353, 48.63657552 ], [ 16.61657772, 48.63639236 ], [ 16.61695724, 48.63603117 ], [ 16.61715257, 48.63585314 ], [ 16.61735868, 48.63568054 ], [ 16.61778134, 48.63534105 ], [ 16.6179979, 48.63517416 ], [ 16.61822455, 48.63501327 ], [ 16.61868755, 48.63469774 ], [ 16.61916957, 48.634395 ], [ 16.61966981, 48.63410553 ], [ 16.61992439, 48.63396417 ], [ 16.62018746, 48.63382982 ], [ 16.62072163, 48.63356833 ], [ 16.62127143, 48.63332151 ], [ 16.62183597, 48.63308975 ], [ 16.62212181, 48.63297768 ], [ 16.62241431, 48.63287344 ], [ 16.62276448, 48.63275468 ], [ 16.62236312, 48.6321646 ], [ 16.62143212, 48.63033318 ], [ 16.62119785, 48.62994501 ], [ 16.62109733, 48.62974214 ], [ 16.62091297, 48.62935831 ], [ 16.62077053, 48.62906496 ], [ 16.6206485, 48.62871941 ], [ 16.6205161, 48.62834909 ], [ 16.62037868, 48.62786369 ], [ 16.6202516, 48.62735346 ], [ 16.62017418, 48.62684036 ], [ 16.62012444, 48.62646118 ], [ 16.620102, 48.62592084 ], [ 16.62010007, 48.62557773 ], [ 16.62011693, 48.62512308 ], [ 16.62018436, 48.62445814 ], [ 16.62028493, 48.62393465 ], [ 16.62043572, 48.62333332 ], [ 16.62059418, 48.62286474 ], [ 16.6205938, 48.62286467 ], [ 16.62062134, 48.62278441 ], [ 16.62071671, 48.62248824 ], [ 16.62097236, 48.62193435 ], [ 16.62118343, 48.62150494 ], [ 16.62151557, 48.62093559 ], [ 16.62174926, 48.62052877 ], [ 16.62211894, 48.6199348 ], [ 16.62397807, 48.61970061 ], [ 16.624181, 48.61968706 ], [ 16.6243915, 48.61964371 ], [ 16.62458071, 48.61957385 ], [ 16.624737, 48.61948513 ], [ 16.62483289, 48.6194088 ], [ 16.62483353, 48.61940806 ], [ 16.62499245, 48.61916432 ], [ 16.62499662, 48.6191665 ], [ 16.62501234, 48.61913382 ], [ 16.62503197, 48.61899331 ], [ 16.62500063, 48.61882965 ], [ 16.62488826, 48.6186462 ], [ 16.6247442, 48.6185183 ], [ 16.62400926, 48.61774839 ], [ 16.6242858, 48.61749674 ], [ 16.62451254, 48.61730117 ], [ 16.62468925, 48.61716019 ], [ 16.62547799, 48.61653847 ], [ 16.62610215, 48.61610801 ], [ 16.62689777, 48.61561681 ], [ 16.62782464, 48.61510516 ], [ 16.62871154, 48.61467403 ], [ 16.62978025, 48.61422902 ], [ 16.63072829, 48.61389153 ], [ 16.63103366, 48.61377826 ], [ 16.6314859, 48.61364183 ], [ 16.6318826, 48.61352311 ], [ 16.63213913, 48.61344516 ], [ 16.6326047, 48.6133245 ], [ 16.63313396, 48.61319297 ], [ 16.63317612, 48.61318249 ] ] ] } },
{ "type": "Feature", "properties": { "ID": 62, "ZONE": "WE112", "AREA_HA": 120.32223, "COMMUNITIES": "Sulz im Weinviertel", "LEGALFOUNDATIONDATE": "2024-09-01T00:00:00", "LEGISLATIONCODE": "NÖ LGBl. Nr. 47/2024", "LEGISLATIONTITLE": "Sektorales Raumordnungsprogramm über die Windkraftnutzung in Niederösterreich - Änderung", "LASTUPDATE": "2024-09-03T00:00:00" }, "geometry": { "type": "Polygon", "coordinates": [ [ [ 16.70952902, 48.49250939 ], [ 16.70906061, 48.49192869 ], [ 16.70860629, 48.49193748 ], [ 16.70835242, 48.49197258 ], [ 16.70791175, 48.49202513 ], [ 16.70755228, 48.49206421 ], [ 16.70732583, 48.4920856 ], [ 16.70728775, 48.4920892 ], [ 16.7071222, 48.49210484 ], [ 16.70656667, 48.49214539 ], [ 16.70600948, 48.49217419 ], [ 16.70571523, 48.49218316 ], [ 16.7054512, 48.49219121 ], [ 16.70489238, 48.49219643 ], [ 16.7043336, 48.49218984 ], [ 16.70377541, 48.49217145 ], [ 16.70321839, 48.49214128 ], [ 16.70266309, 48.49209935 ], [ 16.70211008, 48.49204572 ], [ 16.70159744, 48.49198489 ], [ 16.70155991, 48.49198044 ], [ 16.70148389, 48.49196975 ], [ 16.70129888, 48.49194374 ], [ 16.70129308, 48.49196118 ], [ 16.70128244, 48.49198905 ], [ 16.70125114, 48.49207099 ], [ 16.70115905, 48.49231215 ], [ 16.70108625, 48.49249112 ], [ 16.70093107, 48.49284978 ], [ 16.70075873, 48.49320497 ], [ 16.70066029, 48.49338768 ], [ 16.70060793, 48.49348487 ], [ 16.70056943, 48.49355632 ], [ 16.70036335, 48.49390348 ], [ 16.70019684, 48.49415969 ], [ 16.7001407, 48.49424609 ], [ 16.70013284, 48.49425719 ], [ 16.6999017, 48.4945838 ], [ 16.69982241, 48.49468713 ], [ 16.69969907, 48.49484788 ], [ 16.6996466, 48.49491626 ], [ 16.69937567, 48.49524314 ], [ 16.69908917, 48.49556411 ], [ 16.69878739, 48.49587884 ], [ 16.69864801, 48.49601445 ], [ 16.69847066, 48.496187 ], [ 16.69839926, 48.49625191 ], [ 16.69837088, 48.49645706 ], [ 16.69831034, 48.49678284 ], [ 16.69830357, 48.49681925 ], [ 16.69821928, 48.49717986 ], [ 16.69818841, 48.4972893 ], [ 16.69817681, 48.49733042 ], [ 16.69814082, 48.49745798 ], [ 16.69813123, 48.49749199 ], [ 16.69812514, 48.49751358 ], [ 16.6981181, 48.49753855 ], [ 16.69804931, 48.49774633 ], [ 16.69800011, 48.49789497 ], [ 16.6979679, 48.49797959 ], [ 16.69791424, 48.49812057 ], [ 16.69786545, 48.49824876 ], [ 16.69771423, 48.49859959 ], [ 16.69768308, 48.49866417 ], [ 16.69770531, 48.50030267 ], [ 16.69771767, 48.5012135 ], [ 16.69771832, 48.50126159 ], [ 16.69771854, 48.50127718 ], [ 16.69780667, 48.50178058 ], [ 16.69784569, 48.50206884 ], [ 16.6978795, 48.50242993 ], [ 16.69789648, 48.50279154 ], [ 16.69789662, 48.50315333 ], [ 16.69786999, 48.50362176 ], [ 16.69784637, 48.50387605 ], [ 16.69779603, 48.50423629 ], [ 16.69772893, 48.50459532 ], [ 16.69764515, 48.5049528 ], [ 16.69760757, 48.50508594 ], [ 16.69830515, 48.50515412 ], [ 16.70155782, 48.50547196 ], [ 16.70170172, 48.50543298 ], [ 16.70188906, 48.50538229 ], [ 16.70238697, 48.50525307 ], [ 16.70289024, 48.50513336 ], [ 16.7033434, 48.5050352 ], [ 16.70339846, 48.50502327 ], [ 16.70391121, 48.50492289 ], [ 16.70411955, 48.50488638 ], [ 16.70950864, 48.50352554 ], [ 16.7095132, 48.50352439 ], [ 16.70955126, 48.50351777 ], [ 16.71007285, 48.50343761 ], [ 16.71059768, 48.50336742 ], [ 16.71085013, 48.50333863 ], [ 16.71112533, 48.50330725 ], [ 16.71165535, 48.50325715 ], [ 16.71169594, 48.5032541 ], [ 16.71084963, 48.50135279 ], [ 16.71013966, 48.49920554 ], [ 16.71013359, 48.49838058 ], [ 16.70952902, 48.49250939 ] ] ] } },
{ "type": "Feature", "properties": { "ID": 67, "ZONE": "WE115", "AREA_HA": 1014.056364, "COMMUNITIES": "Groß-Schweinbarth, Wolkersdorf im Weinviertel", "LEGALFOUNDATIONDATE": "2024-09-01T00:00:00", "LEGISLATIONCODE": "NÖ LGBl. Nr. 47/2024", "LEGISLATIONTITLE": "Sektorales Raumordnungsprogramm über die Windkraftnutzung in Niederösterreich - Änderung", "LASTUPDATE": "2024-09-03T00:00:00" }, "geometry": { "type": "Polygon", "coordinates": [ [ [ 16.58254898, 48.39950347 ], [ 16.58256258, 48.39952494 ], [ 16.5829184, 48.40007833 ], [ 16.5831774, 48.40048112 ], [ 16.5833549, 48.40079764 ], [ 16.58287666, 48.40185051 ], [ 16.582568, 48.40253001 ], [ 16.58243031, 48.40283319 ], [ 16.58182498, 48.40459745 ], [ 16.58174002, 48.40466931 ], [ 16.58167717, 48.40472249 ], [ 16.58137111, 48.40498142 ], [ 16.58019633, 48.40597529 ], [ 16.57998782, 48.40615168 ], [ 16.5788164, 48.40714265 ], [ 16.57873252, 48.40721359 ], [ 16.57863471, 48.40729632 ], [ 16.57860756, 48.40731632 ], [ 16.57802749, 48.40761103 ], [ 16.5774203, 48.40768369 ], [ 16.5761712, 48.40804321 ], [ 16.57499299, 48.4082836 ], [ 16.57399113, 48.40802394 ], [ 16.57316796, 48.40776391 ], [ 16.57231093, 48.40790843 ], [ 16.57048813, 48.40786458 ], [ 16.57009371, 48.40757986 ], [ 16.56980412, 48.40677146 ], [ 16.56972872, 48.40591504 ], [ 16.5696165, 48.40482076 ], [ 16.56932291, 48.40312294 ], [ 16.55623306, 48.40314716 ], [ 16.53840995, 48.40317917 ], [ 16.53775091, 48.4039661 ], [ 16.53779875, 48.40409294 ], [ 16.53799895, 48.4048945 ], [ 16.53836775, 48.40602793 ], [ 16.53884175, 48.40724492 ], [ 16.53911765, 48.40851377 ], [ 16.53923174, 48.41001188 ], [ 16.5391532, 48.41104656 ], [ 16.53902076, 48.4121799 ], [ 16.54048275, 48.41450089 ], [ 16.54106017, 48.41561326 ], [ 16.541299, 48.41588055 ], [ 16.54146768, 48.41606928 ], [ 16.54158876, 48.41621286 ], [ 16.54161369, 48.4162519 ], [ 16.54175584, 48.41647452 ], [ 16.54182773, 48.41658215 ], [ 16.54191226, 48.41670311 ], [ 16.54203997, 48.41688274 ], [ 16.54210426, 48.41697795 ], [ 16.54215441, 48.41705178 ], [ 16.54268775, 48.41776118 ], [ 16.54277358, 48.41787533 ], [ 16.54670004, 48.41962899 ], [ 16.54940111, 48.42375304 ], [ 16.54941472, 48.42375384 ], [ 16.54980849, 48.42414482 ], [ 16.54983264, 48.42417989 ], [ 16.55021213, 48.42455563 ], [ 16.55053105, 48.42486223 ], [ 16.55060406, 48.42493242 ], [ 16.55115684, 48.42548354 ], [ 16.55167382, 48.42568021 ], [ 16.5519564, 48.42578771 ], [ 16.55264139, 48.42612465 ], [ 16.55343067, 48.42667757 ], [ 16.5541995, 48.42689707 ], [ 16.5551247, 48.42708382 ], [ 16.5560217, 48.42730082 ], [ 16.55647295, 48.42745532 ], [ 16.55664888, 48.42751362 ], [ 16.55669533, 48.427529 ], [ 16.55676491, 48.42755528 ], [ 16.55715983, 48.42770446 ], [ 16.55753039, 48.42790231 ], [ 16.55770816, 48.42820134 ], [ 16.55781768, 48.42874537 ], [ 16.55777069, 48.42922881 ], [ 16.55778206, 48.4292453 ], [ 16.55828292, 48.42927262 ], [ 16.55868606, 48.42905239 ], [ 16.55875136, 48.42901668 ], [ 16.55926802, 48.42875525 ], [ 16.56013021, 48.4283155 ], [ 16.56028862, 48.42823465 ], [ 16.56059081, 48.42817134 ], [ 16.56073344, 48.42814142 ], [ 16.56088183, 48.42811727 ], [ 16.56160598, 48.42799934 ], [ 16.56205842, 48.42767701 ], [ 16.56224835, 48.42754169 ], [ 16.5623724, 48.42750976 ], [ 16.56237919, 48.42750249 ], [ 16.56294155, 48.42736317 ], [ 16.56366454, 48.42699186 ], [ 16.56384508, 48.4268938 ], [ 16.56395834, 48.42683229 ], [ 16.56428998, 48.42665213 ], [ 16.56529624, 48.42629734 ], [ 16.56591086, 48.42614018 ], [ 16.56616474, 48.42595663 ], [ 16.56618777, 48.42593998 ], [ 16.56622115, 48.42591276 ], [ 16.56622972, 48.42587514 ], [ 16.56631182, 48.42564594 ], [ 16.56655448, 48.42552405 ], [ 16.56680971, 48.42549261 ], [ 16.56704186, 48.42549772 ], [ 16.56746788, 48.42543679 ], [ 16.56786868, 48.42538733 ], [ 16.56843543, 48.42531559 ], [ 16.56856172, 48.42530528 ], [ 16.5688074, 48.42528517 ], [ 16.5691217, 48.42525953 ], [ 16.56955146, 48.4252208 ], [ 16.56980917, 48.42516316 ], [ 16.57000012, 48.42512043 ], [ 16.57201026, 48.42524168 ], [ 16.57220673, 48.42526807 ], [ 16.57233069, 48.42528471 ], [ 16.57249001, 48.42530609 ], [ 16.57287769, 48.42535814 ], [ 16.57305846, 48.42538242 ], [ 16.57416843, 48.4256697 ], [ 16.57466133, 48.4258123 ], [ 16.57477465, 48.42591036 ], [ 16.57517171, 48.42625377 ], [ 16.57530063, 48.4263723 ], [ 16.57531304, 48.4264231 ], [ 16.57534211, 48.42654144 ], [ 16.57535378, 48.42658889 ], [ 16.57541174, 48.42682491 ], [ 16.57545133, 48.42698606 ], [ 16.57552479, 48.42728504 ], [ 16.57556482, 48.42744801 ], [ 16.57557165, 48.42747579 ], [ 16.57562742, 48.42765283 ], [ 16.57568149, 48.42831828 ], [ 16.57695508, 48.42860151 ], [ 16.57699817, 48.42861112 ], [ 16.57702196, 48.42858433 ], [ 16.57788903, 48.42760832 ], [ 16.57791395, 48.42757228 ], [ 16.57797508, 48.42748387 ], [ 16.57798202, 48.42747075 ], [ 16.57810611, 48.42723597 ], [ 16.57865039, 48.42620621 ], [ 16.57877264, 48.42597492 ], [ 16.5793502, 48.42477163 ], [ 16.57978176, 48.42398123 ], [ 16.58017779, 48.42319139 ], [ 16.58021458, 48.42311799 ], [ 16.58022155, 48.42310417 ], [ 16.58028957, 48.42296945 ], [ 16.58043996, 48.42267156 ], [ 16.58063201, 48.42164129 ], [ 16.58068126, 48.42131843 ], [ 16.5807143, 48.42110793 ], [ 16.58076241, 48.4208009 ], [ 16.58093113, 48.4205714 ], [ 16.58117327, 48.42024175 ], [ 16.58123153, 48.42016258 ], [ 16.58161655, 48.41990663 ], [ 16.58227032, 48.41946188 ], [ 16.5823945, 48.41938293 ], [ 16.5824842, 48.41932599 ], [ 16.58282276, 48.4191026 ], [ 16.58288579, 48.41906155 ], [ 16.58291911, 48.41903958 ], [ 16.58332858, 48.4187695 ], [ 16.58352761, 48.41863706 ], [ 16.58377436, 48.41846557 ], [ 16.58404316, 48.41827875 ], [ 16.58437132, 48.41805799 ], [ 16.58449017, 48.41785611 ], [ 16.58467533, 48.41754132 ], [ 16.58500577, 48.4169871 ], [ 16.58505157, 48.4169031 ], [ 16.58510556, 48.41681125 ], [ 16.58540715, 48.41629819 ], [ 16.5854263, 48.41626559 ], [ 16.58560909, 48.4156035 ], [ 16.58573092, 48.41515809 ], [ 16.5857427, 48.41511496 ], [ 16.5857596, 48.41505313 ], [ 16.5857836, 48.41496526 ], [ 16.58582334, 48.41498424 ], [ 16.58597439, 48.41505639 ], [ 16.58752332, 48.41579618 ], [ 16.58764586, 48.41588136 ], [ 16.58779328, 48.41598379 ], [ 16.58813373, 48.41622039 ], [ 16.58817289, 48.41622018 ], [ 16.58828291, 48.41621966 ], [ 16.58831554, 48.41621951 ], [ 16.58844839, 48.41621887 ], [ 16.58951378, 48.41621381 ], [ 16.59033155, 48.41620992 ], [ 16.59040222, 48.41620957 ], [ 16.59071121, 48.41620811 ], [ 16.59164184, 48.41620366 ], [ 16.5924055, 48.41603865 ], [ 16.59259387, 48.41653257 ], [ 16.592525, 48.41688668 ], [ 16.59236728, 48.41719479 ], [ 16.59222835, 48.41746622 ], [ 16.59212506, 48.417668 ], [ 16.59207589, 48.41776405 ], [ 16.59180889, 48.41828567 ], [ 16.59177956, 48.41834293 ], [ 16.591804, 48.418434 ], [ 16.59180774, 48.418448 ], [ 16.59182405, 48.41850675 ], [ 16.59186369, 48.41865675 ], [ 16.59187888, 48.4187134 ], [ 16.59190114, 48.41879649 ], [ 16.59194943, 48.41897252 ], [ 16.59199263, 48.41913785 ], [ 16.59201664, 48.41922721 ], [ 16.59193058, 48.41956463 ], [ 16.59175695, 48.42024551 ], [ 16.59174804, 48.42028487 ], [ 16.59165974, 48.42067255 ], [ 16.59164724, 48.42072739 ], [ 16.59160527, 48.42091161 ], [ 16.59158828, 48.42098619 ], [ 16.59158598, 48.42099626 ], [ 16.59155226, 48.42114433 ], [ 16.59154213, 48.42118862 ], [ 16.59160468, 48.42137066 ], [ 16.59164543, 48.42148933 ], [ 16.59169706, 48.42163954 ], [ 16.59206916, 48.42218134 ], [ 16.59237708, 48.42261299 ], [ 16.5924194, 48.42267238 ], [ 16.59251197, 48.4227531 ], [ 16.59272889, 48.42294237 ], [ 16.5927322, 48.42294524 ], [ 16.5929103, 48.42299566 ], [ 16.59388566, 48.42327161 ], [ 16.59425315, 48.42337557 ], [ 16.59469637, 48.42334355 ], [ 16.59493723, 48.4233261 ], [ 16.59500537, 48.42333213 ], [ 16.59547433, 48.42337332 ], [ 16.59547501, 48.42337339 ], [ 16.59548112, 48.42337392 ], [ 16.59700349, 48.42350381 ], [ 16.59793291, 48.42390529 ], [ 16.59805448, 48.42371981 ], [ 16.59857648, 48.42280181 ], [ 16.59891248, 48.42221282 ], [ 16.59915348, 48.42178282 ], [ 16.59942047, 48.42132082 ], [ 16.59955347, 48.42109082 ], [ 16.59962947, 48.42095082 ], [ 16.59975547, 48.42074082 ], [ 16.59987647, 48.42051382 ], [ 16.59999447, 48.42030882 ], [ 16.60016947, 48.42000683 ], [ 16.59901312, 48.41950408 ], [ 16.59851948, 48.41928983 ], [ 16.59837947, 48.41859783 ], [ 16.59830747, 48.41800184 ], [ 16.59823747, 48.41705084 ], [ 16.59824947, 48.41601285 ], [ 16.59833247, 48.41513985 ], [ 16.59851747, 48.41407785 ], [ 16.59877447, 48.41307786 ], [ 16.59919046, 48.41189986 ], [ 16.59986346, 48.41050687 ], [ 16.60055445, 48.40938288 ], [ 16.60131245, 48.40835188 ], [ 16.60205944, 48.40745688 ], [ 16.60286544, 48.40662089 ], [ 16.60345643, 48.40606289 ], [ 16.60388043, 48.40568889 ], [ 16.60423543, 48.40539089 ], [ 16.60460643, 48.40509189 ], [ 16.60415143, 48.4048259 ], [ 16.60360443, 48.4045109 ], [ 16.60300943, 48.4041569 ], [ 16.60093096, 48.40305833 ], [ 16.60111029, 48.40305792 ], [ 16.59974958, 48.40226903 ], [ 16.59187348, 48.39770194 ], [ 16.58391829, 48.39771714 ], [ 16.58348952, 48.39771794 ], [ 16.58348942, 48.39771794 ], [ 16.58326271, 48.39805645 ], [ 16.58295846, 48.3986629 ], [ 16.58255831, 48.39946048 ], [ 16.58254898, 48.39950347 ] ] ] } },
{ "type": "Feature", "properties": { "ID": 61, "ZONE": "WE116", "AREA_HA": 276.603036, "COMMUNITIES": "Weiden an der March", "LEGALFOUNDATIONDATE": "2024-09-01T00:00:00", "LEGISLATIONCODE": "NÖ LGBl. Nr. 47/2024", "LEGISLATIONTITLE": "Sektorales Raumordnungsprogramm über die Windkraftnutzung in Niederösterreich - Änderung", "LASTUPDATE": "2024-09-03T00:00:00" }, "geometry": { "type": "Polygon", "coordinates": [ [ [ 16.77939268, 48.31024747 ], [ 16.77943752, 48.310294 ], [ 16.77959626, 48.31045742 ], [ 16.77981547, 48.31070432 ], [ 16.77990476, 48.31080489 ], [ 16.78004891, 48.31096982 ], [ 16.78055536, 48.31154925 ], [ 16.78094266, 48.31190226 ], [ 16.78037656, 48.31233656 ], [ 16.78156197, 48.3127971 ], [ 16.78382026, 48.31403719 ], [ 16.7838398, 48.31405114 ], [ 16.78385824, 48.31406429 ], [ 16.78404522, 48.31420062 ], [ 16.78459608, 48.31443895 ], [ 16.7848479, 48.31454786 ], [ 16.78545716, 48.31482282 ], [ 16.78544665, 48.31483995 ], [ 16.7855, 48.31486039 ], [ 16.7871543, 48.31549361 ], [ 16.78794909, 48.3157978 ], [ 16.78820994, 48.31589369 ], [ 16.78850566, 48.31600241 ], [ 16.78870794, 48.31607677 ], [ 16.78928851, 48.3162902 ], [ 16.78957557, 48.31639278 ], [ 16.79039464, 48.31668549 ], [ 16.79129218, 48.31706145 ], [ 16.79193269, 48.31737214 ], [ 16.79289992, 48.31786543 ], [ 16.79413563, 48.31840388 ], [ 16.79495554, 48.31874846 ], [ 16.79524339, 48.3188729 ], [ 16.79634051, 48.3193424 ], [ 16.79671345, 48.31954101 ], [ 16.79693332, 48.31966387 ], [ 16.79884167, 48.32075246 ], [ 16.79900283, 48.32085541 ], [ 16.80011802, 48.32156783 ], [ 16.80014056, 48.32158222 ], [ 16.80146891, 48.32257805 ], [ 16.80157171, 48.32250659 ], [ 16.80200767, 48.32219906 ], [ 16.80206156, 48.32216422 ], [ 16.80289395, 48.32158808 ], [ 16.80337457, 48.32132668 ], [ 16.80446924, 48.32060712 ], [ 16.8049735, 48.32030935 ], [ 16.80530124, 48.32011242 ], [ 16.80665219, 48.31928402 ], [ 16.80671705, 48.31924879 ], [ 16.80721691, 48.31897434 ], [ 16.80731437, 48.31892902 ], [ 16.80796136, 48.31863365 ], [ 16.80816196, 48.31854561 ], [ 16.80860098, 48.31836405 ], [ 16.80925961, 48.31812232 ], [ 16.80737939, 48.31728324 ], [ 16.80316121, 48.31540059 ], [ 16.80400296, 48.31499066 ], [ 16.80463618, 48.31467587 ], [ 16.80514794, 48.31443766 ], [ 16.80523801, 48.31439243 ], [ 16.80582911, 48.31408933 ], [ 16.80632867, 48.31384448 ], [ 16.80650666, 48.31375711 ], [ 16.8064891, 48.31371058 ], [ 16.80642051, 48.3135288 ], [ 16.80641891, 48.31352291 ], [ 16.80640553, 48.31347367 ], [ 16.80638333, 48.31339198 ], [ 16.80630046, 48.31308695 ], [ 16.80622646, 48.31281459 ], [ 16.80610483, 48.31209329 ], [ 16.80605617, 48.31136817 ], [ 16.80608069, 48.3106425 ], [ 16.80612438, 48.31031886 ], [ 16.80615126, 48.3101197 ], [ 16.80277737, 48.30865988 ], [ 16.80398234, 48.3074126 ], [ 16.80465417, 48.30671713 ], [ 16.80572766, 48.30560588 ], [ 16.80653097, 48.30477434 ], [ 16.80087729, 48.30232577 ], [ 16.79924956, 48.30401062 ], [ 16.79902431, 48.30414417 ], [ 16.79336695, 48.30203491 ], [ 16.79294934, 48.30227471 ], [ 16.79270837, 48.30241308 ], [ 16.7885066, 48.30482349 ], [ 16.7830556, 48.30795454 ], [ 16.78301692, 48.3079057 ], [ 16.78174924, 48.30863331 ], [ 16.77981094, 48.30996099 ], [ 16.77947764, 48.31018928 ], [ 16.77941193, 48.31023429 ], [ 16.77939268, 48.31024747 ] ] ] } },
{ "type": "Feature", "properties": { "ID": 59, "ZONE": "WE117", "AREA_HA": 223.913637, "COMMUNITIES": "Groß-Enzersdorf, Raasdorf", "LEGALFOUNDATIONDATE": "2024-09-01T00:00:00", "LEGISLATIONCODE": "NÖ LGBl. Nr. 47/2024", "LEGISLATIONTITLE": "Sektorales Raumordnungsprogramm über die Windkraftnutzung in Niederösterreich - Änderung", "LASTUPDATE": "2024-09-03T00:00:00" }, "geometry": { "type": "Polygon", "coordinates": [ [ [ 16.59201872, 48.22012649 ], [ 16.59256113, 48.21984541 ], [ 16.59268346, 48.21979052 ], [ 16.59313095, 48.21958969 ], [ 16.59372551, 48.21936051 ], [ 16.59434206, 48.21915894 ], [ 16.59497773, 48.21898591 ], [ 16.59562956, 48.21884223 ], [ 16.59589154, 48.21879745 ], [ 16.59629452, 48.21872857 ], [ 16.59740947, 48.21842461 ], [ 16.5983805, 48.21822966 ], [ 16.59941594, 48.2180988 ], [ 16.60040897, 48.21803228 ], [ 16.60117796, 48.21801623 ], [ 16.6019686, 48.21805723 ], [ 16.60284492, 48.21814086 ], [ 16.60379638, 48.2182957 ], [ 16.60474811, 48.21850049 ], [ 16.60573253, 48.21882655 ], [ 16.60644981, 48.21913181 ], [ 16.60715656, 48.21946565 ], [ 16.60797112, 48.21998482 ], [ 16.60840678, 48.22031661 ], [ 16.60849678, 48.22038445 ], [ 16.60856637, 48.22044037 ], [ 16.60867887, 48.22038916 ], [ 16.60894879, 48.22027449 ], [ 16.60922401, 48.22016559 ], [ 16.60950425, 48.22006257 ], [ 16.60978924, 48.21996554 ], [ 16.60992368, 48.21992329 ], [ 16.6101957, 48.21982713 ], [ 16.61047877, 48.2197345 ], [ 16.61076602, 48.21964783 ], [ 16.61102, 48.21957748 ], [ 16.61089982, 48.21950261 ], [ 16.61103035, 48.21947223 ], [ 16.61005866, 48.21882493 ], [ 16.60915118, 48.21813727 ], [ 16.60831163, 48.2174121 ], [ 16.60754349, 48.21665241 ], [ 16.60684992, 48.21586133 ], [ 16.60679593, 48.21578955 ], [ 16.60638108, 48.21523799 ], [ 16.6061673, 48.21490965 ], [ 16.60593185, 48.21451441 ], [ 16.60587906, 48.21442156 ], [ 16.60576282, 48.21422259 ], [ 16.60573748, 48.21417714 ], [ 16.60573726, 48.21417683 ], [ 16.60569222, 48.21418795 ], [ 16.60231293, 48.21505258 ], [ 16.60076594, 48.21538928 ], [ 16.59925411, 48.21564259 ], [ 16.59807963, 48.21572855 ], [ 16.59683347, 48.21571949 ], [ 16.59533749, 48.215592 ], [ 16.59412597, 48.21539248 ], [ 16.59304384, 48.21614443 ], [ 16.59157039, 48.21696862 ], [ 16.59018514, 48.21763794 ], [ 16.58964952, 48.21791136 ], [ 16.58938603, 48.21752937 ], [ 16.58772411, 48.21799473 ], [ 16.585992, 48.21850743 ], [ 16.58596741, 48.21851468 ], [ 16.58619285, 48.21890791 ], [ 16.58624538, 48.21899953 ], [ 16.58497724, 48.21932684 ], [ 16.58278928, 48.21970037 ], [ 16.58003085, 48.21992041 ], [ 16.57800137, 48.21993659 ], [ 16.57516982, 48.21975216 ], [ 16.57317446, 48.21944697 ], [ 16.57123194, 48.21901076 ], [ 16.57010075, 48.21874075 ], [ 16.56998698, 48.21880353 ], [ 16.56948366, 48.21906387 ], [ 16.5689683, 48.21931348 ], [ 16.56844143, 48.21955211 ], [ 16.56790355, 48.21977951 ], [ 16.56735522, 48.21999548 ], [ 16.56679696, 48.22019978 ], [ 16.56622935, 48.22039222 ], [ 16.56565293, 48.22057261 ], [ 16.56506829, 48.22074076 ], [ 16.56447601, 48.22089652 ], [ 16.56447433, 48.22089692 ], [ 16.56424726, 48.2221274 ], [ 16.56406312, 48.22312519 ], [ 16.56515303, 48.22635886 ], [ 16.56575754, 48.22775677 ], [ 16.56639913, 48.22921706 ], [ 16.56643567, 48.22929621 ], [ 16.56657996, 48.22958341 ], [ 16.56680234, 48.23001042 ], [ 16.56684499, 48.23008901 ], [ 16.56686854, 48.23013363 ], [ 16.56707562, 48.23053719 ], [ 16.56707698, 48.23053984 ], [ 16.56729127, 48.23095885 ], [ 16.56733198, 48.23104292 ], [ 16.5676192, 48.23189165 ], [ 16.56807261, 48.2318095 ], [ 16.56866231, 48.2317097 ], [ 16.56893615, 48.231446 ], [ 16.5694947, 48.23094154 ], [ 16.56978496, 48.23069474 ], [ 16.5700962, 48.23045963 ], [ 16.57073861, 48.23000191 ], [ 16.57106977, 48.22977929 ], [ 16.57141974, 48.22956991 ], [ 16.57213731, 48.2291651 ], [ 16.57250491, 48.22896967 ], [ 16.5728889, 48.22878884 ], [ 16.57367193, 48.22844242 ], [ 16.57407098, 48.22827682 ], [ 16.57448377, 48.228127 ], [ 16.57532168, 48.22784364 ], [ 16.57574681, 48.2277101 ], [ 16.57618284, 48.22759331 ], [ 16.57706431, 48.22737685 ], [ 16.57750975, 48.22727719 ], [ 16.5779631, 48.227195 ], [ 16.5788762, 48.22704837 ], [ 16.57933595, 48.22698392 ], [ 16.57989208, 48.22693045 ], [ 16.58027626, 48.22690259 ], [ 16.58073351, 48.22686589 ], [ 16.58082506, 48.2268589 ], [ 16.58125512, 48.22682771 ], [ 16.58134993, 48.22682232 ], [ 16.5840766, 48.22618401 ], [ 16.58418254, 48.22615968 ], [ 16.58838113, 48.22517674 ], [ 16.58838341, 48.22510234 ], [ 16.5883998, 48.22489128 ], [ 16.58842607, 48.22468066 ], [ 16.5884622, 48.2244707 ], [ 16.58846742, 48.22444697 ], [ 16.58850816, 48.2242616 ], [ 16.5885639, 48.22405356 ], [ 16.58856851, 48.22403898 ], [ 16.58861425, 48.22389449 ], [ 16.58866345, 48.22375361 ], [ 16.58870447, 48.2236415 ], [ 16.58878918, 48.22343788 ], [ 16.58888339, 48.22323612 ], [ 16.588987, 48.22303644 ], [ 16.58909993, 48.22283903 ], [ 16.58922205, 48.22264408 ], [ 16.58925321, 48.2225984 ], [ 16.58924582, 48.22258876 ], [ 16.58947045, 48.22226476 ], [ 16.58980076, 48.22186267 ], [ 16.5901713, 48.22147656 ], [ 16.59058036, 48.22110822 ], [ 16.59102602, 48.22075936 ], [ 16.5914696, 48.2204566 ], [ 16.59150622, 48.22043161 ], [ 16.59201872, 48.22012649 ] ] ] } },
{ "type": "Feature", "properties": { "ID": 42, "ZONE": "WE12", "AREA_HA": 668.468956, "COMMUNITIES": "Altlichtenwarth, Großkrut, Hausbrunn, Hauskirchen, Neusiedl an der Zaya", "LEGALFOUNDATIONDATE": "2024-09-01T00:00:00", "LEGISLATIONCODE": "NÖ LGBl. Nr. 47/2024", "LEGISLATIONTITLE": "Sektorales Raumordnungsprogramm über die Windkraftnutzung in Niederösterreich - Änderung", "LASTUPDATE": "2024-09-03T00:00:00" }, "geometry": { "type": "MultiPolygon", "coordinates": [ [ [ [ 16.80755696, 48.61789866 ], [ 16.806605, 48.61751788 ], [ 16.80660454, 48.61751811 ], [ 16.80626486, 48.61769042 ], [ 16.8061546, 48.61771961 ], [ 16.80600286, 48.61775978 ], [ 16.80575474, 48.61785866 ], [ 16.8055411, 48.6179707 ], [ 16.80510433, 48.61825194 ], [ 16.80481919, 48.61837098 ], [ 16.80479509, 48.61837819 ], [ 16.80470795, 48.61840422 ], [ 16.80416803, 48.61856551 ], [ 16.80392536, 48.61865158 ], [ 16.80319086, 48.61883718 ], [ 16.80293439, 48.61891416 ], [ 16.80257902, 48.61905306 ], [ 16.80189345, 48.61924104 ], [ 16.80153946, 48.61933283 ], [ 16.80185213, 48.61970409 ], [ 16.80242389, 48.62009434 ], [ 16.80243323, 48.62012335 ], [ 16.80257637, 48.6205679 ], [ 16.80266497, 48.62132202 ], [ 16.80265572, 48.62177492 ], [ 16.80265635, 48.62191709 ], [ 16.80316259, 48.62240594 ], [ 16.80319804, 48.62246893 ], [ 16.80351398, 48.62297772 ], [ 16.80353455, 48.6230108 ], [ 16.80355784, 48.62302869 ], [ 16.80361384, 48.62307163 ], [ 16.80386553, 48.62250916 ], [ 16.8042346, 48.62184677 ], [ 16.80466822, 48.6212018 ], [ 16.80516452, 48.62057702 ], [ 16.80572138, 48.61997508 ], [ 16.80633641, 48.61939858 ], [ 16.80700698, 48.61884998 ], [ 16.80773022, 48.61833163 ], [ 16.80809249, 48.61810387 ], [ 16.80755696, 48.61789866 ] ] ], [ [ [ 16.80300553, 48.62577664 ], [ 16.80157724, 48.62659882 ], [ 16.80148712, 48.62665074 ], [ 16.80092997, 48.62692915 ], [ 16.79996316, 48.62720957 ], [ 16.79927258, 48.62740481 ], [ 16.79866572, 48.62757638 ], [ 16.79840853, 48.6276665 ], [ 16.79669321, 48.62826763 ], [ 16.79639654, 48.62847077 ], [ 16.79634605, 48.62850535 ], [ 16.79573589, 48.62811948 ], [ 16.79560436, 48.62803665 ], [ 16.79541092, 48.62800738 ], [ 16.79159523, 48.62511838 ], [ 16.7911689, 48.62538742 ], [ 16.79066974, 48.62567762 ], [ 16.79015312, 48.62595409 ], [ 16.78989054, 48.62608883 ], [ 16.7896199, 48.62621636 ], [ 16.78907099, 48.62646399 ], [ 16.78879272, 48.62658409 ], [ 16.78850729, 48.62669657 ], [ 16.78792975, 48.62691371 ], [ 16.78733933, 48.62711505 ], [ 16.786737, 48.62730025 ], [ 16.78643299, 48.62738878 ], [ 16.78612378, 48.62746901 ], [ 16.78550068, 48.62762105 ], [ 16.78486874, 48.6277561 ], [ 16.78422901, 48.62787396 ], [ 16.78358257, 48.62797442 ], [ 16.78293048, 48.62805731 ], [ 16.78260314, 48.62809434 ], [ 16.7822738, 48.6281225 ], [ 16.78161368, 48.62816987 ], [ 16.78095121, 48.62819935 ], [ 16.78028746, 48.62821089 ], [ 16.77995539, 48.62821217 ], [ 16.77962353, 48.62820447 ], [ 16.77896056, 48.6281801 ], [ 16.77829966, 48.62813782 ], [ 16.77764191, 48.62807771 ], [ 16.77698841, 48.62799985 ], [ 16.77634024, 48.62790439 ], [ 16.77601761, 48.62785227 ], [ 16.77569847, 48.62779148 ], [ 16.7750642, 48.6276613 ], [ 16.77474907, 48.62759192 ], [ 16.77443847, 48.62751408 ], [ 16.77382232, 48.62735006 ], [ 16.7732168, 48.62716952 ], [ 16.77262288, 48.62697275 ], [ 16.77209715, 48.62678222 ], [ 16.77163806, 48.62660098 ], [ 16.77141076, 48.62650787 ], [ 16.77113883, 48.62639233 ], [ 16.77107449, 48.62636471 ], [ 16.77094619, 48.62630906 ], [ 16.77087628, 48.626276 ], [ 16.77083625, 48.62630547 ], [ 16.77041469, 48.62664551 ], [ 16.76997256, 48.62697387 ], [ 16.76974643, 48.62713506 ], [ 16.76951057, 48.62729001 ], [ 16.76902952, 48.62759338 ], [ 16.76853021, 48.62788349 ], [ 16.76801344, 48.62815986 ], [ 16.76754915, 48.62839055 ], [ 16.76714156, 48.6285784 ], [ 16.76693561, 48.62867026 ], [ 16.76682357, 48.62871861 ], [ 16.7667531, 48.62874867 ], [ 16.76661165, 48.62880834 ], [ 16.76648738, 48.62885785 ], [ 16.76616154, 48.62898956 ], [ 16.7660975, 48.62901275 ], [ 16.76609449, 48.62901074 ], [ 16.7656775, 48.6291674 ], [ 16.76508697, 48.62936863 ], [ 16.76448453, 48.62955371 ], [ 16.76418047, 48.62964218 ], [ 16.76387121, 48.62972236 ], [ 16.76324801, 48.62987427 ], [ 16.76297643, 48.62993225 ], [ 16.76312331, 48.63021467 ], [ 16.76322512, 48.6304242 ], [ 16.76330487, 48.63061461 ], [ 16.76344502, 48.63087481 ], [ 16.76352336, 48.6310274 ], [ 16.76362926, 48.63124427 ], [ 16.76372619, 48.6314429 ], [ 16.76375281, 48.6314985 ], [ 16.76380518, 48.63160991 ], [ 16.76391974, 48.6318778 ], [ 16.76408428, 48.63230422 ], [ 16.76422245, 48.63273473 ], [ 16.76433402, 48.63316862 ], [ 16.76440653, 48.63354201 ], [ 16.76452651, 48.63383617 ], [ 16.76444446, 48.63379974 ], [ 16.76447663, 48.63404363 ], [ 16.7644988, 48.63426326 ], [ 16.76450744, 48.6344833 ], [ 16.76451117, 48.63492344 ], [ 16.76450626, 48.63514354 ], [ 16.76448781, 48.63536332 ], [ 16.76446929, 48.6355245 ], [ 16.76437433, 48.63615844 ], [ 16.76436001, 48.63623933 ], [ 16.76425579, 48.63667402 ], [ 16.7641249, 48.63710553 ], [ 16.76396757, 48.63753315 ], [ 16.76388231, 48.63774589 ], [ 16.76378404, 48.63795615 ], [ 16.76357463, 48.63837384 ], [ 16.76341674, 48.63866127 ], [ 16.76332132, 48.63882076 ], [ 16.76327265, 48.63890026 ], [ 16.76322512, 48.63897615 ], [ 16.76314509, 48.63909958 ], [ 16.76298042, 48.63934507 ], [ 16.76274726, 48.63966402 ], [ 16.76243822, 48.64005361 ], [ 16.76210546, 48.64043451 ], [ 16.76174952, 48.6408061 ], [ 16.76156582, 48.6409895 ], [ 16.76137099, 48.64116778 ], [ 16.76097052, 48.64151891 ], [ 16.76054877, 48.64185891 ], [ 16.76019695, 48.64212005 ], [ 16.75987036, 48.64260488 ], [ 16.75937328, 48.64322947 ], [ 16.7592313, 48.64338266 ], [ 16.75902481, 48.64360547 ], [ 16.75881561, 48.64383118 ], [ 16.75819974, 48.64440743 ], [ 16.7575283, 48.64495574 ], [ 16.75680417, 48.64547378 ], [ 16.75603044, 48.64595932 ], [ 16.75521044, 48.64641028 ], [ 16.75434766, 48.64682473 ], [ 16.75344581, 48.64720089 ], [ 16.7529605, 48.64737505 ], [ 16.75250876, 48.64753716 ], [ 16.75243043, 48.64756294 ], [ 16.7506096, 48.64815804 ], [ 16.75061016, 48.64815906 ], [ 16.75061237, 48.64816307 ], [ 16.75063703, 48.64820785 ], [ 16.75070081, 48.64832684 ], [ 16.75070543, 48.64833547 ], [ 16.75073061, 48.64838245 ], [ 16.75075956, 48.64844446 ], [ 16.75098512, 48.64892769 ], [ 16.75100731, 48.64897525 ], [ 16.7510455, 48.64905705 ], [ 16.75129313, 48.64974386 ], [ 16.75134204, 48.64993373 ], [ 16.75146242, 48.65040098 ], [ 16.75147016, 48.65044012 ], [ 16.75149916, 48.65061013 ], [ 16.75151368, 48.65069527 ], [ 16.75152592, 48.65078059 ], [ 16.75158268, 48.65114227 ], [ 16.75159799, 48.65140799 ], [ 16.75162335, 48.65184789 ], [ 16.75160523, 48.65228794 ], [ 16.7515999, 48.65236118 ], [ 16.75158687, 48.65249194 ], [ 16.75154885, 48.65287327 ], [ 16.75154346, 48.65291582 ], [ 16.75151951, 48.65308647 ], [ 16.7514933, 48.65325667 ], [ 16.7514862, 48.65329587 ], [ 16.7514702, 48.65338416 ], [ 16.75144024, 48.65351103 ], [ 16.7513735, 48.65376396 ], [ 16.75133673, 48.65389003 ], [ 16.7512605, 48.65412842 ], [ 16.7511762, 48.65439209 ], [ 16.7510824, 48.65464122 ], [ 16.7510349, 48.65474471 ], [ 16.7510107, 48.65479511 ], [ 16.75097237, 48.65487494 ], [ 16.75091144, 48.65501779 ], [ 16.75088455, 48.65508107 ], [ 16.75072784, 48.65556542 ], [ 16.75068738, 48.65565562 ], [ 16.75060596, 48.65583173 ], [ 16.75056112, 48.65592411 ], [ 16.75046771, 48.65610804 ], [ 16.75041912, 48.6561996 ], [ 16.75032839, 48.65636347 ], [ 16.75029074, 48.65643982 ], [ 16.75002347, 48.65692278 ], [ 16.75000956, 48.65694539 ], [ 16.74997635, 48.65699934 ], [ 16.74987679, 48.65716108 ], [ 16.74979409, 48.65727722 ], [ 16.74974127, 48.65734809 ], [ 16.74971248, 48.65738671 ], [ 16.74962249, 48.65750745 ], [ 16.74953359, 48.65762154 ], [ 16.74916602, 48.6580733 ], [ 16.74907103, 48.65818522 ], [ 16.74902904, 48.65823268 ], [ 16.74866084, 48.65862973 ], [ 16.74861605, 48.65867802 ], [ 16.74844797, 48.6588352 ], [ 16.74843721, 48.65884526 ], [ 16.74799988, 48.65925421 ], [ 16.74778272, 48.65943146 ], [ 16.7477176, 48.6594846 ], [ 16.74762209, 48.65954403 ], [ 16.74762831, 48.65955748 ], [ 16.74734851, 48.65978584 ], [ 16.74728107, 48.65983612 ], [ 16.74691982, 48.66009441 ], [ 16.74686627, 48.66013158 ], [ 16.74632143, 48.66049642 ], [ 16.74626591, 48.66053229 ], [ 16.74587993, 48.66077437 ], [ 16.7458756, 48.66077697 ], [ 16.74580476, 48.66081959 ], [ 16.74541968, 48.66103124 ], [ 16.7452745, 48.66111104 ], [ 16.7450093, 48.6612568 ], [ 16.74438164, 48.66155814 ], [ 16.74407377, 48.66170136 ], [ 16.7434784, 48.66194955 ], [ 16.74340721, 48.66197787 ], [ 16.74323928, 48.662042 ], [ 16.74256131, 48.66229036 ], [ 16.74239005, 48.66235048 ], [ 16.74215077, 48.66243088 ], [ 16.74204436, 48.66246663 ], [ 16.74186995, 48.66252267 ], [ 16.74169264, 48.66257454 ], [ 16.74153017, 48.66261979 ], [ 16.741338, 48.66267828 ], [ 16.74034236, 48.66293052 ], [ 16.7401057, 48.66297898 ], [ 16.73944743, 48.66311378 ], [ 16.73932394, 48.66313907 ], [ 16.73884312, 48.66321511 ], [ 16.73952899, 48.66405508 ], [ 16.73992879, 48.66454468 ], [ 16.74779192, 48.66233101 ], [ 16.74783103, 48.66237568 ], [ 16.75010408, 48.66476806 ], [ 16.75209977, 48.66673778 ], [ 16.75304441, 48.66780528 ], [ 16.75356005, 48.66838797 ], [ 16.75890898, 48.6673634 ], [ 16.76062841, 48.66679795 ], [ 16.76102142, 48.66654668 ], [ 16.76122208, 48.66627347 ], [ 16.76159386, 48.66535321 ], [ 16.77063483, 48.66395651 ], [ 16.77181758, 48.66373368 ], [ 16.77231665, 48.66363965 ], [ 16.77693475, 48.66270843 ], [ 16.78270399, 48.66158188 ], [ 16.78276019, 48.6615709 ], [ 16.78254204, 48.66102581 ], [ 16.78249165, 48.6608999 ], [ 16.77964403, 48.65734382 ], [ 16.77884644, 48.6563477 ], [ 16.77884685, 48.6563475 ], [ 16.77917737, 48.65622717 ], [ 16.77842023, 48.65585385 ], [ 16.77830425, 48.65579614 ], [ 16.77747646, 48.65535134 ], [ 16.77669437, 48.65487162 ], [ 16.77596132, 48.65435903 ], [ 16.77528046, 48.65381577 ], [ 16.77498795, 48.65355834 ], [ 16.77425996, 48.65289734 ], [ 16.7740043, 48.65294667 ], [ 16.77354981, 48.6525113 ], [ 16.77322587, 48.65220098 ], [ 16.77319324, 48.65217788 ], [ 16.7731519, 48.65216204 ], [ 16.77310541, 48.65215483 ], [ 16.77305776, 48.65215686 ], [ 16.77301304, 48.65216796 ], [ 16.77287645, 48.65221806 ], [ 16.7728722, 48.65221947 ], [ 16.77284284, 48.65222785 ], [ 16.77283041, 48.65222999 ], [ 16.77279714, 48.6522338 ], [ 16.77277021, 48.65223386 ], [ 16.77274365, 48.65223096 ], [ 16.77271818, 48.65222517 ], [ 16.77268852, 48.65221448 ], [ 16.77267717, 48.65220954 ], [ 16.7726756, 48.65220872 ], [ 16.77267043, 48.65220579 ], [ 16.77265549, 48.65219659 ], [ 16.7726507, 48.65219339 ], [ 16.77252855, 48.65210443 ], [ 16.77249251, 48.65208477 ], [ 16.77249133, 48.65208444 ], [ 16.77249039, 48.65208394 ], [ 16.77247669, 48.65208033 ], [ 16.77244953, 48.6520727 ], [ 16.77244699, 48.65207251 ], [ 16.77244475, 48.65207191 ], [ 16.77242807, 48.65207108 ], [ 16.77240316, 48.65206919 ], [ 16.77239937, 48.65206964 ], [ 16.77239577, 48.65206945 ], [ 16.77237933, 48.65207197 ], [ 16.77235718, 48.65207455 ], [ 16.77235259, 48.65207607 ], [ 16.77234791, 48.65207678 ], [ 16.77233375, 48.65208228 ], [ 16.77231539, 48.65208833 ], [ 16.77230552, 48.65209323 ], [ 16.77219143, 48.65215452 ], [ 16.77208427, 48.65221208 ], [ 16.77203971, 48.65223601 ], [ 16.77202526, 48.65224378 ], [ 16.77187159, 48.65232635 ], [ 16.77186177, 48.65233163 ], [ 16.7718533, 48.65233785 ], [ 16.77184586, 48.6523433 ], [ 16.77182808, 48.65235635 ], [ 16.77180738, 48.65238671 ], [ 16.77180163, 48.6524198 ], [ 16.77180359, 48.65242636 ], [ 16.77162374, 48.65243644 ], [ 16.77124636, 48.652054 ], [ 16.77082424, 48.65208987 ], [ 16.7707386, 48.65219192 ], [ 16.77055292, 48.65220274 ], [ 16.77034819, 48.65206891 ], [ 16.77034703, 48.65193402 ], [ 16.77071708, 48.65166313 ], [ 16.77244764, 48.65113404 ], [ 16.77207825, 48.65077142 ], [ 16.77151987, 48.65018327 ], [ 16.77101215, 48.64956242 ], [ 16.77056681, 48.6489209 ], [ 16.77018576, 48.64826146 ], [ 16.77000517, 48.64789426 ], [ 16.76995091, 48.64777686 ], [ 16.76981637, 48.6474695 ], [ 16.7695685, 48.64678274 ], [ 16.76951676, 48.64660803 ], [ 16.76948015, 48.6464788 ], [ 16.76935234, 48.64595747 ], [ 16.76925473, 48.64536655 ], [ 16.76914029, 48.64443788 ], [ 16.76912744, 48.64432648 ], [ 16.76908653, 48.64362086 ], [ 16.76911535, 48.64291499 ], [ 16.76921378, 48.64221187 ], [ 16.76938138, 48.64151453 ], [ 16.76961743, 48.64082594 ], [ 16.76992093, 48.64014906 ], [ 16.77029057, 48.63948678 ], [ 16.77072477, 48.63884194 ], [ 16.77096754, 48.63853676 ], [ 16.77176807, 48.63855336 ], [ 16.77147201, 48.63794705 ], [ 16.77177912, 48.63761553 ], [ 16.77207537, 48.6373382 ], [ 16.77225419, 48.6371708 ], [ 16.77239475, 48.63703921 ], [ 16.77306593, 48.63649081 ], [ 16.77378976, 48.63597267 ], [ 16.77456317, 48.63548701 ], [ 16.77473756, 48.63539104 ], [ 16.77568181, 48.63581323 ], [ 16.77580928, 48.63585474 ], [ 16.77594466, 48.63569971 ], [ 16.77611684, 48.63551148 ], [ 16.77630046, 48.63532807 ], [ 16.77667883, 48.63496636 ], [ 16.77687358, 48.63478806 ], [ 16.77707914, 48.63461517 ], [ 16.77750072, 48.6342751 ], [ 16.77771674, 48.63410792 ], [ 16.77790826, 48.63397139 ], [ 16.77794288, 48.63394671 ], [ 16.77840487, 48.63363054 ], [ 16.77888591, 48.63332713 ], [ 16.77938523, 48.63303697 ], [ 16.77963936, 48.63289527 ], [ 16.77990199, 48.63276055 ], [ 16.78043532, 48.63249832 ], [ 16.78098433, 48.63225074 ], [ 16.78154812, 48.6320182 ], [ 16.7818336, 48.63190574 ], [ 16.78212575, 48.63180109 ], [ 16.78271625, 48.63159978 ], [ 16.78331863, 48.6314146 ], [ 16.78393192, 48.63124585 ], [ 16.78424116, 48.63116562 ], [ 16.78455507, 48.63109382 ], [ 16.78518705, 48.63095876 ], [ 16.78570785, 48.63086002 ], [ 16.78585342, 48.63083586 ], [ 16.78623304, 48.63077393 ], [ 16.78631861, 48.6307605 ], [ 16.78642507, 48.63074475 ], [ 16.78667777, 48.63070594 ], [ 16.78681718, 48.63068536 ], [ 16.78693219, 48.63066909 ], [ 16.7869792, 48.63066204 ], [ 16.78702877, 48.63065462 ], [ 16.78728707, 48.63061632 ], [ 16.78752763, 48.63057689 ], [ 16.78773728, 48.63054448 ], [ 16.78815774, 48.63048333 ], [ 16.78835936, 48.63045861 ], [ 16.78857883, 48.63042522 ], [ 16.78870145, 48.63040774 ], [ 16.78875136, 48.63040074 ], [ 16.78886475, 48.63038508 ], [ 16.7890267, 48.63036306 ], [ 16.78908208, 48.63035567 ], [ 16.78955203, 48.63029407 ], [ 16.78980049, 48.63026413 ], [ 16.78994626, 48.63024682 ], [ 16.79015527, 48.63022368 ], [ 16.79057395, 48.63018103 ], [ 16.79078372, 48.63016151 ], [ 16.79103559, 48.63014028 ], [ 16.79111039, 48.63013421 ], [ 16.79126003, 48.63012253 ], [ 16.79166565, 48.63009767 ], [ 16.79232816, 48.63006813 ], [ 16.79265988, 48.63005784 ], [ 16.79299195, 48.63005652 ], [ 16.79365589, 48.63006286 ], [ 16.79431886, 48.63008715 ], [ 16.79497981, 48.63012933 ], [ 16.79530964, 48.63015489 ], [ 16.79563763, 48.63018935 ], [ 16.7962912, 48.6302671 ], [ 16.79693943, 48.63036245 ], [ 16.79758126, 48.63047524 ], [ 16.79821562, 48.63060529 ], [ 16.79839297, 48.63064698 ], [ 16.79928721, 48.63083243 ], [ 16.80008138, 48.63100092 ], [ 16.80090061, 48.63134863 ], [ 16.80191283, 48.63165815 ], [ 16.80219073, 48.63100888 ], [ 16.80249362, 48.62964864 ], [ 16.80301958, 48.62853839 ], [ 16.80334017, 48.62798535 ], [ 16.80318601, 48.62738911 ], [ 16.80307511, 48.62668681 ], [ 16.80303375, 48.62598121 ], [ 16.80304076, 48.62580656 ], [ 16.8030429, 48.62575335 ], [ 16.80303214, 48.62576133 ], [ 16.80300553, 48.62577664 ] ], [ [ 16.7674511, 48.65766298 ], [ 16.76728489, 48.65758336 ], [ 16.76698486, 48.65765891 ], [ 16.76632316, 48.65763888 ], [ 16.76683778, 48.65758331 ], [ 16.76683466, 48.65752276 ], [ 16.76623778, 48.65743844 ], [ 16.76615555, 48.65730029 ], [ 16.76529876, 48.65739905 ], [ 16.76509851, 48.65720417 ], [ 16.76514815, 48.65710775 ], [ 16.76579759, 48.65662949 ], [ 16.76644406, 48.65740137 ], [ 16.76710659, 48.65722624 ], [ 16.7674511, 48.65766298 ] ], [ [ 16.75910245, 48.65535938 ], [ 16.76027659, 48.65482137 ], [ 16.76029839, 48.65484883 ], [ 16.75960848, 48.65551814 ], [ 16.75898361, 48.65621483 ], [ 16.75887025, 48.65620024 ], [ 16.75889604, 48.65627167 ], [ 16.75891063, 48.65631205 ], [ 16.75893155, 48.65642132 ], [ 16.7589486, 48.65651038 ], [ 16.75911391, 48.65673831 ], [ 16.75936089, 48.65709621 ], [ 16.7594447, 48.65724104 ], [ 16.75951701, 48.65729788 ], [ 16.75955104, 48.65750237 ], [ 16.75951922, 48.65756197 ], [ 16.75959314, 48.65781152 ], [ 16.75955393, 48.65784735 ], [ 16.75956502, 48.65788538 ], [ 16.75955828, 48.65793775 ], [ 16.75949433, 48.65802126 ], [ 16.75950922, 48.65808307 ], [ 16.75940643, 48.65845204 ], [ 16.75922289, 48.65900756 ], [ 16.75919553, 48.65911425 ], [ 16.75915145, 48.65921919 ], [ 16.75913574, 48.65934077 ], [ 16.75947493, 48.66000374 ], [ 16.75955525, 48.66016225 ], [ 16.75942066, 48.66018351 ], [ 16.75916626, 48.66022968 ], [ 16.75907194, 48.66022246 ], [ 16.75905083, 48.66024917 ], [ 16.75840213, 48.66018523 ], [ 16.75832337, 48.6599539 ], [ 16.75792285, 48.65918814 ], [ 16.75811013, 48.6589238 ], [ 16.75812355, 48.65886916 ], [ 16.75808695, 48.65881362 ], [ 16.75816386, 48.65870504 ], [ 16.75819559, 48.65857583 ], [ 16.75826889, 48.65844562 ], [ 16.75855646, 48.65815078 ], [ 16.75862052, 48.65806034 ], [ 16.75894148, 48.65760227 ], [ 16.75880522, 48.65716636 ], [ 16.75819864, 48.65645323 ], [ 16.75832758, 48.65618968 ], [ 16.75861234, 48.65560768 ], [ 16.75867296, 48.65556293 ], [ 16.75873867, 48.65548569 ], [ 16.75910245, 48.65535938 ] ] ] ] } },
{ "type": "Feature", "properties": { "ID": 68, "ZONE": "WE121", "AREA_HA": 146.618598, "COMMUNITIES": "Rußbach", "LEGALFOUNDATIONDATE": "2024-09-01T00:00:00", "LEGISLATIONCODE": "NÖ LGBl. Nr. 47/2024", "LEGISLATIONTITLE": "Sektorales Raumordnungsprogramm über die Windkraftnutzung in Niederösterreich - Änderung", "LASTUPDATE": "2024-09-03T00:00:00" }, "geometry": { "type": "Polygon", "coordinates": [ [ [ 16.06869247, 48.43388666 ], [ 16.06863472, 48.43389957 ], [ 16.0687069, 48.43405105 ], [ 16.06885247, 48.43435655 ], [ 16.06887932, 48.43440482 ], [ 16.06901205, 48.43464334 ], [ 16.06903066, 48.43467711 ], [ 16.06901008, 48.43468426 ], [ 16.06898152, 48.4346922 ], [ 16.06820845, 48.4349288 ], [ 16.06790216, 48.43502254 ], [ 16.0678728, 48.43503152 ], [ 16.06775764, 48.43506676 ], [ 16.06716283, 48.43524875 ], [ 16.06710871, 48.43528639 ], [ 16.06710868, 48.43528642 ], [ 16.06665703, 48.43560054 ], [ 16.06588996, 48.4361339 ], [ 16.06581034, 48.43618929 ], [ 16.06537875, 48.43639961 ], [ 16.06522026, 48.43647684 ], [ 16.06512489, 48.43654515 ], [ 16.06511019, 48.43655568 ], [ 16.06492614, 48.43668766 ], [ 16.06482982, 48.43675677 ], [ 16.06455465, 48.43688472 ], [ 16.06442351, 48.43694556 ], [ 16.06428681, 48.43700918 ], [ 16.06404415, 48.43712191 ], [ 16.06396614, 48.43715437 ], [ 16.06343342, 48.43737605 ], [ 16.06315718, 48.43748607 ], [ 16.06299799, 48.43754947 ], [ 16.06281325, 48.43762305 ], [ 16.06227651, 48.4378367 ], [ 16.06220527, 48.43786513 ], [ 16.0621726, 48.43787693 ], [ 16.06204534, 48.43792293 ], [ 16.06194418, 48.43795952 ], [ 16.06185021, 48.43799351 ], [ 16.06180905, 48.43800846 ], [ 16.06147525, 48.43812913 ], [ 16.06114918, 48.43824714 ], [ 16.06063835, 48.43836409 ], [ 16.06057972, 48.43838382 ], [ 16.06012194, 48.43853812 ], [ 16.05987699, 48.43862068 ], [ 16.05977686, 48.43865444 ], [ 16.05973173, 48.43866965 ], [ 16.05947489, 48.43877865 ], [ 16.05940232, 48.43882304 ], [ 16.05933252, 48.43886573 ], [ 16.05927352, 48.43890182 ], [ 16.05924735, 48.43891786 ], [ 16.05923962, 48.43892134 ], [ 16.05889983, 48.43907439 ], [ 16.0588546, 48.43909155 ], [ 16.0586346, 48.43917529 ], [ 16.05857357, 48.43919852 ], [ 16.05853882, 48.43921175 ], [ 16.05831584, 48.43929664 ], [ 16.05813783, 48.43939225 ], [ 16.05809882, 48.4394132 ], [ 16.05796668, 48.43948414 ], [ 16.05773311, 48.43960953 ], [ 16.05762955, 48.43966512 ], [ 16.05761332, 48.43964832 ], [ 16.05760455, 48.43963925 ], [ 16.05759985, 48.43963441 ], [ 16.05746166, 48.43949209 ], [ 16.05731691, 48.439343 ], [ 16.05657804, 48.438582 ], [ 16.0563567, 48.43835394 ], [ 16.05612297, 48.43794528 ], [ 16.05609941, 48.43790421 ], [ 16.05608801, 48.43788426 ], [ 16.05604351, 48.43780644 ], [ 16.05602579, 48.43777544 ], [ 16.05601227, 48.43775247 ], [ 16.0559978, 48.43772807 ], [ 16.05597472, 48.43768905 ], [ 16.05596737, 48.43767664 ], [ 16.05596239, 48.43766823 ], [ 16.05595227, 48.43765116 ], [ 16.05594971, 48.4376528 ], [ 16.05593319, 48.43766341 ], [ 16.05586561, 48.43770679 ], [ 16.0556581, 48.43784001 ], [ 16.05535456, 48.43803477 ], [ 16.0553313, 48.43804971 ], [ 16.05531564, 48.43805977 ], [ 16.05529543, 48.43807276 ], [ 16.05529431, 48.43807137 ], [ 16.05423688, 48.43676342 ], [ 16.05389342, 48.43637202 ], [ 16.05340517, 48.43581561 ], [ 16.05337457, 48.43577743 ], [ 16.05292053, 48.435211 ], [ 16.05260114, 48.43475697 ], [ 16.05256285, 48.43469031 ], [ 16.05234979, 48.43431939 ], [ 16.05176386, 48.43317692 ], [ 16.05153131, 48.43272347 ], [ 16.04811053, 48.4355848 ], [ 16.0484249, 48.43566183 ], [ 16.0488626, 48.4357788 ], [ 16.04928934, 48.43591251 ], [ 16.0501304, 48.43619621 ], [ 16.05054472, 48.4363462 ], [ 16.05094524, 48.43651196 ], [ 16.05133441, 48.43668914 ], [ 16.05172659, 48.43686327 ], [ 16.05211652, 48.43703968 ], [ 16.05248012, 48.43723944 ], [ 16.05284106, 48.4374413 ], [ 16.05320554, 48.43764036 ], [ 16.05355675, 48.43784988 ], [ 16.05388069, 48.4380667 ], [ 16.0545096, 48.43851219 ], [ 16.05481457, 48.43874086 ], [ 16.0549132, 48.43881918 ], [ 16.05506075, 48.4389364 ], [ 16.05535578, 48.43918599 ], [ 16.05592374, 48.43969671 ], [ 16.05619646, 48.43995769 ], [ 16.05627484, 48.4400392 ], [ 16.05642938, 48.44020314 ], [ 16.05650554, 48.44028557 ], [ 16.05656439, 48.44035055 ], [ 16.05672713, 48.44053875 ], [ 16.05704113, 48.44091934 ], [ 16.05719237, 48.44111174 ], [ 16.05739017, 48.44139668 ], [ 16.05776054, 48.44197372 ], [ 16.05793312, 48.44226583 ], [ 16.05808497, 48.44257564 ], [ 16.05828539, 48.44303074 ], [ 16.05941213, 48.44279461 ], [ 16.05943729, 48.44284116 ], [ 16.05950041, 48.44296515 ], [ 16.05956328, 48.44308661 ], [ 16.05958656, 48.44313145 ], [ 16.05967858, 48.44330928 ], [ 16.05986853, 48.44350074 ], [ 16.06000055, 48.44365718 ], [ 16.06006931, 48.44373873 ], [ 16.06008458, 48.44376439 ], [ 16.06029204, 48.44371921 ], [ 16.060678, 48.44363146 ], [ 16.06089249, 48.44358476 ], [ 16.06109845, 48.4435393 ], [ 16.06121172, 48.4435143 ], [ 16.0612756, 48.44349944 ], [ 16.06135126, 48.4435301 ], [ 16.06137316, 48.44360063 ], [ 16.06141674, 48.44359348 ], [ 16.06145684, 48.44355185 ], [ 16.06204429, 48.4434809 ], [ 16.0620663, 48.44345398 ], [ 16.06254076, 48.44291171 ], [ 16.06278984, 48.44264516 ], [ 16.06306179, 48.44238871 ], [ 16.06362764, 48.44188675 ], [ 16.06392154, 48.44164124 ], [ 16.06423639, 48.44140752 ], [ 16.06488597, 48.44095265 ], [ 16.0652207, 48.4407315 ], [ 16.06548455, 48.44057411 ], [ 16.06602231, 48.44026713 ], [ 16.06629623, 48.44011756 ], [ 16.06663694, 48.43993965 ], [ 16.06672981, 48.43989187 ], [ 16.06691659, 48.43979722 ], [ 16.06701049, 48.43975034 ], [ 16.06739784, 48.43957122 ], [ 16.06818752, 48.43922826 ], [ 16.06858986, 48.43906443 ], [ 16.06900582, 48.43891644 ], [ 16.06984998, 48.43863679 ], [ 16.07027818, 48.43850513 ], [ 16.07071716, 48.43839026 ], [ 16.07160439, 48.4381777 ], [ 16.07205265, 48.43808 ], [ 16.07250868, 48.43799982 ], [ 16.07342698, 48.43785721 ], [ 16.07388926, 48.43779479 ], [ 16.0743562, 48.43775037 ], [ 16.07529318, 48.43767965 ], [ 16.0757632, 48.43765336 ], [ 16.07623473, 48.4376453 ], [ 16.07717771, 48.43764742 ], [ 16.07764915, 48.43765761 ], [ 16.07813305, 48.43768715 ], [ 16.07861563, 48.43761203 ], [ 16.07899261, 48.43755695 ], [ 16.0791497, 48.4375366 ], [ 16.07922613, 48.43752669 ], [ 16.07931084, 48.43751601 ], [ 16.07948052, 48.43749525 ], [ 16.07956551, 48.43748517 ], [ 16.08003245, 48.43744072 ], [ 16.0809694, 48.43736996 ], [ 16.08146233, 48.43734285 ], [ 16.0815997, 48.43733835 ], [ 16.08178159, 48.43733306 ], [ 16.0822883, 48.43731834 ], [ 16.08242559, 48.43731676 ], [ 16.08271409, 48.43731344 ], [ 16.08356547, 48.43731851 ], [ 16.08399106, 48.43732849 ], [ 16.0840124, 48.43732978 ], [ 16.08401679, 48.4373252 ], [ 16.08411528, 48.43733599 ], [ 16.08446081, 48.43735687 ], [ 16.08539704, 48.43743176 ], [ 16.08586353, 48.43747826 ], [ 16.08632516, 48.43754273 ], [ 16.08648326, 48.43756803 ], [ 16.08667132, 48.43746273 ], [ 16.0866839, 48.43745635 ], [ 16.08689927, 48.4373579 ], [ 16.08694616, 48.43734316 ], [ 16.08699764, 48.43733902 ], [ 16.08717169, 48.4373085 ], [ 16.08723527, 48.43733407 ], [ 16.0872818, 48.43737091 ], [ 16.087324, 48.43742469 ], [ 16.08734915, 48.43749256 ], [ 16.08734885, 48.43755328 ], [ 16.0877343, 48.43741864 ], [ 16.08812121, 48.43728296 ], [ 16.08839306, 48.43721376 ], [ 16.08859534, 48.43716518 ], [ 16.08889412, 48.43708885 ], [ 16.08890738, 48.43701901 ], [ 16.08890423, 48.43700803 ], [ 16.08894731, 48.43690452 ], [ 16.08893445, 48.43676897 ], [ 16.08886634, 48.43654553 ], [ 16.08883706, 48.43645239 ], [ 16.08882083, 48.43640074 ], [ 16.08874536, 48.43618997 ], [ 16.08820071, 48.43505354 ], [ 16.08782618, 48.43431424 ], [ 16.08758771, 48.43386058 ], [ 16.08740864, 48.43350308 ], [ 16.08729846, 48.43328963 ], [ 16.08726835, 48.43322976 ], [ 16.08724573, 48.43318502 ], [ 16.0872041, 48.43310372 ], [ 16.08717385, 48.43304484 ], [ 16.08714118, 48.43298128 ], [ 16.08699083, 48.43202996 ], [ 16.08697805, 48.43195197 ], [ 16.08697141, 48.4319114 ], [ 16.0868062, 48.43087677 ], [ 16.08676174, 48.43084952 ], [ 16.08576035, 48.43083664 ], [ 16.08555632, 48.43083395 ], [ 16.08534769, 48.43083134 ], [ 16.08509262, 48.43079202 ], [ 16.08406691, 48.43077881 ], [ 16.08144149, 48.43117852 ], [ 16.08077235, 48.43130752 ], [ 16.08058339, 48.43134316 ], [ 16.07996751, 48.4314676 ], [ 16.07929678, 48.43161611 ], [ 16.07886591, 48.43170499 ], [ 16.0771975, 48.43206457 ], [ 16.07719391, 48.4320552 ], [ 16.07709056, 48.43207664 ], [ 16.07633517, 48.4322333 ], [ 16.07548374, 48.43240988 ], [ 16.07480694, 48.43255016 ], [ 16.0747159, 48.43256911 ], [ 16.07431071, 48.43265686 ], [ 16.07340781, 48.43285247 ], [ 16.07300899, 48.43293888 ], [ 16.07257525, 48.43303276 ], [ 16.07249435, 48.43305029 ], [ 16.07201776, 48.43314857 ], [ 16.07174203, 48.43320962 ], [ 16.07070907, 48.4334389 ], [ 16.07027924, 48.43353382 ], [ 16.07006791, 48.43358122 ], [ 16.06984872, 48.43362969 ], [ 16.06910731, 48.43379365 ], [ 16.06887407, 48.43384518 ], [ 16.06882508, 48.43385694 ], [ 16.06877759, 48.43386762 ], [ 16.06869247, 48.43388666 ] ] ] } },
{ "type": "Feature", "properties": { "ID": 58, "ZONE": "WE13", "AREA_HA": 1256.333575, "COMMUNITIES": "Hauskirchen, Mistelbach, Neusiedl an der Zaya, Zistersdorf", "LEGALFOUNDATIONDATE": "2024-09-01T00:00:00", "LEGISLATIONCODE": "NÖ LGBl. Nr. 47/2024", "LEGISLATIONTITLE": "Sektorales Raumordnungsprogramm über die Windkraftnutzung in Niederösterreich - Änderung", "LASTUPDATE": "2024-09-03T00:00:00" }, "geometry": { "type": "MultiPolygon", "coordinates": [ [ [ [ 16.68808416, 48.53497666 ], [ 16.68740188, 48.53584707 ], [ 16.68680196, 48.53720465 ], [ 16.68644347, 48.53770246 ], [ 16.68439362, 48.53993729 ], [ 16.68322254, 48.5412633 ], [ 16.682171, 48.54211259 ], [ 16.6816981, 48.54261957 ], [ 16.68077406, 48.54382039 ], [ 16.68039247, 48.54431626 ], [ 16.67998884, 48.54474487 ], [ 16.67936789, 48.545315 ], [ 16.67942087, 48.54534796 ], [ 16.67998719, 48.54570035 ], [ 16.68058802, 48.54609839 ], [ 16.68116978, 48.54650874 ], [ 16.68173191, 48.54693097 ], [ 16.68227385, 48.54736469 ], [ 16.68279508, 48.54780947 ], [ 16.68329506, 48.54826486 ], [ 16.68359473, 48.54855657 ], [ 16.6836083, 48.54856676 ], [ 16.68362089, 48.54858204 ], [ 16.68377333, 48.54873043 ], [ 16.68422941, 48.54920571 ], [ 16.68466285, 48.54969025 ], [ 16.68497491, 48.55014752 ], [ 16.68554174, 48.55097809 ], [ 16.68662635, 48.55240189 ], [ 16.68714625, 48.55366193 ], [ 16.6871468, 48.55366114 ], [ 16.68689792, 48.55405205 ], [ 16.68680519, 48.55419765 ], [ 16.68672435, 48.55435842 ], [ 16.68648664, 48.5548318 ], [ 16.68647996, 48.55484504 ], [ 16.68639249, 48.55514449 ], [ 16.68638868, 48.55518227 ], [ 16.68634482, 48.55561837 ], [ 16.68626586, 48.55640474 ], [ 16.68601693, 48.55650102 ], [ 16.68601578, 48.55669722 ], [ 16.68637145, 48.55670766 ], [ 16.68659213, 48.55703353 ], [ 16.68632717, 48.55753006 ], [ 16.68668479, 48.5579446 ], [ 16.68687029, 48.55795555 ], [ 16.68708917, 48.55777447 ], [ 16.68780836, 48.55825507 ], [ 16.68781643, 48.55825131 ], [ 16.68787964, 48.55822716 ], [ 16.68813518, 48.55811344 ], [ 16.68848124, 48.55796839 ], [ 16.68874958, 48.55785962 ], [ 16.68902365, 48.55775622 ], [ 16.68971185, 48.55736206 ], [ 16.69180042, 48.55678768 ], [ 16.6922977, 48.55664462 ], [ 16.69280392, 48.55651117 ], [ 16.6933161, 48.55638818 ], [ 16.69383377, 48.55627576 ], [ 16.69435642, 48.55617401 ], [ 16.69488357, 48.55608304 ], [ 16.69541469, 48.55600294 ], [ 16.69594929, 48.55593377 ], [ 16.69648686, 48.55587561 ], [ 16.69702688, 48.55582851 ], [ 16.69756883, 48.55579252 ], [ 16.6981122, 48.55576767 ], [ 16.69865647, 48.55575399 ], [ 16.69974562, 48.55576015 ], [ 16.70028946, 48.55577999 ], [ 16.70140903, 48.55583359 ], [ 16.70217686, 48.55589703 ], [ 16.70385688, 48.55603669 ], [ 16.70385812, 48.55603592 ], [ 16.70388208, 48.55603878 ], [ 16.70442096, 48.55611482 ], [ 16.70495599, 48.556202 ], [ 16.70548666, 48.55630025 ], [ 16.70601244, 48.55640947 ], [ 16.70653282, 48.55652955 ], [ 16.70704729, 48.55666038 ], [ 16.70755534, 48.55680182 ], [ 16.70776741, 48.55686611 ], [ 16.7081725, 48.55696815 ], [ 16.70868795, 48.55711054 ], [ 16.70919634, 48.55726371 ], [ 16.70969717, 48.5574275 ], [ 16.71018992, 48.55760174 ], [ 16.71067411, 48.55778626 ], [ 16.71114925, 48.55798088 ], [ 16.71161487, 48.55818539 ], [ 16.71207048, 48.55839959 ], [ 16.71251565, 48.55862328 ], [ 16.71286996, 48.55881219 ], [ 16.71163989, 48.55931882 ], [ 16.7119902, 48.5595024 ], [ 16.71244528, 48.55976156 ], [ 16.71289374, 48.55976009 ], [ 16.7130336, 48.56000861 ], [ 16.71364555, 48.56043376 ], [ 16.7136634, 48.56055679 ], [ 16.71365775, 48.56055665 ], [ 16.71389187, 48.56072707 ], [ 16.71431832, 48.56106413 ], [ 16.7147237, 48.56141245 ], [ 16.71492104, 48.56158936 ], [ 16.71510735, 48.56177147 ], [ 16.71526629, 48.56193384 ], [ 16.71621103, 48.56143894 ], [ 16.71609148, 48.56127175 ], [ 16.71600751, 48.56114891 ], [ 16.71598586, 48.56111696 ], [ 16.71594282, 48.56105289 ], [ 16.71579457, 48.56081741 ], [ 16.71555344, 48.56040739 ], [ 16.71533772, 48.55999119 ], [ 16.71514775, 48.55956948 ], [ 16.71505925, 48.55935734 ], [ 16.71498386, 48.55914299 ], [ 16.71484631, 48.55871241 ], [ 16.71477999, 48.55845309 ], [ 16.71472512, 48.55826885 ], [ 16.71469412, 48.5581537 ], [ 16.71345172, 48.55865762 ], [ 16.7134311, 48.55857708 ], [ 16.71341814, 48.55852232 ], [ 16.7133916, 48.55842716 ], [ 16.71334716, 48.5582622 ], [ 16.71330967, 48.55811783 ], [ 16.7132749, 48.55797316 ], [ 16.71324288, 48.5578282 ], [ 16.71321359, 48.557683 ], [ 16.71318704, 48.55753756 ], [ 16.71316325, 48.55739191 ], [ 16.7131422, 48.55724608 ], [ 16.71312391, 48.55710008 ], [ 16.71310838, 48.55695394 ], [ 16.7130956, 48.55680768 ], [ 16.71308559, 48.55666133 ], [ 16.71307835, 48.55651491 ], [ 16.71307386, 48.55636844 ], [ 16.71307215, 48.55622194 ], [ 16.71307319, 48.55607544 ], [ 16.71307701, 48.55592896 ], [ 16.71308359, 48.55578252 ], [ 16.71309293, 48.55563615 ], [ 16.71310503, 48.55548987 ], [ 16.7131199, 48.5553437 ], [ 16.71313752, 48.55519767 ], [ 16.7131579, 48.55505179 ], [ 16.71315985, 48.55503951 ], [ 16.71317147, 48.55493054 ], [ 16.71318991, 48.55478388 ], [ 16.71321113, 48.55463739 ], [ 16.71323512, 48.55449109 ], [ 16.71326189, 48.554345 ], [ 16.71329142, 48.55419914 ], [ 16.71332372, 48.55405355 ], [ 16.71335878, 48.55390823 ], [ 16.71339658, 48.55376322 ], [ 16.71343714, 48.55361854 ], [ 16.71348043, 48.55347421 ], [ 16.71352646, 48.55333025 ], [ 16.71357521, 48.55318669 ], [ 16.71362668, 48.55304354 ], [ 16.71368087, 48.55290084 ], [ 16.71373775, 48.5527586 ], [ 16.71379732, 48.55261685 ], [ 16.71385958, 48.55247561 ], [ 16.71392451, 48.5523349 ], [ 16.7139921, 48.55219474 ], [ 16.71406235, 48.55205516 ], [ 16.71413523, 48.55191617 ], [ 16.71421075, 48.55177781 ], [ 16.71428888, 48.55164009 ], [ 16.71436962, 48.55150303 ], [ 16.71445295, 48.55136666 ], [ 16.71453886, 48.55123099 ], [ 16.71462733, 48.55109606 ], [ 16.71471835, 48.55096187 ], [ 16.71481191, 48.55082846 ], [ 16.71490799, 48.55069583 ], [ 16.71500658, 48.55056403 ], [ 16.71510766, 48.55043305 ], [ 16.71521122, 48.55030293 ], [ 16.71531723, 48.55017369 ], [ 16.71542569, 48.55004534 ], [ 16.71553656, 48.54991791 ], [ 16.71555441, 48.54989798 ], [ 16.71583468, 48.54959249 ], [ 16.71613581, 48.54928623 ], [ 16.71645123, 48.54898638 ], [ 16.71723408, 48.54832287 ], [ 16.71726884, 48.5482934 ], [ 16.71752723, 48.54849508 ], [ 16.71760777, 48.54855794 ], [ 16.71813302, 48.5490089 ], [ 16.71810331, 48.54903891 ], [ 16.7182863, 48.54889128 ], [ 16.71828401, 48.54888935 ], [ 16.7185339, 48.54870091 ], [ 16.71874095, 48.54855354 ], [ 16.71912044, 48.54828345 ], [ 16.71918076, 48.54824057 ], [ 16.71976337, 48.5478259 ], [ 16.72009943, 48.54760037 ], [ 16.72030434, 48.54747871 ], [ 16.7204567, 48.54735323 ], [ 16.72060715, 48.54723984 ], [ 16.72076918, 48.54711772 ], [ 16.72141421, 48.54665917 ], [ 16.72174676, 48.54643613 ], [ 16.72117175, 48.54509329 ], [ 16.72100769, 48.54510981 ], [ 16.72025792, 48.54517054 ], [ 16.72013652, 48.54518037 ], [ 16.72006968, 48.54518578 ], [ 16.71959901, 48.54521471 ], [ 16.71947967, 48.54521914 ], [ 16.71924091, 48.54522683 ], [ 16.71912153, 48.54523009 ], [ 16.71902528, 48.54523225 ], [ 16.71885409, 48.54523614 ], [ 16.71850734, 48.54523899 ], [ 16.71849908, 48.54523906 ], [ 16.71778912, 48.54523459 ], [ 16.71754088, 48.54522943 ], [ 16.71739226, 48.54522795 ], [ 16.71727093, 48.54521826 ], [ 16.71696313, 48.54520141 ], [ 16.71602402, 48.54513167 ], [ 16.71575536, 48.54510645 ], [ 16.71555598, 48.54508773 ], [ 16.71543661, 48.54507177 ], [ 16.71520767, 48.54504117 ], [ 16.71509259, 48.54502578 ], [ 16.71417203, 48.54488411 ], [ 16.71379616, 48.54481856 ], [ 16.71371486, 48.54480438 ], [ 16.713424, 48.54474144 ], [ 16.71332541, 48.54472011 ], [ 16.71332153, 48.54471927 ], [ 16.71331661, 48.54471886 ], [ 16.71316525, 48.54468766 ], [ 16.71300185, 48.54465153 ], [ 16.71300226, 48.54465192 ], [ 16.71420606, 48.54582002 ], [ 16.71420384, 48.54581967 ], [ 16.71391449, 48.54577351 ], [ 16.71337523, 48.54567535 ], [ 16.71284093, 48.54556587 ], [ 16.71231214, 48.54544518 ], [ 16.71178938, 48.5453134 ], [ 16.7112732, 48.54517066 ], [ 16.71109069, 48.54511561 ], [ 16.71095251, 48.54510239 ], [ 16.71038684, 48.54503573 ], [ 16.71000886, 48.54498268 ], [ 16.70975252, 48.54494577 ], [ 16.70953624, 48.54491137 ], [ 16.70932064, 48.54487515 ], [ 16.70910574, 48.54483712 ], [ 16.70900725, 48.54481881 ], [ 16.70858767, 48.54473315 ], [ 16.70858728, 48.54473307 ], [ 16.70811147, 48.54463538 ], [ 16.70804305, 48.54462014 ], [ 16.7078331, 48.54457142 ], [ 16.7076241, 48.54452094 ], [ 16.70751923, 48.54449511 ], [ 16.70730804, 48.54444207 ], [ 16.70723952, 48.54442419 ], [ 16.70709044, 48.54438828 ], [ 16.70688434, 48.54433668 ], [ 16.70667922, 48.54428338 ], [ 16.70647512, 48.54422837 ], [ 16.70627208, 48.54417167 ], [ 16.70607012, 48.54411329 ], [ 16.70586928, 48.54405323 ], [ 16.70566958, 48.54399152 ], [ 16.70547107, 48.54392814 ], [ 16.70527376, 48.54386312 ], [ 16.7050777, 48.54379647 ], [ 16.7048829, 48.5437282 ], [ 16.70468941, 48.54365831 ], [ 16.70449726, 48.54358682 ], [ 16.70430646, 48.54351373 ], [ 16.70411706, 48.54343907 ], [ 16.70392907, 48.54336284 ], [ 16.70374254, 48.54328506 ], [ 16.7035575, 48.54320573 ], [ 16.70337396, 48.54312487 ], [ 16.70319195, 48.54304249 ], [ 16.70301152, 48.5429586 ], [ 16.70283268, 48.54287322 ], [ 16.70265547, 48.54278637 ], [ 16.7024799, 48.54269804 ], [ 16.70147325, 48.54278292 ], [ 16.7030644, 48.5447963 ], [ 16.70293489, 48.54538152 ], [ 16.70293669, 48.5456305 ], [ 16.70392534, 48.54679442 ], [ 16.70431123, 48.5472487 ], [ 16.70332374, 48.54776502 ], [ 16.70269968, 48.54809131 ], [ 16.70187395, 48.54850957 ], [ 16.7012665, 48.54879364 ], [ 16.70055353, 48.54864864 ], [ 16.69936691, 48.54820473 ], [ 16.69868516, 48.5476884 ], [ 16.69798983, 48.54752141 ], [ 16.69756346, 48.54708407 ], [ 16.69695161, 48.54675046 ], [ 16.69634139, 48.54652615 ], [ 16.69570142, 48.5470011 ], [ 16.6949916, 48.54729558 ], [ 16.69401192, 48.54737732 ], [ 16.69297519, 48.54729033 ], [ 16.6928178, 48.54633619 ], [ 16.6924462, 48.54633734 ], [ 16.69246331, 48.54607239 ], [ 16.69246319, 48.54607261 ], [ 16.69231941, 48.54612175 ], [ 16.69218853, 48.54610247 ], [ 16.69218854, 48.54610239 ], [ 16.6922792, 48.5455684 ], [ 16.69271196, 48.5450931 ], [ 16.69278705, 48.54501064 ], [ 16.69278738, 48.54501027 ], [ 16.69315949, 48.54460159 ], [ 16.69363857, 48.54407536 ], [ 16.69379464, 48.54390392 ], [ 16.69396204, 48.54365753 ], [ 16.69423572, 48.5432547 ], [ 16.69431513, 48.54313782 ], [ 16.69433058, 48.54311507 ], [ 16.69439525, 48.54301987 ], [ 16.69469179, 48.54257705 ], [ 16.69486258, 48.54232202 ], [ 16.69486786, 48.54229165 ], [ 16.69486574, 48.54226676 ], [ 16.69485246, 48.54211068 ], [ 16.69484827, 48.54206156 ], [ 16.69484236, 48.54199214 ], [ 16.69484058, 48.54197127 ], [ 16.69482782, 48.54182127 ], [ 16.69482649, 48.54180571 ], [ 16.69481903, 48.54171804 ], [ 16.69479569, 48.54144378 ], [ 16.69478223, 48.54128573 ], [ 16.69476693, 48.54110607 ], [ 16.69475962, 48.54102015 ], [ 16.69471464, 48.54009977 ], [ 16.6947174, 48.54001286 ], [ 16.6947222, 48.53985874 ], [ 16.69473189, 48.53957562 ], [ 16.69473929, 48.53935785 ], [ 16.69474224, 48.53933476 ], [ 16.69476124, 48.53918641 ], [ 16.69477996, 48.53904014 ], [ 16.69479512, 48.53892171 ], [ 16.6948117, 48.53879219 ], [ 16.69482746, 48.53866908 ], [ 16.69485013, 48.53849172 ], [ 16.69490814, 48.53836522 ], [ 16.69497549, 48.53821831 ], [ 16.69502731, 48.53810523 ], [ 16.6951229, 48.53789665 ], [ 16.69516375, 48.53780753 ], [ 16.69517811, 48.53778094 ], [ 16.69525161, 48.53764477 ], [ 16.69531698, 48.53752366 ], [ 16.69521425, 48.53741421 ], [ 16.69473801, 48.53687231 ], [ 16.69451176, 48.53659675 ], [ 16.69431003, 48.53631293 ], [ 16.69393175, 48.53573796 ], [ 16.69375521, 48.53544683 ], [ 16.69360446, 48.53514936 ], [ 16.69332927, 48.53454912 ], [ 16.69329385, 48.53446296 ], [ 16.69320482, 48.53424635 ], [ 16.69312891, 48.53401607 ], [ 16.6929923, 48.53355353 ], [ 16.6929316, 48.53332125 ], [ 16.69290424, 48.53320097 ], [ 16.69286332, 48.53302108 ], [ 16.69284661, 48.53294386 ], [ 16.69281487, 48.53278924 ], [ 16.69279985, 48.53271185 ], [ 16.69275646, 48.53239932 ], [ 16.69274822, 48.53231231 ], [ 16.69258036, 48.53230225 ], [ 16.6925569, 48.53230197 ], [ 16.69253366, 48.53230281 ], [ 16.69251039, 48.53230478 ], [ 16.69202744, 48.53236946 ], [ 16.69201119, 48.53237223 ], [ 16.69199525, 48.53237553 ], [ 16.69197951, 48.53237939 ], [ 16.69146187, 48.53252698 ], [ 16.69145681, 48.53252829 ], [ 16.69145171, 48.53252949 ], [ 16.69144653, 48.53253057 ], [ 16.6905574, 48.53269509 ], [ 16.6905447, 48.53269676 ], [ 16.69054349, 48.53269687 ], [ 16.69053325, 48.53269789 ], [ 16.69051983, 48.53269908 ], [ 16.68993021, 48.53271978 ], [ 16.68992375, 48.53271969 ], [ 16.68991648, 48.53271845 ], [ 16.68991786, 48.53271377 ], [ 16.68982994, 48.53280493 ], [ 16.68862771, 48.53430051 ], [ 16.68808416, 48.53497666 ] ] ], [ [ [ 16.76604482, 48.56800866 ], [ 16.7657962, 48.56788405 ], [ 16.76534803, 48.56764436 ], [ 16.76491144, 48.56739542 ], [ 16.76448687, 48.56713748 ], [ 16.76407475, 48.56687081 ], [ 16.76367548, 48.56659566 ], [ 16.76348352, 48.56645476 ], [ 16.76328945, 48.56631231 ], [ 16.76291705, 48.56602103 ], [ 16.76255865, 48.56572212 ], [ 16.76221459, 48.56541588 ], [ 16.76188523, 48.5651026 ], [ 16.76157089, 48.5647826 ], [ 16.76127188, 48.56445619 ], [ 16.76098849, 48.56412369 ], [ 16.76072101, 48.56378544 ], [ 16.7604697, 48.56344178 ], [ 16.76038574, 48.56331713 ], [ 16.76032284, 48.56322374 ], [ 16.75991549, 48.5632708 ], [ 16.7596268, 48.56330112 ], [ 16.75940146, 48.56332478 ], [ 16.75928084, 48.56333745 ], [ 16.75916045, 48.56335009 ], [ 16.75893547, 48.56337372 ], [ 16.75878672, 48.5633893 ], [ 16.75872854, 48.56339539 ], [ 16.75870705, 48.56339741 ], [ 16.75868549, 48.5633999 ], [ 16.75843517, 48.56342611 ], [ 16.75786616, 48.56347958 ], [ 16.75728954, 48.56352142 ], [ 16.75671121, 48.56355111 ], [ 16.75613176, 48.56356861 ], [ 16.7557122, 48.56357244 ], [ 16.75490974, 48.5635601 ], [ 16.75463618, 48.56355589 ], [ 16.75439245, 48.56354784 ], [ 16.75381432, 48.56351652 ], [ 16.75323798, 48.56347305 ], [ 16.752664, 48.56341746 ], [ 16.75255251, 48.56340426 ], [ 16.7520539, 48.5633452 ], [ 16.75173175, 48.56353245 ], [ 16.75130341, 48.56376602 ], [ 16.75086421, 48.56399053 ], [ 16.75041457, 48.56420576 ], [ 16.75023092, 48.56428796 ], [ 16.75005072, 48.56436861 ], [ 16.75005062, 48.56436865 ], [ 16.749056, 48.56478201 ], [ 16.74879932, 48.56486892 ], [ 16.7483323, 48.56502706 ], [ 16.7483319, 48.56502949 ], [ 16.74833085, 48.56503592 ], [ 16.74831073, 48.5650362 ], [ 16.74822604, 48.56506304 ], [ 16.7474366, 48.56531319 ], [ 16.74635833, 48.56565485 ], [ 16.74622031, 48.56571498 ], [ 16.7460542, 48.56578899 ], [ 16.74559082, 48.56598187 ], [ 16.74547446, 48.56602864 ], [ 16.74505434, 48.56620622 ], [ 16.74461011, 48.56638202 ], [ 16.7441583, 48.5665491 ], [ 16.74395086, 48.56662318 ], [ 16.74342222, 48.56680438 ], [ 16.74288466, 48.56697364 ], [ 16.74271602, 48.56702443 ], [ 16.74252264, 48.56708326 ], [ 16.74229725, 48.56715167 ], [ 16.74179075, 48.56729904 ], [ 16.74127753, 48.56743579 ], [ 16.74123479, 48.56744616 ], [ 16.74108092, 48.56750791 ], [ 16.74100596, 48.56753659 ], [ 16.74096427, 48.56755268 ], [ 16.74072964, 48.56764631 ], [ 16.73979144, 48.56793935 ], [ 16.73903935, 48.56817424 ], [ 16.73893886, 48.56821659 ], [ 16.73892383, 48.56821032 ], [ 16.7387691, 48.56825864 ], [ 16.73866791, 48.5681036 ], [ 16.7386677, 48.56810351 ], [ 16.73866846, 48.56809958 ], [ 16.73865876, 48.56808426 ], [ 16.7384576, 48.56776631 ], [ 16.7384372, 48.56773407 ], [ 16.73824337, 48.56742771 ], [ 16.73824438, 48.56742741 ], [ 16.73812019, 48.56745961 ], [ 16.73749768, 48.56761139 ], [ 16.73686636, 48.56774618 ], [ 16.73622728, 48.56786377 ], [ 16.7355815, 48.56796396 ], [ 16.7349301, 48.56804657 ], [ 16.73460311, 48.56808347 ], [ 16.73427413, 48.56811149 ], [ 16.73384042, 48.56814247 ], [ 16.73335514, 48.56817004 ], [ 16.73295303, 48.56818779 ], [ 16.73233518, 48.56819828 ], [ 16.73185435, 48.56819773 ], [ 16.73162692, 48.56819235 ], [ 16.73096476, 48.5681677 ], [ 16.73034429, 48.56812872 ], [ 16.730128, 48.56810956 ], [ 16.72994815, 48.56810145 ], [ 16.72938391, 48.56806283 ], [ 16.72872699, 48.56800243 ], [ 16.72807434, 48.5679243 ], [ 16.72742703, 48.56782856 ], [ 16.72710483, 48.5677763 ], [ 16.72678613, 48.56771537 ], [ 16.72615273, 48.56758492 ], [ 16.72583804, 48.5675154 ], [ 16.72552788, 48.56743743 ], [ 16.72491263, 48.56727314 ], [ 16.72430799, 48.56709234 ], [ 16.72371497, 48.56689531 ], [ 16.72342148, 48.56679278 ], [ 16.72313454, 48.56668238 ], [ 16.72256769, 48.56645392 ], [ 16.72201537, 48.56621031 ], [ 16.72147848, 48.56595194 ], [ 16.721214, 48.56581912 ], [ 16.72095791, 48.56567925 ], [ 16.72045455, 48.56539269 ], [ 16.72044295, 48.56538564 ], [ 16.72044152, 48.56538658 ], [ 16.7199766, 48.56569347 ], [ 16.71995933, 48.56570487 ], [ 16.71976691, 48.56583188 ], [ 16.71973378, 48.56585375 ], [ 16.71934023, 48.56611351 ], [ 16.71914538, 48.56624212 ], [ 16.71922839, 48.56638999 ], [ 16.71956413, 48.56661439 ], [ 16.72016118, 48.56696919 ], [ 16.72018284, 48.56702791 ], [ 16.72019359, 48.56705705 ], [ 16.72029184, 48.56732332 ], [ 16.7204058, 48.56767998 ], [ 16.72050295, 48.56803883 ], [ 16.72058319, 48.56839951 ], [ 16.72064644, 48.56876168 ], [ 16.72069265, 48.56912498 ], [ 16.72072177, 48.56948906 ], [ 16.72073157, 48.56978675 ], [ 16.7208911, 48.56997289 ], [ 16.72115198, 48.57030108 ], [ 16.72139704, 48.57063459 ], [ 16.72162602, 48.57097311 ], [ 16.72183871, 48.57131627 ], [ 16.72203488, 48.57166374 ], [ 16.72221434, 48.57201516 ], [ 16.7223769, 48.57237019 ], [ 16.72252241, 48.57272846 ], [ 16.72265071, 48.57308962 ], [ 16.72270292, 48.57324778 ], [ 16.72275526, 48.57340621 ], [ 16.72286507, 48.57376538 ], [ 16.72295786, 48.57412665 ], [ 16.72303355, 48.57448968 ], [ 16.72308654, 48.57481978 ], [ 16.72324965, 48.57480872 ], [ 16.72369175, 48.57479734 ], [ 16.72486816, 48.57479949 ], [ 16.72567397, 48.57482275 ], [ 16.72627653, 48.57486657 ], [ 16.72646135, 48.57489913 ], [ 16.72652729, 48.57496176 ], [ 16.72645881, 48.57509724 ], [ 16.72618895, 48.57549581 ], [ 16.72561752, 48.57544586 ], [ 16.72313391, 48.5752289 ], [ 16.72264909, 48.57518654 ], [ 16.72265154, 48.57525883 ], [ 16.72265819, 48.57545584 ], [ 16.72268077, 48.57612544 ], [ 16.72217391, 48.57637198 ], [ 16.72197652, 48.57646799 ], [ 16.72185936, 48.57652294 ], [ 16.7217802, 48.57656007 ], [ 16.72177441, 48.57656278 ], [ 16.72172917, 48.57695418 ], [ 16.72172686, 48.57696719 ], [ 16.72302222, 48.5775336 ], [ 16.7218799, 48.57890768 ], [ 16.72069337, 48.5798265 ], [ 16.7206302, 48.57993714 ], [ 16.72037006, 48.58034204 ], [ 16.72008525, 48.58073955 ], [ 16.71977624, 48.58112903 ], [ 16.71944354, 48.58150981 ], [ 16.7190877, 48.58188128 ], [ 16.71890405, 48.58206461 ], [ 16.7187093, 48.58224281 ], [ 16.71830899, 48.5825938 ], [ 16.71827802, 48.58261877 ], [ 16.71812071, 48.58350673 ], [ 16.71839109, 48.58375257 ], [ 16.71880262, 48.58395466 ], [ 16.71880262, 48.58395472 ], [ 16.71905258, 48.58395974 ], [ 16.71918424, 48.58398112 ], [ 16.71924014, 48.58399412 ], [ 16.71960116, 48.5843346 ], [ 16.71959079, 48.58435144 ], [ 16.71987406, 48.58445533 ], [ 16.7201611, 48.58456573 ], [ 16.72044111, 48.5846838 ], [ 16.72099363, 48.58492743 ], [ 16.72126615, 48.58505298 ], [ 16.72153073, 48.58518581 ], [ 16.72191793, 48.58538856 ], [ 16.722153, 48.58537179 ], [ 16.72281497, 48.58534265 ], [ 16.72314641, 48.58533256 ], [ 16.7234782, 48.58533144 ], [ 16.72414154, 48.58533819 ], [ 16.72480389, 48.58536287 ], [ 16.7254642, 48.58540546 ], [ 16.72579371, 48.58543122 ], [ 16.72612137, 48.58546588 ], [ 16.72677425, 48.58554403 ], [ 16.72742178, 48.58563977 ], [ 16.72806289, 48.58575295 ], [ 16.72869651, 48.58588339 ], [ 16.72932159, 48.58603086 ], [ 16.72963187, 48.58610882 ], [ 16.72993709, 48.58619512 ], [ 16.73054199, 48.5863759 ], [ 16.73113526, 48.58657289 ], [ 16.73171595, 48.58678576 ], [ 16.73200302, 48.58689614 ], [ 16.73240098, 48.58706715 ], [ 16.73294727, 48.58731718 ], [ 16.73314275, 48.58740951 ], [ 16.73322946, 48.58745175 ], [ 16.73334475, 48.58750998 ], [ 16.7334753, 48.58757275 ], [ 16.73374039, 48.58770577 ], [ 16.73387394, 48.58777568 ], [ 16.73421963, 48.5879541 ], [ 16.73451942, 48.58811658 ], [ 16.73476684, 48.58826323 ], [ 16.73525248, 48.58856312 ], [ 16.7354907, 48.58871635 ], [ 16.73571929, 48.5888759 ], [ 16.73616648, 48.58920104 ], [ 16.73659331, 48.58953801 ], [ 16.73699907, 48.58988625 ], [ 16.7371966, 48.59006312 ], [ 16.7373831, 48.59024519 ], [ 16.73774474, 48.59061422 ], [ 16.73808338, 48.5909927 ], [ 16.73839848, 48.59138005 ], [ 16.73868951, 48.5917756 ], [ 16.73895598, 48.59217869 ], [ 16.73919745, 48.59258866 ], [ 16.73941351, 48.59300482 ], [ 16.73951514, 48.59321436 ], [ 16.73960381, 48.59342648 ], [ 16.73976802, 48.59385293 ], [ 16.73985864, 48.59413594 ], [ 16.73990232, 48.59415455 ], [ 16.73990605, 48.59415618 ], [ 16.74028921, 48.59432446 ], [ 16.74041661, 48.59438173 ], [ 16.74045377, 48.59439887 ], [ 16.74067916, 48.5945031 ], [ 16.74078911, 48.59455485 ], [ 16.74086499, 48.59459119 ], [ 16.74113798, 48.59472784 ], [ 16.74166473, 48.59500321 ], [ 16.74192385, 48.59514452 ], [ 16.74217133, 48.59529115 ], [ 16.74249408, 48.59549039 ], [ 16.74328387, 48.59601777 ], [ 16.74343843, 48.59612827 ], [ 16.74361525, 48.59625887 ], [ 16.74363282, 48.59627228 ], [ 16.74373646, 48.59625583 ], [ 16.7436882, 48.59631473 ], [ 16.74370412, 48.59632698 ], [ 16.74379147, 48.59639477 ], [ 16.74404322, 48.59660015 ], [ 16.7444491, 48.59694836 ], [ 16.74464668, 48.59712522 ], [ 16.74483323, 48.59730728 ], [ 16.74519497, 48.59767628 ], [ 16.74553372, 48.59805474 ], [ 16.74584892, 48.59844207 ], [ 16.74601316, 48.59865505 ], [ 16.74604465, 48.59869825 ], [ 16.7460827, 48.59875085 ], [ 16.74620857, 48.59893364 ], [ 16.74644994, 48.59930219 ], [ 16.74655919, 48.59948857 ], [ 16.74661871, 48.59947848 ], [ 16.74726487, 48.59937823 ], [ 16.74791665, 48.59929555 ], [ 16.74857297, 48.59923056 ], [ 16.74923274, 48.59918337 ], [ 16.74989487, 48.59915407 ], [ 16.7502264, 48.5991439 ], [ 16.75055827, 48.59914271 ], [ 16.7512218, 48.5991493 ], [ 16.75188435, 48.59917383 ], [ 16.75254486, 48.59921626 ], [ 16.75287447, 48.59924194 ], [ 16.7530522, 48.59926083 ], [ 16.75312377, 48.59927564 ], [ 16.75358755, 48.5991848 ], [ 16.75358083, 48.59918338 ], [ 16.75423259, 48.59910066 ], [ 16.7548889, 48.59903563 ], [ 16.75521806, 48.59900756 ], [ 16.75547259, 48.59899563 ], [ 16.75571505, 48.59897336 ], [ 16.75628864, 48.59893436 ], [ 16.75695076, 48.59890502 ], [ 16.75728229, 48.59889483 ], [ 16.75761416, 48.59889362 ], [ 16.75827768, 48.59890017 ], [ 16.75871943, 48.59891249 ], [ 16.75893955, 48.59892262 ], [ 16.75904958, 48.59892817 ], [ 16.75915391, 48.59893392 ], [ 16.75937443, 48.59894806 ], [ 16.75981482, 48.59898033 ], [ 16.76036246, 48.59903301 ], [ 16.7605484, 48.5990552 ], [ 16.76055068, 48.59905014 ], [ 16.76100917, 48.59911117 ], [ 16.76193085, 48.59925246 ], [ 16.76241656, 48.59933804 ], [ 16.76247104, 48.59929911 ], [ 16.76266567, 48.59898346 ], [ 16.7627638, 48.59865616 ], [ 16.76288371, 48.59835256 ], [ 16.76314994, 48.59775049 ], [ 16.76329626, 48.59745201 ], [ 16.7634685, 48.59715969 ], [ 16.76377682, 48.5966782 ], [ 16.76367084, 48.59659517 ], [ 16.76349961, 48.59649468 ], [ 16.7629236, 48.59624699 ], [ 16.76255322, 48.59610643 ], [ 16.76262783, 48.59602585 ], [ 16.76324307, 48.59544957 ], [ 16.76391379, 48.59490122 ], [ 16.76463713, 48.59438314 ], [ 16.76540999, 48.59389754 ], [ 16.76622906, 48.5934465 ], [ 16.76709083, 48.59303196 ], [ 16.76736928, 48.59290977 ], [ 16.76778861, 48.59272984 ], [ 16.76841094, 48.59247575 ], [ 16.76911059, 48.59222428 ], [ 16.76913187, 48.592201 ], [ 16.76931536, 48.5920176 ], [ 16.76969346, 48.59165591 ], [ 16.76988807, 48.59147762 ], [ 16.77009348, 48.59130474 ], [ 16.77051475, 48.5909647 ], [ 16.77073061, 48.59079753 ], [ 16.77095657, 48.59063633 ], [ 16.77141821, 48.59032019 ], [ 16.77189889, 48.59001681 ], [ 16.77239783, 48.58972668 ], [ 16.77265176, 48.58958499 ], [ 16.77291419, 48.58945028 ], [ 16.77292689, 48.58944404 ], [ 16.77264206, 48.58935251 ], [ 16.77255402, 48.58933656 ], [ 16.77220418, 48.58921501 ], [ 16.77176625, 48.58919158 ], [ 16.77163834, 48.58931121 ], [ 16.77163604, 48.58930959 ], [ 16.77162187, 48.58929828 ], [ 16.77161258, 48.58928995 ], [ 16.77157026, 48.58925013 ], [ 16.77146653, 48.58915252 ], [ 16.77146645, 48.58915244 ], [ 16.77125761, 48.58895576 ], [ 16.77109214, 48.58936512 ], [ 16.77106701, 48.58945192 ], [ 16.7710225, 48.58960562 ], [ 16.77097726, 48.58960748 ], [ 16.77071593, 48.58959676 ], [ 16.77070336, 48.58963448 ], [ 16.77066206, 48.58975837 ], [ 16.77105109, 48.58996833 ], [ 16.77105618, 48.58997108 ], [ 16.7710311, 48.59004968 ], [ 16.77099518, 48.59008612 ], [ 16.77097833, 48.59012161 ], [ 16.77078262, 48.59030169 ], [ 16.77065926, 48.5904268 ], [ 16.77064917, 48.59043699 ], [ 16.77064218, 48.59044519 ], [ 16.7704969, 48.59061555 ], [ 16.77009973, 48.59056224 ], [ 16.76912245, 48.59043107 ], [ 16.76848412, 48.59028301 ], [ 16.76848743, 48.59032193 ], [ 16.76854542, 48.59100084 ], [ 16.76847327, 48.59172025 ], [ 16.76845709, 48.59188164 ], [ 16.76840162, 48.59187843 ], [ 16.76821375, 48.59186748 ], [ 16.76816364, 48.5918666 ], [ 16.7679074, 48.59184962 ], [ 16.76767222, 48.59183584 ], [ 16.7672317, 48.59181015 ], [ 16.76672947, 48.59178083 ], [ 16.76660349, 48.59191969 ], [ 16.76658008, 48.59192365 ], [ 16.76618653, 48.59182539 ], [ 16.76564208, 48.59156412 ], [ 16.76535935, 48.59139351 ], [ 16.76465082, 48.59115802 ], [ 16.76418566, 48.59113368 ], [ 16.76383942, 48.59111554 ], [ 16.76304264, 48.59089386 ], [ 16.76270667, 48.59074232 ], [ 16.76240184, 48.59061692 ], [ 16.76216346, 48.59055989 ], [ 16.76185067, 48.5904883 ], [ 16.76174822, 48.59047573 ], [ 16.76134349, 48.59039953 ], [ 16.76121913, 48.59037733 ], [ 16.7610026, 48.59033874 ], [ 16.76047787, 48.5902583 ], [ 16.76033707, 48.59021467 ], [ 16.75979739, 48.59003356 ], [ 16.7595081, 48.58989135 ], [ 16.75929611, 48.58973812 ], [ 16.75908346, 48.58951786 ], [ 16.75897583, 48.58938795 ], [ 16.75885469, 48.5892304 ], [ 16.7587584, 48.58907868 ], [ 16.75867341, 48.58889977 ], [ 16.75862293, 48.58894345 ], [ 16.75779564, 48.58966185 ], [ 16.75757874, 48.58983461 ], [ 16.757442, 48.58996889 ], [ 16.75727551, 48.59013239 ], [ 16.75707762, 48.59032672 ], [ 16.75732683, 48.5904249 ], [ 16.75734787, 48.59043318 ], [ 16.75706345, 48.59095436 ], [ 16.75689636, 48.59107891 ], [ 16.75665888, 48.5910953 ], [ 16.75607931, 48.5909879 ], [ 16.75560483, 48.59118743 ], [ 16.75492762, 48.59147222 ], [ 16.75468985, 48.59136784 ], [ 16.75458116, 48.59141771 ], [ 16.75453295, 48.59142473 ], [ 16.75456613, 48.5915584 ], [ 16.75443665, 48.59152634 ], [ 16.75432585, 48.59147986 ], [ 16.7536599, 48.59120048 ], [ 16.75301437, 48.59137012 ], [ 16.75301157, 48.59138864 ], [ 16.75298676, 48.59155253 ], [ 16.75288612, 48.59169092 ], [ 16.75279, 48.59167389 ], [ 16.75262934, 48.59164542 ], [ 16.75251065, 48.59163792 ], [ 16.75244854, 48.59161338 ], [ 16.75184493, 48.59150642 ], [ 16.75144884, 48.5913701 ], [ 16.75024191, 48.59103523 ], [ 16.75003008, 48.59118481 ], [ 16.7498013, 48.59114426 ], [ 16.74973062, 48.59108777 ], [ 16.74971618, 48.59096364 ], [ 16.74962116, 48.59014961 ], [ 16.74961775, 48.5901301 ], [ 16.74951621, 48.58954811 ], [ 16.74939263, 48.58885189 ], [ 16.7493762, 48.58875936 ], [ 16.7493568, 48.58865005 ], [ 16.74932048, 48.58849154 ], [ 16.7492828, 48.58843582 ], [ 16.7492755, 48.5882952 ], [ 16.74920624, 48.58799286 ], [ 16.7490922, 48.58791802 ], [ 16.74903273, 48.58758448 ], [ 16.74901651, 48.5874935 ], [ 16.74901031, 48.58698527 ], [ 16.74854613, 48.58649687 ], [ 16.74839644, 48.5863411 ], [ 16.74828904, 48.58611436 ], [ 16.74822271, 48.58597432 ], [ 16.74821439, 48.58595177 ], [ 16.74810255, 48.58564975 ], [ 16.74809437, 48.58562757 ], [ 16.7480732, 48.58557023 ], [ 16.74807053, 48.585563 ], [ 16.74805792, 48.58552878 ], [ 16.7480449, 48.58549376 ], [ 16.74802909, 48.5854511 ], [ 16.74801312, 48.58540268 ], [ 16.74793043, 48.58515209 ], [ 16.74790694, 48.58508086 ], [ 16.74789988, 48.58504519 ], [ 16.74787825, 48.58493555 ], [ 16.74776498, 48.58436142 ], [ 16.74775625, 48.58431721 ], [ 16.74743726, 48.58273915 ], [ 16.74742102, 48.58265837 ], [ 16.74741219, 48.58262288 ], [ 16.74716379, 48.58162438 ], [ 16.74713577, 48.58151175 ], [ 16.74689538, 48.58056407 ], [ 16.74671251, 48.57986887 ], [ 16.74666326, 48.57968164 ], [ 16.7465176, 48.57913343 ], [ 16.74637823, 48.57860786 ], [ 16.74628747, 48.57826151 ], [ 16.746185, 48.5779582 ], [ 16.74616137, 48.57766737 ], [ 16.74713064, 48.57753624 ], [ 16.74725248, 48.57751978 ], [ 16.74729322, 48.57751424 ], [ 16.74975952, 48.57727511 ], [ 16.74978341, 48.57731789 ], [ 16.74992717, 48.57757539 ], [ 16.75001681, 48.5777489 ], [ 16.75009455, 48.57788681 ], [ 16.7502054, 48.57808347 ], [ 16.75029321, 48.57823926 ], [ 16.75040047, 48.57842955 ], [ 16.75049455, 48.57859644 ], [ 16.75079496, 48.57906932 ], [ 16.75131318, 48.57875692 ], [ 16.75165718, 48.5785833 ], [ 16.751769, 48.57852688 ], [ 16.7518397, 48.57848351 ], [ 16.75191553, 48.578437 ], [ 16.75198226, 48.57839606 ], [ 16.75205974, 48.57834854 ], [ 16.752154, 48.57832103 ], [ 16.75225044, 48.57829288 ], [ 16.75233238, 48.57826896 ], [ 16.75244664, 48.5782356 ], [ 16.75253694, 48.57822544 ], [ 16.75262979, 48.57821498 ], [ 16.75271755, 48.57820509 ], [ 16.75282471, 48.57819301 ], [ 16.75292158, 48.57818211 ], [ 16.75302839, 48.57817007 ], [ 16.75313488, 48.57815667 ], [ 16.75330723, 48.57813866 ], [ 16.75332438, 48.57813673 ], [ 16.75342244, 48.57812936 ], [ 16.75349968, 48.57812355 ], [ 16.75351122, 48.57812268 ], [ 16.75360375, 48.57811572 ], [ 16.75368201, 48.57810984 ], [ 16.75379401, 48.57810141 ], [ 16.75388504, 48.57809457 ], [ 16.75399421, 48.57808636 ], [ 16.75407606, 48.57808038 ], [ 16.75418893, 48.57807171 ], [ 16.754392, 48.57805643 ], [ 16.75448938, 48.57804911 ], [ 16.75457251, 48.57804285 ], [ 16.75466977, 48.57803554 ], [ 16.75479047, 48.57804501 ], [ 16.75480434, 48.57804555 ], [ 16.75492567, 48.57805023 ], [ 16.75504958, 48.57805501 ], [ 16.7552041, 48.57806097 ], [ 16.75536671, 48.57806724 ], [ 16.75543708, 48.57806996 ], [ 16.75554244, 48.57807155 ], [ 16.75560516, 48.5780725 ], [ 16.75565994, 48.57807334 ], [ 16.75572406, 48.57807431 ], [ 16.75580596, 48.57807555 ], [ 16.75584507, 48.57807614 ], [ 16.75597785, 48.57807816 ], [ 16.75614627, 48.57808071 ], [ 16.75630233, 48.57808307 ], [ 16.75647953, 48.57808576 ], [ 16.75661293, 48.57808778 ], [ 16.75676932, 48.57809015 ], [ 16.75691754, 48.57808246 ], [ 16.75708491, 48.57807378 ], [ 16.757223, 48.57806449 ], [ 16.75728346, 48.57806042 ], [ 16.75734124, 48.57805907 ], [ 16.75748827, 48.57805563 ], [ 16.75761517, 48.57806199 ], [ 16.75776917, 48.5780697 ], [ 16.75810737, 48.57808662 ], [ 16.75823146, 48.57809284 ], [ 16.75835388, 48.57809897 ], [ 16.75849548, 48.57810605 ], [ 16.75854387, 48.57810848 ], [ 16.75910244, 48.57798484 ], [ 16.76022505, 48.57781196 ], [ 16.76022618, 48.57781179 ], [ 16.76025204, 48.5778078 ], [ 16.76071376, 48.5777367 ], [ 16.76165622, 48.5775338 ], [ 16.76238901, 48.57733794 ], [ 16.76406848, 48.57725993 ], [ 16.7659168, 48.57717405 ], [ 16.76605178, 48.57716213 ], [ 16.76611655, 48.5771495 ], [ 16.76628334, 48.57709842 ], [ 16.76637086, 48.57703483 ], [ 16.76651671, 48.57692138 ], [ 16.76655919, 48.57688835 ], [ 16.76665501, 48.57681381 ], [ 16.76668537, 48.5767902 ], [ 16.76678728, 48.57671091 ], [ 16.76682817, 48.57667918 ], [ 16.76694519, 48.57658807 ], [ 16.76698288, 48.57655856 ], [ 16.7670892, 48.57647604 ], [ 16.7671225, 48.57643655 ], [ 16.76727407, 48.57625421 ], [ 16.76736487, 48.57617536 ], [ 16.76741704, 48.57590278 ], [ 16.76751412, 48.57586991 ], [ 16.76767297, 48.57581612 ], [ 16.76770624, 48.57580486 ], [ 16.76776216, 48.57578593 ], [ 16.76780809, 48.57577038 ], [ 16.76800484, 48.57570372 ], [ 16.76805256, 48.57569041 ], [ 16.76805383, 48.57563196 ], [ 16.7680645, 48.57558496 ], [ 16.7681305, 48.57529418 ], [ 16.76820338, 48.57497314 ], [ 16.76820534, 48.5749171 ], [ 16.76878795, 48.57485772 ], [ 16.76981489, 48.57468534 ], [ 16.77152513, 48.57447034 ], [ 16.77230813, 48.57442394 ], [ 16.77251406, 48.57441809 ], [ 16.77277933, 48.57441056 ], [ 16.77296412, 48.57440527 ], [ 16.77395635, 48.57437362 ], [ 16.7745157, 48.5743679 ], [ 16.77604069, 48.57439104 ], [ 16.77769194, 48.57444011 ], [ 16.77932727, 48.57448667 ], [ 16.77932471, 48.57436459 ], [ 16.77930933, 48.57414528 ], [ 16.7792832, 48.57392641 ], [ 16.77924636, 48.57370822 ], [ 16.77919883, 48.57349094 ], [ 16.77915116, 48.5733138 ], [ 16.77914067, 48.5732748 ], [ 16.77907193, 48.57306004 ], [ 16.77899271, 48.57284687 ], [ 16.77890306, 48.57263553 ], [ 16.7788031, 48.57242623 ], [ 16.77869293, 48.57221921 ], [ 16.77857267, 48.57201467 ], [ 16.77844243, 48.57181284 ], [ 16.77830237, 48.57161393 ], [ 16.77815263, 48.57141815 ], [ 16.77799336, 48.57122571 ], [ 16.77782474, 48.57103681 ], [ 16.77764695, 48.57085166 ], [ 16.77746017, 48.57067044 ], [ 16.77726461, 48.57049335 ], [ 16.77706046, 48.57032058 ], [ 16.77684795, 48.57015232 ], [ 16.77663982, 48.569998 ], [ 16.77657391, 48.56999725 ], [ 16.77646404, 48.56999598 ], [ 16.77630518, 48.56999084 ], [ 16.77609643, 48.56998407 ], [ 16.77591041, 48.56997805 ], [ 16.7753579, 48.56994855 ], [ 16.77480707, 48.56990753 ], [ 16.77425846, 48.56985503 ], [ 16.7737126, 48.5697911 ], [ 16.77317005, 48.56971579 ], [ 16.77263134, 48.5696292 ], [ 16.77209701, 48.56953139 ], [ 16.77156758, 48.56942247 ], [ 16.77104358, 48.56930255 ], [ 16.77052552, 48.56917175 ], [ 16.77001392, 48.56903019 ], [ 16.7695093, 48.56887801 ], [ 16.76901214, 48.56871537 ], [ 16.76852293, 48.56854243 ], [ 16.76804218, 48.56835935 ], [ 16.76757034, 48.56816633 ], [ 16.76721976, 48.56831413 ], [ 16.76700942, 48.5684028 ], [ 16.76694376, 48.56843048 ], [ 16.76624485, 48.56810892 ], [ 16.76604482, 48.56800866 ] ] ] ] } },
{ "type": "Feature", "properties": { "ID": 40, "ZONE": "WE14", "AREA_HA": 656.392797, "COMMUNITIES": "Neusiedl an der Zaya, Palterndorf-Dobermannsdorf, Zistersdorf", "LEGALFOUNDATIONDATE": "2024-09-01T00:00:00", "LEGISLATIONCODE": "NÖ LGBl. Nr. 47/2024", "LEGISLATIONTITLE": "Sektorales Raumordnungsprogramm über die Windkraftnutzung in Niederösterreich - Änderung", "LASTUPDATE": "2024-09-03T00:00:00" }, "geometry": { "type": "Polygon", "coordinates": [ [ [ 16.78247163, 48.56943385 ], [ 16.78194169, 48.56954166 ], [ 16.78140689, 48.56963836 ], [ 16.78086778, 48.56972383 ], [ 16.78032487, 48.569798 ], [ 16.77977872, 48.56986079 ], [ 16.77922986, 48.56991215 ], [ 16.77881146, 48.56994242 ], [ 16.77867884, 48.56995202 ], [ 16.77757248, 48.56999714 ], [ 16.77707955, 48.57000178 ], [ 16.77701825, 48.57000235 ], [ 16.77672319, 48.56999896 ], [ 16.77663982, 48.569998 ], [ 16.77684795, 48.57015232 ], [ 16.77706046, 48.57032058 ], [ 16.77726461, 48.57049335 ], [ 16.77746017, 48.57067044 ], [ 16.77764695, 48.57085166 ], [ 16.77782474, 48.57103681 ], [ 16.77799336, 48.57122571 ], [ 16.77815263, 48.57141815 ], [ 16.77830237, 48.57161393 ], [ 16.77844243, 48.57181284 ], [ 16.77857267, 48.57201467 ], [ 16.77869293, 48.57221921 ], [ 16.7788031, 48.57242623 ], [ 16.77890306, 48.57263553 ], [ 16.77899271, 48.57284687 ], [ 16.77907193, 48.57306004 ], [ 16.77914067, 48.5732748 ], [ 16.77915116, 48.5733138 ], [ 16.77919883, 48.57349094 ], [ 16.77924636, 48.57370822 ], [ 16.7792832, 48.57392641 ], [ 16.77930933, 48.57414528 ], [ 16.77932471, 48.57436459 ], [ 16.77932727, 48.57448667 ], [ 16.77965564, 48.57449602 ], [ 16.77983182, 48.57450104 ], [ 16.78039507, 48.57449221 ], [ 16.78081096, 48.57448086 ], [ 16.78098414, 48.57447613 ], [ 16.78159651, 48.57445942 ], [ 16.7838625, 48.57439029 ], [ 16.78624882, 48.57430742 ], [ 16.78666785, 48.57426397 ], [ 16.78717823, 48.57419291 ], [ 16.78841137, 48.57400759 ], [ 16.78842197, 48.57405655 ], [ 16.78867164, 48.57521526 ], [ 16.7887098, 48.57539236 ], [ 16.78882118, 48.5758731 ], [ 16.78304858, 48.57635099 ], [ 16.78141759, 48.57651006 ], [ 16.77911248, 48.57675558 ], [ 16.77878786, 48.57674036 ], [ 16.77867622, 48.57694704 ], [ 16.77855449, 48.5771512 ], [ 16.77842282, 48.57735262 ], [ 16.77828133, 48.57755109 ], [ 16.77813019, 48.5777464 ], [ 16.77796954, 48.57793834 ], [ 16.77779956, 48.57812671 ], [ 16.77762043, 48.57831131 ], [ 16.77743233, 48.57849194 ], [ 16.77723548, 48.57866841 ], [ 16.77703007, 48.57884054 ], [ 16.77681632, 48.57900814 ], [ 16.77659446, 48.57917103 ], [ 16.77636474, 48.57932904 ], [ 16.77612737, 48.57948201 ], [ 16.77588263, 48.57962977 ], [ 16.77563077, 48.57977217 ], [ 16.77537206, 48.57990905 ], [ 16.77510677, 48.58004026 ], [ 16.77483517, 48.58016568 ], [ 16.77455757, 48.58028517 ], [ 16.77444192, 48.58089008 ], [ 16.77443947, 48.58092706 ], [ 16.77443362, 48.58093352 ], [ 16.77397182, 48.58334881 ], [ 16.77307367, 48.58363459 ], [ 16.77298547, 48.58352289 ], [ 16.77288797, 48.58341465 ], [ 16.77278148, 48.5833102 ], [ 16.77266632, 48.58320987 ], [ 16.77254287, 48.58311399 ], [ 16.77241151, 48.58302286 ], [ 16.77227266, 48.58293675 ], [ 16.77212675, 48.58285594 ], [ 16.77197424, 48.58278069 ], [ 16.77181561, 48.58271123 ], [ 16.77177374, 48.58269506 ], [ 16.7717683, 48.58269732 ], [ 16.77168251, 48.58269027 ], [ 16.7716757, 48.5827347 ], [ 16.77166155, 48.58282686 ], [ 16.77164784, 48.5829163 ], [ 16.77158024, 48.58292014 ], [ 16.77130389, 48.58291825 ], [ 16.77128033, 48.58293673 ], [ 16.77008939, 48.58294914 ], [ 16.77009, 48.58290992 ], [ 16.76903534, 48.58290268 ], [ 16.76845474, 48.58297237 ], [ 16.7682215, 48.58308137 ], [ 16.76824749, 48.58313702 ], [ 16.76843826, 48.58314539 ], [ 16.76844562, 48.58321307 ], [ 16.76846211, 48.58336642 ], [ 16.76848741, 48.58359987 ], [ 16.76850037, 48.5837196 ], [ 16.76851426, 48.58384794 ], [ 16.76851758, 48.58387852 ], [ 16.76845111, 48.58425341 ], [ 16.76844539, 48.58428562 ], [ 16.7684374, 48.58433071 ], [ 16.76847497, 48.58433494 ], [ 16.76892062, 48.58436168 ], [ 16.76887735, 48.58446999 ], [ 16.76903802, 48.58474523 ], [ 16.76978918, 48.58488616 ], [ 16.76977368, 48.58505511 ], [ 16.76945385, 48.58532235 ], [ 16.76932293, 48.5853359 ], [ 16.76931075, 48.58567109 ], [ 16.76985964, 48.58578993 ], [ 16.76986045, 48.58578827 ], [ 16.77062849, 48.58594975 ], [ 16.77063312, 48.58603228 ], [ 16.77057438, 48.58675771 ], [ 16.77057315, 48.58677282 ], [ 16.77053038, 48.58730109 ], [ 16.77090064, 48.58740527 ], [ 16.77120053, 48.587491 ], [ 16.77139496, 48.58754656 ], [ 16.77141577, 48.58755251 ], [ 16.77147731, 48.58758483 ], [ 16.7719137, 48.5877333 ], [ 16.77223614, 48.58799005 ], [ 16.77266307, 48.58818037 ], [ 16.77267848, 48.58825 ], [ 16.77275064, 48.58828604 ], [ 16.7729936, 48.58840738 ], [ 16.77310613, 48.58846357 ], [ 16.77322375, 48.58847806 ], [ 16.77366464, 48.58872162 ], [ 16.77371966, 48.58888453 ], [ 16.77359851, 48.58911977 ], [ 16.77399567, 48.58894055 ], [ 16.77455901, 48.58870804 ], [ 16.77484426, 48.58859559 ], [ 16.77513618, 48.58849096 ], [ 16.77572621, 48.58828968 ], [ 16.7763281, 48.58810454 ], [ 16.77694088, 48.58793583 ], [ 16.77724987, 48.58785562 ], [ 16.77756353, 48.58778384 ], [ 16.77819499, 48.58764882 ], [ 16.77869463, 48.58755357 ], [ 16.77905934, 48.58749234 ], [ 16.77918221, 48.58747238 ], [ 16.77991806, 48.58735688 ], [ 16.78005586, 48.58733461 ], [ 16.78019203, 48.58730947 ], [ 16.78052449, 48.58725291 ], [ 16.78061291, 48.58723918 ], [ 16.78065714, 48.5872324 ], [ 16.78097174, 48.58718477 ], [ 16.78116924, 48.58715486 ], [ 16.78130832, 48.58713465 ], [ 16.78158686, 48.58709585 ], [ 16.78205341, 48.58704024 ], [ 16.78270953, 48.58697506 ], [ 16.78336911, 48.58692768 ], [ 16.78374716, 48.58691083 ], [ 16.78402609, 48.58682376 ], [ 16.78447037, 48.58669756 ], [ 16.78469391, 48.58663665 ], [ 16.78544803, 48.5864398 ], [ 16.78553204, 48.58641823 ], [ 16.78570051, 48.58637568 ], [ 16.78609859, 48.5862829 ], [ 16.78673001, 48.58614783 ], [ 16.7870478, 48.58608457 ], [ 16.78736922, 48.58602996 ], [ 16.78801513, 48.58592949 ], [ 16.78866666, 48.58584657 ], [ 16.78900703, 48.58581273 ], [ 16.78916107, 48.58578089 ], [ 16.78972346, 48.58567917 ], [ 16.79036936, 48.58557868 ], [ 16.79102088, 48.58549575 ], [ 16.79167697, 48.58543051 ], [ 16.79233652, 48.58538308 ], [ 16.79299581, 48.58535365 ], [ 16.79362957, 48.58518827 ], [ 16.79426276, 48.58503302 ], [ 16.79527939, 48.58482398 ], [ 16.79631443, 48.5846595 ], [ 16.79736348, 48.58454027 ], [ 16.79842202, 48.58446681 ], [ 16.79894042, 48.58445347 ], [ 16.79906194, 48.58431406 ], [ 16.79916808, 48.58419783 ], [ 16.79925475, 48.5840422 ], [ 16.7996881, 48.58339725 ], [ 16.8001841, 48.58277248 ], [ 16.8007406, 48.58217057 ], [ 16.80135524, 48.58159409 ], [ 16.80202536, 48.58104552 ], [ 16.80274812, 48.5805272 ], [ 16.8035204, 48.58004134 ], [ 16.8043389, 48.57959004 ], [ 16.80440416, 48.57955656 ], [ 16.80719273, 48.57813359 ], [ 16.80750581, 48.57797382 ], [ 16.81122927, 48.57607354 ], [ 16.81163758, 48.57586513 ], [ 16.81165955, 48.57585392 ], [ 16.8124554, 48.57547252 ], [ 16.81335553, 48.5750959 ], [ 16.81346401, 48.57505684 ], [ 16.81339327, 48.57509004 ], [ 16.81501019, 48.57483864 ], [ 16.81518735, 48.57481109 ], [ 16.81716477, 48.57450361 ], [ 16.81729579, 48.57448323 ], [ 16.81791192, 48.57438742 ], [ 16.81810179, 48.57435789 ], [ 16.81832319, 48.57432346 ], [ 16.81886605, 48.57423903 ], [ 16.81920947, 48.57418521 ], [ 16.81936122, 48.57414329 ], [ 16.81954326, 48.57409441 ], [ 16.82042968, 48.57387609 ], [ 16.82087766, 48.57377548 ], [ 16.8213337, 48.57369233 ], [ 16.8222523, 48.57354375 ], [ 16.82271486, 48.57347833 ], [ 16.82295191, 48.57345427 ], [ 16.82318237, 48.57343087 ], [ 16.82407537, 48.57335776 ], [ 16.82412612, 48.57334913 ], [ 16.8243561, 48.57333706 ], [ 16.82504266, 48.5733086 ], [ 16.82598916, 48.57330458 ], [ 16.82641078, 48.57331528 ], [ 16.82399413, 48.57131755 ], [ 16.823894, 48.57131807 ], [ 16.821513, 48.56870099 ], [ 16.82030104, 48.56736874 ], [ 16.82023391, 48.56736321 ], [ 16.8201649, 48.56735753 ], [ 16.81863968, 48.56504122 ], [ 16.818512, 48.56487562 ], [ 16.81346755, 48.55833187 ], [ 16.81237846, 48.55702638 ], [ 16.81228985, 48.55692017 ], [ 16.8120882, 48.55667844 ], [ 16.81189519, 48.55658991 ], [ 16.81152251, 48.55639679 ], [ 16.81079471, 48.55599647 ], [ 16.8105332, 48.5558439 ], [ 16.81024087, 48.55597878 ], [ 16.80981707, 48.55617432 ], [ 16.80973623, 48.55619504 ], [ 16.80972056, 48.55620434 ], [ 16.80924297, 48.55648781 ], [ 16.80313891, 48.56011044 ], [ 16.80205194, 48.56070703 ], [ 16.80095882, 48.56136246 ], [ 16.8008876, 48.56140516 ], [ 16.80066162, 48.56154065 ], [ 16.80028658, 48.56175534 ], [ 16.80028646, 48.56175882 ], [ 16.80020316, 48.56189646 ], [ 16.8001089, 48.56205225 ], [ 16.80010883, 48.56205236 ], [ 16.80008904, 48.56208224 ], [ 16.80008024, 48.56209499 ], [ 16.79993482, 48.56229721 ], [ 16.79986184, 48.56239871 ], [ 16.79985244, 48.56241126 ], [ 16.79961987, 48.56271031 ], [ 16.79960989, 48.56272267 ], [ 16.7995119, 48.56283958 ], [ 16.79936339, 48.56301676 ], [ 16.79935283, 48.5630289 ], [ 16.7992722, 48.56311841 ], [ 16.79909263, 48.56331774 ], [ 16.7990815, 48.56332967 ], [ 16.79880785, 48.56361298 ], [ 16.79879617, 48.56362466 ], [ 16.79850934, 48.56390218 ], [ 16.79849712, 48.56391361 ], [ 16.79819739, 48.56418505 ], [ 16.79818464, 48.56419623 ], [ 16.79787229, 48.56446134 ], [ 16.79777756, 48.56453637 ], [ 16.79748747, 48.56476614 ], [ 16.79748738, 48.56476622 ], [ 16.79718395, 48.56499305 ], [ 16.79716968, 48.56500339 ], [ 16.79682138, 48.56524796 ], [ 16.79680663, 48.565258 ], [ 16.796447, 48.56549524 ], [ 16.79643179, 48.56550497 ], [ 16.79606118, 48.56573465 ], [ 16.79604552, 48.56574406 ], [ 16.7956643, 48.56596596 ], [ 16.7956482, 48.56597504 ], [ 16.79530829, 48.56616077 ], [ 16.79525674, 48.56618894 ], [ 16.79524022, 48.56619768 ], [ 16.7948389, 48.56640338 ], [ 16.79482198, 48.56641177 ], [ 16.79441118, 48.56660906 ], [ 16.79440258, 48.56661312 ], [ 16.79429072, 48.5666651 ], [ 16.79428933, 48.56666574 ], [ 16.79422249, 48.56669663 ], [ 16.7942211, 48.56669728 ], [ 16.79414539, 48.56673208 ], [ 16.79412206, 48.5667428 ], [ 16.79411401, 48.56674645 ], [ 16.79378209, 48.56689435 ], [ 16.79303618, 48.56720232 ], [ 16.79188855, 48.56761781 ], [ 16.79061846, 48.56801527 ], [ 16.78958352, 48.56827846 ], [ 16.78810873, 48.56856228 ], [ 16.7859655, 48.56891925 ], [ 16.78453772, 48.56909181 ], [ 16.78247163, 48.56943385 ] ] ] } },
{ "type": "Feature", "properties": { "ID": 34, "ZONE": "WE15", "AREA_HA": 2461.72492, "COMMUNITIES": "Dürnkrut, Jedenspeigen, Spannberg, Sulz im Weinviertel, Velm-Götzendorf, Zistersdorf", "LEGALFOUNDATIONDATE": "2024-09-01T00:00:00", "LEGISLATIONCODE": "NÖ LGBl. Nr. 47/2024", "LEGISLATIONTITLE": "Sektorales Raumordnungsprogramm über die Windkraftnutzung in Niederösterreich - Änderung", "LASTUPDATE": "2024-09-03T00:00:00" }, "geometry": { "type": "Polygon", "coordinates": [ [ [ 16.80051679, 48.54472049 ], [ 16.80340109, 48.54429471 ], [ 16.80385935, 48.54422705 ], [ 16.80496603, 48.54406366 ], [ 16.80514855, 48.54391321 ], [ 16.80888885, 48.54082987 ], [ 16.80944075, 48.54032419 ], [ 16.81003068, 48.53983782 ], [ 16.81065711, 48.53937201 ], [ 16.81140462, 48.53670224 ], [ 16.81166541, 48.53206569 ], [ 16.81147913, 48.52834037 ], [ 16.81152835, 48.52761832 ], [ 16.81175091, 48.52435308 ], [ 16.81175079, 48.52428462 ], [ 16.8117487, 48.52428304 ], [ 16.81135738, 48.52398654 ], [ 16.8112074, 48.52387286 ], [ 16.81108824, 48.52378262 ], [ 16.81105906, 48.52376053 ], [ 16.8109846, 48.52370193 ], [ 16.81085817, 48.52360245 ], [ 16.81075446, 48.52352087 ], [ 16.81065074, 48.52343928 ], [ 16.81041846, 48.52325656 ], [ 16.81032152, 48.5231803 ], [ 16.8100729, 48.52298474 ], [ 16.80998249, 48.52291362 ], [ 16.8098858, 48.52283749 ], [ 16.80949038, 48.52256313 ], [ 16.80918626, 48.52235216 ], [ 16.80915737, 48.52233204 ], [ 16.80910812, 48.52236363 ], [ 16.80895366, 48.52223288 ], [ 16.80855779, 48.52189772 ], [ 16.80832081, 48.52169708 ], [ 16.80830441, 48.52168132 ], [ 16.80802659, 48.52141457 ], [ 16.80790571, 48.52129852 ], [ 16.80674148, 48.52018332 ], [ 16.80652769, 48.51998793 ], [ 16.80579661, 48.51931976 ], [ 16.80365939, 48.51700101 ], [ 16.80344438, 48.51676772 ], [ 16.80338006, 48.51670408 ], [ 16.80320701, 48.51653283 ], [ 16.80240581, 48.51573994 ], [ 16.80246233, 48.51571473 ], [ 16.80783647, 48.51051859 ], [ 16.80779828, 48.51048321 ], [ 16.80785497, 48.51045619 ], [ 16.81568413, 48.50945199 ], [ 16.81570854, 48.50931358 ], [ 16.82470657, 48.50815767 ], [ 16.82478366, 48.50809628 ], [ 16.83170005, 48.50639244 ], [ 16.83177737, 48.5063789 ], [ 16.83177528, 48.50637183 ], [ 16.83228346, 48.50623263 ], [ 16.83241906, 48.50619549 ], [ 16.83292551, 48.50605677 ], [ 16.83358729, 48.50587549 ], [ 16.83379614, 48.50581828 ], [ 16.83424417, 48.50569555 ], [ 16.83453731, 48.50561525 ], [ 16.83483558, 48.50553354 ], [ 16.83649795, 48.50507813 ], [ 16.83754918, 48.50479012 ], [ 16.83806258, 48.50464946 ], [ 16.83857863, 48.50450807 ], [ 16.83968124, 48.50420597 ], [ 16.83988921, 48.50414898 ], [ 16.84044551, 48.50387586 ], [ 16.84049181, 48.50385313 ], [ 16.84090884, 48.50364838 ], [ 16.84184738, 48.50318757 ], [ 16.84379633, 48.50223062 ], [ 16.84414144, 48.50206117 ], [ 16.84557289, 48.50135826 ], [ 16.84681266, 48.50074945 ], [ 16.84695563, 48.50067924 ], [ 16.8474341, 48.50044427 ], [ 16.84806401, 48.50013492 ], [ 16.8484498, 48.49994546 ], [ 16.84850702, 48.49991736 ], [ 16.84844688, 48.49953076 ], [ 16.84840523, 48.49887511 ], [ 16.84842362, 48.49821899 ], [ 16.84850199, 48.49756482 ], [ 16.84864003, 48.49691503 ], [ 16.84746287, 48.49596338 ], [ 16.84743958, 48.49597533 ], [ 16.84549029, 48.49439398 ], [ 16.84544936, 48.49435768 ], [ 16.84585085, 48.49424419 ], [ 16.84548958, 48.49404354 ], [ 16.84512484, 48.49384096 ], [ 16.84496608, 48.49375278 ], [ 16.84485455, 48.49363532 ], [ 16.84449748, 48.49325926 ], [ 16.84446574, 48.49321972 ], [ 16.84605752, 48.49263595 ], [ 16.8440157, 48.49033368 ], [ 16.8434311, 48.48967446 ], [ 16.84293634, 48.48992596 ], [ 16.84209869, 48.49035195 ], [ 16.84209092, 48.49037795 ], [ 16.84034908, 48.49109757 ], [ 16.83944798, 48.49150168 ], [ 16.8390716, 48.49167046 ], [ 16.83855994, 48.49189991 ], [ 16.83810587, 48.49210351 ], [ 16.83744854, 48.49239828 ], [ 16.83730719, 48.49246166 ], [ 16.83636003, 48.49288637 ], [ 16.83629178, 48.4930587 ], [ 16.83614056, 48.49332474 ], [ 16.83577951, 48.49364663 ], [ 16.83537144, 48.49392169 ], [ 16.83530566, 48.49396055 ], [ 16.83508814, 48.4940891 ], [ 16.83412539, 48.49465802 ], [ 16.83370406, 48.49490696 ], [ 16.83323597, 48.49525782 ], [ 16.83294208, 48.49547815 ], [ 16.83274127, 48.49562865 ], [ 16.83270111, 48.49565875 ], [ 16.83246828, 48.49583324 ], [ 16.83202279, 48.49616709 ], [ 16.83186241, 48.4962873 ], [ 16.8315407, 48.49652852 ], [ 16.83148173, 48.49657266 ], [ 16.83112913, 48.49683694 ], [ 16.83108371, 48.49686915 ], [ 16.83104474, 48.49689682 ], [ 16.83025815, 48.49745521 ], [ 16.83014467, 48.49753577 ], [ 16.8300269, 48.49761937 ], [ 16.82894542, 48.49636669 ], [ 16.8289134, 48.49632595 ], [ 16.82898774, 48.49627509 ], [ 16.8291716, 48.4961493 ], [ 16.82929179, 48.49606613 ], [ 16.83390147, 48.4928761 ], [ 16.83429412, 48.49243919 ], [ 16.83488139, 48.49149924 ], [ 16.83492129, 48.49143951 ], [ 16.83496548, 48.49138114 ], [ 16.83501388, 48.49132426 ], [ 16.83506637, 48.49126901 ], [ 16.83512282, 48.49121551 ], [ 16.83566039, 48.49073141 ], [ 16.83571587, 48.49068372 ], [ 16.8357745, 48.49063772 ], [ 16.83583616, 48.49059351 ], [ 16.83705699, 48.48975651 ], [ 16.8367625, 48.48596556 ], [ 16.83646734, 48.48591847 ], [ 16.83564792, 48.48575697 ], [ 16.83484243, 48.48556701 ], [ 16.83405309, 48.48534914 ], [ 16.83328211, 48.48510394 ], [ 16.83253163, 48.4848321 ], [ 16.83180371, 48.48453437 ], [ 16.83160249, 48.48444203 ], [ 16.83158193, 48.48445973 ], [ 16.83108186, 48.48420309 ], [ 16.83108258, 48.48420246 ], [ 16.83042359, 48.48386463 ], [ 16.82977521, 48.48349448 ], [ 16.8295246, 48.4833436 ], [ 16.82927024, 48.48319042 ], [ 16.82902063, 48.48304018 ], [ 16.82876783, 48.48288802 ], [ 16.82839235, 48.48266197 ], [ 16.82794287, 48.48239136 ], [ 16.82732452, 48.48199888 ], [ 16.82689401, 48.48169524 ], [ 16.82624254, 48.48119445 ], [ 16.82621602, 48.48117353 ], [ 16.82600793, 48.48100231 ], [ 16.82581052, 48.48082559 ], [ 16.82542671, 48.48046695 ], [ 16.82524032, 48.48028503 ], [ 16.82506523, 48.48009819 ], [ 16.82489377, 48.47990663 ], [ 16.82432979, 48.47994743 ], [ 16.82366928, 48.47997715 ], [ 16.82300748, 48.47998893 ], [ 16.82267639, 48.47999033 ], [ 16.82234548, 48.47998275 ], [ 16.82168444, 48.47995862 ], [ 16.82102543, 48.47991658 ], [ 16.82028492, 48.47984662 ], [ 16.81971789, 48.47977908 ], [ 16.81907154, 48.47968385 ], [ 16.81874981, 48.47963185 ], [ 16.81843155, 48.47957117 ], [ 16.81779902, 48.47944122 ], [ 16.81748476, 48.47937195 ], [ 16.817175, 48.47929422 ], [ 16.81656052, 48.47913042 ], [ 16.81595661, 48.47895009 ], [ 16.81536426, 48.47875353 ], [ 16.8150711, 48.47865123 ], [ 16.81478446, 48.47854106 ], [ 16.81421819, 48.47831305 ], [ 16.8136664, 48.47806987 ], [ 16.81312998, 48.47781192 ], [ 16.81286572, 48.47767931 ], [ 16.81260983, 48.47753964 ], [ 16.81210683, 48.47725347 ], [ 16.81162181, 48.47695391 ], [ 16.8115894, 48.47693219 ], [ 16.81138981, 48.47709384 ], [ 16.81094923, 48.47742236 ], [ 16.81071461, 48.47758976 ], [ 16.81050408, 48.47775887 ], [ 16.81006349, 48.47808739 ], [ 16.80983815, 48.47824866 ], [ 16.8096031, 48.47840369 ], [ 16.80912369, 48.47870723 ], [ 16.80881183, 48.47889469 ], [ 16.80867618, 48.47897208 ], [ 16.80860802, 48.47901053 ], [ 16.80852218, 48.47905842 ], [ 16.80845557, 48.47909518 ], [ 16.80814137, 48.4793289 ], [ 16.80794344, 48.47947054 ], [ 16.80791602, 48.47949017 ], [ 16.80760271, 48.47969408 ], [ 16.80735237, 48.47984843 ], [ 16.80720542, 48.47993903 ], [ 16.80704331, 48.4800487 ], [ 16.80698298, 48.48008819 ], [ 16.80681438, 48.48019544 ], [ 16.80647261, 48.48040665 ], [ 16.80604617, 48.48065237 ], [ 16.8059618, 48.48069767 ], [ 16.8049288, 48.48122325 ], [ 16.80445221, 48.48143896 ], [ 16.80417477, 48.4815591 ], [ 16.80389018, 48.48167162 ], [ 16.80331435, 48.48188883 ], [ 16.80272567, 48.48209025 ], [ 16.80212512, 48.48227553 ], [ 16.801822, 48.4823641 ], [ 16.80151369, 48.48244437 ], [ 16.80089242, 48.48259649 ], [ 16.80026232, 48.48273163 ], [ 16.79962445, 48.48284957 ], [ 16.79897989, 48.48295011 ], [ 16.79832967, 48.48303308 ], [ 16.79800328, 48.48307016 ], [ 16.79767489, 48.48309835 ], [ 16.79701667, 48.48314581 ], [ 16.7963561, 48.48317537 ], [ 16.79569424, 48.483187 ], [ 16.79536313, 48.48318832 ], [ 16.79504961, 48.48318106 ], [ 16.79490989, 48.48318162 ], [ 16.79457897, 48.48317396 ], [ 16.79391789, 48.48314967 ], [ 16.79325886, 48.48310747 ], [ 16.79260297, 48.48304743 ], [ 16.79195132, 48.48296966 ], [ 16.79130497, 48.48287427 ], [ 16.79098325, 48.48282219 ], [ 16.79066501, 48.48276143 ], [ 16.79003251, 48.48263133 ], [ 16.78967675, 48.48255212 ], [ 16.78959382, 48.48253222 ], [ 16.78955238, 48.4825222 ], [ 16.78945035, 48.4824973 ], [ 16.78902812, 48.48239618 ], [ 16.78873733, 48.48232232 ], [ 16.78816022, 48.48216724 ], [ 16.78798566, 48.4821149 ], [ 16.78793704, 48.48212532 ], [ 16.78729915, 48.48224319 ], [ 16.78665457, 48.48234366 ], [ 16.78600434, 48.48242657 ], [ 16.78567794, 48.48246361 ], [ 16.78534955, 48.48249177 ], [ 16.78469132, 48.48253916 ], [ 16.78403075, 48.48256865 ], [ 16.7833689, 48.4825802 ], [ 16.78303779, 48.48258149 ], [ 16.78270688, 48.4825738 ], [ 16.78204581, 48.48254944 ], [ 16.7813868, 48.48250717 ], [ 16.78073093, 48.48244706 ], [ 16.78007931, 48.48236922 ], [ 16.77943299, 48.48227377 ], [ 16.77911128, 48.48222166 ], [ 16.77879306, 48.48216086 ], [ 16.7781606, 48.4820307 ], [ 16.77809709, 48.48201667 ], [ 16.77810243, 48.48206143 ], [ 16.77793889, 48.48207157 ], [ 16.77746708, 48.48208251 ], [ 16.77691411, 48.48208463 ], [ 16.77652331, 48.48208613 ], [ 16.77605134, 48.48207881 ], [ 16.77558081, 48.48205325 ], [ 16.77464279, 48.48198398 ], [ 16.77417529, 48.48194028 ], [ 16.7737124, 48.48187857 ], [ 16.77279283, 48.48173736 ], [ 16.77233614, 48.48165786 ], [ 16.77188718, 48.48156083 ], [ 16.77099849, 48.48134959 ], [ 16.77055876, 48.48123537 ], [ 16.77012977, 48.48110434 ], [ 16.769284, 48.48082593 ], [ 16.76886722, 48.48067854 ], [ 16.76846403, 48.48051528 ], [ 16.76767261, 48.48017346 ], [ 16.76728438, 48.47999489 ], [ 16.76691244, 48.47980161 ], [ 16.76618608, 48.47940101 ], [ 16.76583168, 48.47919368 ], [ 16.76548388, 48.47896451 ], [ 16.76542367, 48.47894937 ], [ 16.76517508, 48.47888298 ], [ 16.7648193, 48.47879054 ], [ 16.76446332, 48.47868178 ], [ 16.76420563, 48.47860469 ], [ 16.76416, 48.47858952 ], [ 16.76354071, 48.47837963 ], [ 16.76344751, 48.47836161 ], [ 16.76326306, 48.47832173 ], [ 16.7629986, 48.47826456 ], [ 16.76211, 48.47805325 ], [ 16.76167033, 48.47793899 ], [ 16.76124139, 48.47780793 ], [ 16.76039572, 48.47752944 ], [ 16.75997899, 48.47738202 ], [ 16.75957585, 48.47721874 ], [ 16.75878455, 48.47687685 ], [ 16.75839637, 48.47669825 ], [ 16.75802449, 48.47650495 ], [ 16.75729825, 48.47610428 ], [ 16.7569439, 48.47589692 ], [ 16.75660829, 48.47567622 ], [ 16.75638501, 48.47552058 ], [ 16.75618092, 48.47559618 ], [ 16.75593419, 48.47568317 ], [ 16.75586542, 48.47570747 ], [ 16.75552406, 48.47582129 ], [ 16.75519106, 48.47594333 ], [ 16.7545183, 48.47616438 ], [ 16.75408055, 48.47628186 ], [ 16.75319555, 48.47649967 ], [ 16.75274829, 48.47660001 ], [ 16.75229301, 48.47668289 ], [ 16.75137594, 48.47683091 ], [ 16.75091416, 48.47689605 ], [ 16.75044747, 48.47694322 ], [ 16.74951076, 48.47701943 ], [ 16.74904074, 48.47704847 ], [ 16.74856897, 48.47705929 ], [ 16.74762528, 48.47706267 ], [ 16.74715336, 48.47705523 ], [ 16.74682829, 48.47703749 ], [ 16.74682266, 48.47703875 ], [ 16.74665469, 48.47707336 ], [ 16.74657054, 48.47709037 ], [ 16.74632842, 48.47713836 ], [ 16.74609436, 48.47718222 ], [ 16.74562441, 48.47726524 ], [ 16.74506467, 48.47735016 ], [ 16.74441444, 48.47743283 ], [ 16.74408804, 48.47746975 ], [ 16.74375965, 48.4774978 ], [ 16.74322479, 48.47753611 ], [ 16.74266209, 48.47770938 ], [ 16.74235889, 48.47779779 ], [ 16.74205052, 48.4778779 ], [ 16.74142911, 48.4780297 ], [ 16.74079891, 48.47816452 ], [ 16.74016096, 48.47828212 ], [ 16.73951634, 48.47838233 ], [ 16.73886608, 48.47846497 ], [ 16.73853968, 48.47850188 ], [ 16.73821128, 48.4785299 ], [ 16.73765007, 48.47857008 ], [ 16.73787901, 48.4788483 ], [ 16.73797338, 48.47896297 ], [ 16.73793945, 48.47903405 ], [ 16.73796022, 48.47907804 ], [ 16.73806539, 48.47910384 ], [ 16.73811881, 48.47918561 ], [ 16.73928834, 48.48097545 ], [ 16.74038174, 48.48264868 ], [ 16.74033585, 48.48271251 ], [ 16.74044117, 48.48273975 ], [ 16.73975526, 48.48286464 ], [ 16.73970513, 48.48287377 ], [ 16.7393242, 48.48294316 ], [ 16.73927803, 48.48295156 ], [ 16.73909676, 48.48298457 ], [ 16.73887729, 48.48302453 ], [ 16.73885809, 48.48302803 ], [ 16.73868724, 48.48305915 ], [ 16.73866891, 48.48303419 ], [ 16.73865715, 48.48301818 ], [ 16.73635698, 48.47986131 ], [ 16.73621152, 48.47966166 ], [ 16.73620325, 48.47965031 ], [ 16.7361767, 48.47961831 ], [ 16.73617007, 48.47961031 ], [ 16.73555262, 48.47886608 ], [ 16.73546949, 48.47888703 ], [ 16.73536982, 48.47890998 ], [ 16.73502897, 48.47898848 ], [ 16.73495999, 48.47900291 ], [ 16.7349385, 48.4790074 ], [ 16.73486963, 48.47910066 ], [ 16.73465486, 48.47937171 ], [ 16.73442861, 48.47963861 ], [ 16.73437941, 48.47969299 ], [ 16.7343056, 48.47977455 ], [ 16.73419105, 48.47990113 ], [ 16.73401896, 48.48007963 ], [ 16.73394238, 48.48015906 ], [ 16.73375931, 48.48033757 ], [ 16.73368279, 48.48041219 ], [ 16.73354173, 48.48054168 ], [ 16.73349534, 48.48058886 ], [ 16.7334128, 48.48067283 ], [ 16.7333364, 48.48073235 ], [ 16.73319247, 48.48086228 ], [ 16.73290159, 48.48110949 ], [ 16.73258958, 48.48134503 ], [ 16.73213012, 48.48167217 ], [ 16.73206387, 48.48172378 ], [ 16.73202964, 48.48174372 ], [ 16.73194548, 48.48180364 ], [ 16.73161339, 48.48202672 ], [ 16.73151983, 48.4820846 ], [ 16.73084622, 48.48262268 ], [ 16.73028382, 48.4830719 ], [ 16.72804683, 48.48433814 ], [ 16.72753696, 48.48472804 ], [ 16.72756644, 48.48476352 ], [ 16.72798509, 48.48526818 ], [ 16.72803923, 48.48533345 ], [ 16.72814283, 48.48545838 ], [ 16.72822282, 48.48555483 ], [ 16.72837745, 48.48574127 ], [ 16.7285209, 48.48591423 ], [ 16.72858088, 48.48598461 ], [ 16.72858574, 48.48598332 ], [ 16.72863048, 48.48597144 ], [ 16.72888428, 48.48590412 ], [ 16.7291285, 48.48583925 ], [ 16.72929387, 48.48579534 ], [ 16.72931844, 48.48578816 ], [ 16.72947865, 48.48574148 ], [ 16.72956989, 48.48571491 ], [ 16.72967337, 48.48568477 ], [ 16.72975387, 48.48566132 ], [ 16.72975395, 48.4856613 ], [ 16.73003652, 48.4855789 ], [ 16.73020414, 48.48553001 ], [ 16.7302969, 48.48550299 ], [ 16.73041713, 48.48546795 ], [ 16.73065378, 48.48538819 ], [ 16.73066683, 48.48538379 ], [ 16.73067022, 48.48538265 ], [ 16.73084523, 48.48532368 ], [ 16.73104059, 48.48525781 ], [ 16.73124352, 48.4851894 ], [ 16.73142418, 48.48512853 ], [ 16.73162994, 48.4850592 ], [ 16.73165264, 48.48505246 ], [ 16.73179659, 48.48500967 ], [ 16.73225662, 48.48487714 ], [ 16.73245085, 48.48513138 ], [ 16.73248063, 48.48526323 ], [ 16.73249164, 48.48526587 ], [ 16.73251303, 48.48526591 ], [ 16.73272909, 48.48526857 ], [ 16.73300722, 48.48527198 ], [ 16.7330262, 48.48527221 ], [ 16.73304757, 48.4852727 ], [ 16.73356019, 48.48528978 ], [ 16.73358152, 48.48529072 ], [ 16.73409307, 48.48531856 ], [ 16.73411435, 48.48531995 ], [ 16.73462432, 48.48535853 ], [ 16.73464553, 48.48536036 ], [ 16.73515341, 48.48540963 ], [ 16.73517452, 48.48541191 ], [ 16.7356798, 48.48547183 ], [ 16.73570079, 48.48547455 ], [ 16.73574746, 48.4854811 ], [ 16.73620297, 48.48554505 ], [ 16.73622382, 48.48554821 ], [ 16.7367224, 48.48562924 ], [ 16.73674309, 48.48563283 ], [ 16.73723757, 48.48572429 ], [ 16.73725808, 48.48572832 ], [ 16.73734175, 48.48574571 ], [ 16.73750232, 48.48566532 ], [ 16.73751935, 48.48565707 ], [ 16.73793258, 48.48546328 ], [ 16.73794999, 48.48545539 ], [ 16.7383721, 48.48527025 ], [ 16.73838987, 48.48526272 ], [ 16.73882045, 48.48508642 ], [ 16.73883856, 48.48507926 ], [ 16.73927719, 48.48491195 ], [ 16.73929563, 48.48490517 ], [ 16.73954416, 48.4848171 ], [ 16.73955341, 48.48481382 ], [ 16.73974188, 48.48474703 ], [ 16.73976063, 48.48474063 ], [ 16.73979475, 48.48472943 ], [ 16.74006205, 48.4846417 ], [ 16.74021407, 48.48459181 ], [ 16.74023311, 48.4845858 ], [ 16.74053669, 48.48449386 ], [ 16.7406933, 48.48444643 ], [ 16.74071261, 48.48444083 ], [ 16.74117911, 48.48431105 ], [ 16.74119867, 48.48430585 ], [ 16.7415983, 48.48420428 ], [ 16.74159844, 48.48420425 ], [ 16.74285544, 48.48393179 ], [ 16.74317859, 48.48387194 ], [ 16.74319897, 48.48386839 ], [ 16.7436901, 48.48378829 ], [ 16.74371064, 48.48378517 ], [ 16.74399108, 48.48374554 ], [ 16.74420528, 48.48371527 ], [ 16.74422595, 48.48371258 ], [ 16.74438415, 48.48369363 ], [ 16.74438432, 48.48369361 ], [ 16.74438365, 48.483693 ], [ 16.74440169, 48.48369053 ], [ 16.74445606, 48.48368411 ], [ 16.74447619, 48.4836813 ], [ 16.74461391, 48.48366546 ], [ 16.7446225, 48.48366445 ], [ 16.74464182, 48.48366226 ], [ 16.74469651, 48.48365597 ], [ 16.74471606, 48.48365382 ], [ 16.74473184, 48.48365203 ], [ 16.744868, 48.48363716 ], [ 16.74487536, 48.48363645 ], [ 16.74509777, 48.48361428 ], [ 16.74555907, 48.48357261 ], [ 16.74613497, 48.48353389 ], [ 16.74644493, 48.48350796 ], [ 16.74644504, 48.48350795 ], [ 16.74773944, 48.48349103 ], [ 16.74907601, 48.48353222 ], [ 16.74909712, 48.48353346 ], [ 16.74960304, 48.48356843 ], [ 16.74962409, 48.48357011 ], [ 16.75012811, 48.48361559 ], [ 16.75014907, 48.48361771 ], [ 16.75065071, 48.48367367 ], [ 16.75067155, 48.48367622 ], [ 16.7511703, 48.4837426 ], [ 16.75119102, 48.48374558 ], [ 16.7516864, 48.48382232 ], [ 16.75170696, 48.48382573 ], [ 16.75219849, 48.48391274 ], [ 16.75221888, 48.48391658 ], [ 16.75270606, 48.48401379 ], [ 16.75272627, 48.48401805 ], [ 16.75320863, 48.48412536 ], [ 16.7532258, 48.48412938 ], [ 16.75322862, 48.48413004 ], [ 16.7537057, 48.48424733 ], [ 16.75372546, 48.48425243 ], [ 16.75419677, 48.4843796 ], [ 16.75421628, 48.48438511 ], [ 16.75468137, 48.48452203 ], [ 16.75470061, 48.48452794 ], [ 16.75515902, 48.48467448 ], [ 16.75517798, 48.48468079 ], [ 16.75562926, 48.48483681 ], [ 16.75564791, 48.4848435 ], [ 16.75578568, 48.48489484 ], [ 16.75609162, 48.48500885 ], [ 16.75610994, 48.48501593 ], [ 16.75654565, 48.48519043 ], [ 16.75656363, 48.48519789 ], [ 16.75677777, 48.48528985 ], [ 16.75699089, 48.48538137 ], [ 16.75700852, 48.4853892 ], [ 16.75742693, 48.4855815 ], [ 16.75744417, 48.48558969 ], [ 16.75785332, 48.48579061 ], [ 16.75787017, 48.48579916 ], [ 16.75826965, 48.48600849 ], [ 16.75828609, 48.48601739 ], [ 16.75867551, 48.48623494 ], [ 16.75869152, 48.48624417 ], [ 16.75877369, 48.48629308 ], [ 16.7590705, 48.48646973 ], [ 16.75908607, 48.48647929 ], [ 16.75945423, 48.48671263 ], [ 16.75946934, 48.48672251 ], [ 16.75982633, 48.4869634 ], [ 16.75984097, 48.48697359 ], [ 16.76018644, 48.4872218 ], [ 16.76019579, 48.48722865 ], [ 16.76020368, 48.48723456 ], [ 16.76054878, 48.48735745 ], [ 16.76056743, 48.48736434 ], [ 16.76101103, 48.48753448 ], [ 16.76102934, 48.48754177 ], [ 16.76146464, 48.48772112 ], [ 16.7614826, 48.48772878 ], [ 16.76190919, 48.48791718 ], [ 16.76192677, 48.48792521 ], [ 16.76225932, 48.48808234 ], [ 16.7623442, 48.48812245 ], [ 16.7623614, 48.48813085 ], [ 16.76276927, 48.48833675 ], [ 16.76278606, 48.4883455 ], [ 16.76318396, 48.48855985 ], [ 16.76320032, 48.48856895 ], [ 16.76358786, 48.48879153 ], [ 16.76360378, 48.48880097 ], [ 16.76398056, 48.48903157 ], [ 16.76399603, 48.48904134 ], [ 16.76436169, 48.48927972 ], [ 16.76437669, 48.48928981 ], [ 16.76473085, 48.48953573 ], [ 16.76474536, 48.48954613 ], [ 16.76474796, 48.48954806 ], [ 16.76508768, 48.48979936 ], [ 16.76510169, 48.48981006 ], [ 16.76543183, 48.49007034 ], [ 16.76544533, 48.49008133 ], [ 16.76576295, 48.4903484 ], [ 16.76577592, 48.49035966 ], [ 16.76608072, 48.49063326 ], [ 16.76609314, 48.49064479 ], [ 16.76616558, 48.49071429 ], [ 16.76638481, 48.49092464 ], [ 16.76639668, 48.49093643 ], [ 16.76644772, 48.49098886 ], [ 16.76650178, 48.49104439 ], [ 16.76658457, 48.49107888 ], [ 16.7675091, 48.4922188 ], [ 16.76764885, 48.49241203 ], [ 16.76768934, 48.492468 ], [ 16.76810503, 48.49308391 ], [ 16.76805308, 48.49303746 ], [ 16.76810695, 48.49312179 ], [ 16.76805869, 48.49304263 ], [ 16.76810492, 48.49308397 ], [ 16.76846109, 48.49379075 ], [ 16.76846752, 48.49380428 ], [ 16.76849445, 48.49386418 ], [ 16.76861418, 48.49413047 ], [ 16.76861996, 48.49414412 ], [ 16.76875107, 48.49447322 ], [ 16.7687562, 48.49448699 ], [ 16.76887162, 48.49481868 ], [ 16.7688761, 48.49483255 ], [ 16.76897572, 48.49516649 ], [ 16.76897955, 48.49518045 ], [ 16.76903398, 48.49539882 ], [ 16.76906327, 48.49551631 ], [ 16.76906643, 48.49553034 ], [ 16.76913417, 48.49586779 ], [ 16.76913666, 48.49588188 ], [ 16.76918835, 48.49622059 ], [ 16.76919017, 48.49623472 ], [ 16.76922576, 48.49657434 ], [ 16.76922691, 48.4965885 ], [ 16.76924637, 48.4969287 ], [ 16.76924684, 48.49694288 ], [ 16.76925015, 48.49728332 ], [ 16.76924995, 48.4972975 ], [ 16.76923709, 48.49763784 ], [ 16.76923622, 48.49765201 ], [ 16.76920721, 48.49799191 ], [ 16.76920567, 48.49800606 ], [ 16.76917667, 48.49822394 ], [ 16.76916054, 48.49834518 ], [ 16.76915833, 48.49835929 ], [ 16.76909713, 48.49869729 ], [ 16.76909424, 48.49871135 ], [ 16.76901703, 48.4990479 ], [ 16.76901348, 48.49906189 ], [ 16.76892033, 48.49939665 ], [ 16.76891612, 48.49941056 ], [ 16.76880713, 48.49974321 ], [ 16.76880478, 48.49975013 ], [ 16.76878219, 48.49981419 ], [ 16.7686612, 48.50015722 ], [ 16.76865871, 48.50016404 ], [ 16.76853533, 48.50049081 ], [ 16.76852987, 48.50050437 ], [ 16.7683912, 48.50082841 ], [ 16.76838511, 48.50084185 ], [ 16.76823128, 48.50116286 ], [ 16.76822456, 48.50117617 ], [ 16.76805573, 48.50149383 ], [ 16.76804838, 48.50150699 ], [ 16.76794388, 48.50168565 ], [ 16.76783591, 48.50188247 ], [ 16.76782836, 48.50189559 ], [ 16.76763975, 48.50220864 ], [ 16.76763159, 48.5022216 ], [ 16.76742835, 48.50253058 ], [ 16.76741958, 48.50254336 ], [ 16.7673526, 48.50263711 ], [ 16.76720191, 48.50284797 ], [ 16.76719255, 48.50286057 ], [ 16.76696066, 48.50316051 ], [ 16.76695071, 48.5031729 ], [ 16.76670483, 48.50346788 ], [ 16.7666943, 48.50348006 ], [ 16.76649282, 48.50370489 ], [ 16.76643467, 48.50376979 ], [ 16.76642357, 48.50378175 ], [ 16.76615044, 48.50406594 ], [ 16.76613878, 48.50407767 ], [ 16.76585242, 48.50435605 ], [ 16.76584022, 48.50436752 ], [ 16.7655409, 48.50463983 ], [ 16.76552817, 48.50465104 ], [ 16.76521619, 48.50491699 ], [ 16.76520293, 48.50492794 ], [ 16.7648786, 48.50518728 ], [ 16.76486484, 48.50519795 ], [ 16.76452847, 48.50545043 ], [ 16.76451421, 48.50546081 ], [ 16.76416613, 48.50570618 ], [ 16.76415138, 48.50571625 ], [ 16.76379193, 48.50595428 ], [ 16.76377672, 48.50596404 ], [ 16.76340625, 48.50619449 ], [ 16.76339059, 48.50620393 ], [ 16.76300946, 48.50642657 ], [ 16.76299336, 48.50643568 ], [ 16.76260195, 48.5066503 ], [ 16.76258543, 48.50665907 ], [ 16.76218411, 48.50686545 ], [ 16.76216719, 48.50687388 ], [ 16.76178251, 48.50705923 ], [ 16.76237085, 48.50783586 ], [ 16.76237081, 48.50783588 ], [ 16.76246962, 48.50794338 ], [ 16.76251493, 48.50792424 ], [ 16.76265299, 48.50794649 ], [ 16.76347006, 48.50907765 ], [ 16.76402936, 48.508996 ], [ 16.76405016, 48.50899321 ], [ 16.7645508, 48.50893153 ], [ 16.76457171, 48.50892918 ], [ 16.76507502, 48.50887795 ], [ 16.76509604, 48.50887604 ], [ 16.76560151, 48.50883532 ], [ 16.76562261, 48.50883384 ], [ 16.76612975, 48.50880367 ], [ 16.76615091, 48.50880263 ], [ 16.76665923, 48.50878303 ], [ 16.76668042, 48.50878244 ], [ 16.76718941, 48.50877344 ], [ 16.76721063, 48.50877328 ], [ 16.76771979, 48.50877489 ], [ 16.767741, 48.50877517 ], [ 16.76824984, 48.50878738 ], [ 16.76827103, 48.50878811 ], [ 16.76877905, 48.50881091 ], [ 16.76880019, 48.50881208 ], [ 16.76930688, 48.50884544 ], [ 16.76932796, 48.50884705 ], [ 16.76983282, 48.50889095 ], [ 16.76985381, 48.508893 ], [ 16.77035636, 48.5089474 ], [ 16.77037725, 48.50894988 ], [ 16.77087699, 48.50901471 ], [ 16.77089774, 48.50901763 ], [ 16.77139418, 48.50909284 ], [ 16.77141478, 48.50909619 ], [ 16.77190743, 48.5091817 ], [ 16.77192787, 48.50918547 ], [ 16.77241624, 48.5092812 ], [ 16.77243649, 48.5092854 ], [ 16.77292011, 48.50939125 ], [ 16.77294015, 48.50939587 ], [ 16.77341854, 48.50951174 ], [ 16.77343835, 48.50951678 ], [ 16.77391104, 48.50964255 ], [ 16.77393061, 48.509648 ], [ 16.77439713, 48.50978355 ], [ 16.77441643, 48.5097894 ], [ 16.77487633, 48.50993461 ], [ 16.77489535, 48.50994086 ], [ 16.77534818, 48.51009557 ], [ 16.77536689, 48.51010222 ], [ 16.7758122, 48.51026628 ], [ 16.77583059, 48.51027331 ], [ 16.77626794, 48.51044657 ], [ 16.77628599, 48.51045398 ], [ 16.77671496, 48.51063626 ], [ 16.77673265, 48.51064404 ], [ 16.77715281, 48.51083517 ], [ 16.77717012, 48.51084332 ], [ 16.77758106, 48.5110431 ], [ 16.77759798, 48.5110516 ], [ 16.77766368, 48.51108569 ], [ 16.77803444, 48.51126391 ], [ 16.77805146, 48.51127236 ], [ 16.77845521, 48.51147957 ], [ 16.77847182, 48.51148838 ], [ 16.77886558, 48.51170391 ], [ 16.77888177, 48.51171306 ], [ 16.77926514, 48.5119367 ], [ 16.77928089, 48.51194619 ], [ 16.77965351, 48.51217771 ], [ 16.77966881, 48.51218752 ], [ 16.7800303, 48.51242671 ], [ 16.78004512, 48.51243683 ], [ 16.78039513, 48.51268345 ], [ 16.78040947, 48.51269387 ], [ 16.78074765, 48.51294767 ], [ 16.78076149, 48.51295839 ], [ 16.78108752, 48.51321911 ], [ 16.78110084, 48.51323012 ], [ 16.78141438, 48.51349752 ], [ 16.78142718, 48.51350879 ], [ 16.78172793, 48.5137826 ], [ 16.78174019, 48.51379414 ], [ 16.78202785, 48.51407409 ], [ 16.78203956, 48.51408588 ], [ 16.78231384, 48.51437169 ], [ 16.78232499, 48.51438372 ], [ 16.78258563, 48.51467511 ], [ 16.78259621, 48.51468737 ], [ 16.78262226, 48.5147187 ], [ 16.78268218, 48.51475209 ], [ 16.78269826, 48.51476134 ], [ 16.78307881, 48.51498734 ], [ 16.78309444, 48.51499692 ], [ 16.78324504, 48.51509217 ], [ 16.78346412, 48.51523075 ], [ 16.78347929, 48.51524065 ], [ 16.78383773, 48.51548208 ], [ 16.78448266, 48.51593602 ], [ 16.78449686, 48.51594648 ], [ 16.78483193, 48.51620102 ], [ 16.78484564, 48.51621178 ], [ 16.78516854, 48.51647317 ], [ 16.78518173, 48.5164842 ], [ 16.78528442, 48.51657285 ], [ 16.78528449, 48.51657291 ], [ 16.78566112, 48.51690754 ], [ 16.78580245, 48.5170378 ], [ 16.78581458, 48.51704936 ], [ 16.78609912, 48.51732973 ], [ 16.7861107, 48.51734154 ], [ 16.78616964, 48.51740372 ], [ 16.78648257, 48.51774126 ], [ 16.78650462, 48.51775498 ], [ 16.78650464, 48.51775501 ], [ 16.78688978, 48.51800551 ], [ 16.78692227, 48.51802691 ], [ 16.78724234, 48.51825018 ], [ 16.78741101, 48.51837479 ], [ 16.78755269, 48.51847944 ], [ 16.78769141, 48.518588 ], [ 16.78774355, 48.51862881 ], [ 16.78782377, 48.51869158 ], [ 16.78842285, 48.51920121 ], [ 16.78869182, 48.51945248 ], [ 16.78894989, 48.51970875 ], [ 16.78919682, 48.51996982 ], [ 16.78943244, 48.52023546 ], [ 16.78965653, 48.52050547 ], [ 16.78986892, 48.52077962 ], [ 16.78997674, 48.52092913 ], [ 16.79006944, 48.52105769 ], [ 16.79025792, 48.52133945 ], [ 16.79032488, 48.52144779 ], [ 16.79043421, 48.52162467 ], [ 16.79059816, 48.52191312 ], [ 16.79074964, 48.52220457 ], [ 16.79088853, 48.52249877 ], [ 16.7910147, 48.52279549 ], [ 16.79112807, 48.52309448 ], [ 16.79122853, 48.52339549 ], [ 16.79125297, 48.52348008 ], [ 16.79131601, 48.5236983 ], [ 16.7915233, 48.52447567 ], [ 16.79159795, 48.52478107 ], [ 16.7916594, 48.52508777 ], [ 16.79170758, 48.52539552 ], [ 16.79174246, 48.52570406 ], [ 16.79176402, 48.52601313 ], [ 16.79177222, 48.52632249 ], [ 16.79176707, 48.52663187 ], [ 16.79174856, 48.52694103 ], [ 16.79171672, 48.52724972 ], [ 16.79167157, 48.52755766 ], [ 16.79161314, 48.52786463 ], [ 16.79154149, 48.52817035 ], [ 16.79146571, 48.52844216 ], [ 16.79099248, 48.5296603 ], [ 16.79099236, 48.5296606 ], [ 16.79098727, 48.52967163 ], [ 16.79083787, 48.52996469 ], [ 16.79067588, 48.53025479 ], [ 16.79050143, 48.53054168 ], [ 16.79031467, 48.53082513 ], [ 16.79011574, 48.53110491 ], [ 16.78990482, 48.53138079 ], [ 16.78968208, 48.53165253 ], [ 16.78944769, 48.53191992 ], [ 16.78920186, 48.53218274 ], [ 16.78894478, 48.53244077 ], [ 16.78867667, 48.5326938 ], [ 16.78853838, 48.53281666 ], [ 16.78839774, 48.53294162 ], [ 16.7882916, 48.53303048 ], [ 16.78794119, 48.53331592 ], [ 16.7878923, 48.53335359 ], [ 16.78781178, 48.53495203 ], [ 16.78778223, 48.53511529 ], [ 16.7877834, 48.53512104 ], [ 16.78780223, 48.53521829 ], [ 16.78783901, 48.53529477 ], [ 16.78784516, 48.53530828 ], [ 16.78798507, 48.53563415 ], [ 16.78799057, 48.53564779 ], [ 16.78811501, 48.53597642 ], [ 16.78811987, 48.53599016 ], [ 16.78819078, 48.53620587 ], [ 16.78822871, 48.53632122 ], [ 16.78823291, 48.53633506 ], [ 16.78831756, 48.53663788 ], [ 16.78832605, 48.53666823 ], [ 16.7883296, 48.53668215 ], [ 16.78837062, 48.53685981 ], [ 16.78840693, 48.53701709 ], [ 16.78840983, 48.53703108 ], [ 16.78847129, 48.53736747 ], [ 16.78847352, 48.53738151 ], [ 16.78849759, 48.53755997 ], [ 16.78851905, 48.53771902 ], [ 16.78852061, 48.5377331 ], [ 16.78854144, 48.53797157 ], [ 16.78855315, 48.53801008 ], [ 16.78855703, 48.53802395 ], [ 16.7885632, 48.53804811 ], [ 16.78861557, 48.53825327 ], [ 16.78862227, 48.53825984 ], [ 16.78890284, 48.5385444 ], [ 16.78891424, 48.53855638 ], [ 16.7889169, 48.53855928 ], [ 16.78918117, 48.53884668 ], [ 16.789192, 48.53885889 ], [ 16.78927839, 48.53895987 ], [ 16.78944502, 48.53915463 ], [ 16.78945527, 48.53916707 ], [ 16.78969413, 48.53946796 ], [ 16.78970378, 48.53948059 ], [ 16.78992825, 48.53978633 ], [ 16.79015558, 48.54012247 ], [ 16.79035059, 48.54043699 ], [ 16.79035841, 48.54045018 ], [ 16.7904962, 48.54069396 ], [ 16.7905384, 48.54076863 ], [ 16.79054559, 48.54078197 ], [ 16.79064348, 48.54097329 ], [ 16.79094291, 48.54107189 ], [ 16.7909618, 48.54107836 ], [ 16.7909833, 48.54108601 ], [ 16.79141127, 48.54123822 ], [ 16.79142984, 48.54124508 ], [ 16.79187155, 48.54141423 ], [ 16.79188978, 48.54142146 ], [ 16.79232328, 48.54159973 ], [ 16.79234117, 48.54160734 ], [ 16.79276603, 48.54179455 ], [ 16.79278355, 48.54180253 ], [ 16.7929626, 48.54188692 ], [ 16.79319936, 48.5419985 ], [ 16.79329758, 48.54204834 ], [ 16.79370126, 48.54225318 ], [ 16.79384201, 48.54232876 ], [ 16.79403608, 48.54243296 ], [ 16.79405239, 48.542442 ], [ 16.79443863, 48.54266305 ], [ 16.79445451, 48.54267242 ], [ 16.79483012, 48.5429014 ], [ 16.79484555, 48.54291111 ], [ 16.79503744, 48.54303568 ], [ 16.79521016, 48.5431478 ], [ 16.79522512, 48.54315782 ], [ 16.79554911, 48.54338176 ], [ 16.79557838, 48.54340199 ], [ 16.79558568, 48.54340711 ], [ 16.79583732, 48.5435866 ], [ 16.79588952, 48.54361972 ], [ 16.79589722, 48.54362468 ], [ 16.79605526, 48.54372819 ], [ 16.79606412, 48.5437341 ], [ 16.79648561, 48.54402058 ], [ 16.79649431, 48.54402661 ], [ 16.79652038, 48.544045 ], [ 16.79670366, 48.5441743 ], [ 16.79670671, 48.54417645 ], [ 16.79688243, 48.54430043 ], [ 16.79690368, 48.54431545 ], [ 16.79692426, 48.54433002 ], [ 16.79693142, 48.54433517 ], [ 16.79706722, 48.54443439 ], [ 16.79727205, 48.54458404 ], [ 16.797286, 48.54459456 ], [ 16.79729793, 48.54460384 ], [ 16.79730261, 48.54460749 ], [ 16.79730267, 48.54460754 ], [ 16.79730273, 48.54460735 ], [ 16.79804329, 48.54514753 ], [ 16.80051679, 48.54472049 ] ] ] } },
{ "type": "Feature", "properties": { "ID": 33, "ZONE": "WE16", "AREA_HA": 1802.291191, "COMMUNITIES": "Bad Pirawarth, Groß-Schweinbarth, Hohenruppersdorf, Matzen-Raggendorf, Spannberg", "LEGALFOUNDATIONDATE": "2024-09-01T00:00:00", "LEGISLATIONCODE": "NÖ LGBl. Nr. 47/2024", "LEGISLATIONTITLE": "Sektorales Raumordnungsprogramm über die Windkraftnutzung in Niederösterreich - Änderung", "LASTUPDATE": "2024-09-03T00:00:00" }, "geometry": { "type": "MultiPolygon", "coordinates": [ [ [ [ 16.76415771, 48.45081666 ], [ 16.76456853, 48.44940929 ], [ 16.76461119, 48.44926314 ], [ 16.7646243, 48.4492004 ], [ 16.76504987, 48.44716294 ], [ 16.76505126, 48.44716214 ], [ 16.76519619, 48.44704678 ], [ 16.76528484, 48.44702815 ], [ 16.76630255, 48.44644434 ], [ 16.76634092, 48.44641633 ], [ 16.76664431, 48.44624766 ], [ 16.76667923, 48.44622825 ], [ 16.76672641, 48.44620118 ], [ 16.766688, 48.44617432 ], [ 16.76646992, 48.44600877 ], [ 16.76604411, 48.4456719 ], [ 16.76583636, 48.44550057 ], [ 16.7656393, 48.44532375 ], [ 16.76525618, 48.4449649 ], [ 16.76507013, 48.44478288 ], [ 16.76489539, 48.44459595 ], [ 16.76455752, 48.44421752 ], [ 16.76424315, 48.44383025 ], [ 16.76395277, 48.44343475 ], [ 16.76381364, 48.44323502 ], [ 16.76368688, 48.44303169 ], [ 16.76344594, 48.44262177 ], [ 16.76323033, 48.44220564 ], [ 16.76304041, 48.44178401 ], [ 16.76295192, 48.4415719 ], [ 16.7628765, 48.44135758 ], [ 16.76273887, 48.44092705 ], [ 16.76267666, 48.44071085 ], [ 16.76262775, 48.44049313 ], [ 16.76254333, 48.44005657 ], [ 16.76252882, 48.43994611 ], [ 16.76133725, 48.44005527 ], [ 16.76093873, 48.44009178 ], [ 16.76083924, 48.44010105 ], [ 16.76095279, 48.44032279 ], [ 16.7610234, 48.44056313 ], [ 16.76126317, 48.44137915 ], [ 16.76118207, 48.44147977 ], [ 16.7613008, 48.4417376 ], [ 16.76133674, 48.44189484 ], [ 16.76123707, 48.44189521 ], [ 16.76130888, 48.4427057 ], [ 16.76176373, 48.44456975 ], [ 16.76173528, 48.4453098 ], [ 16.76200741, 48.44542289 ], [ 16.76334215, 48.44531537 ], [ 16.76342741, 48.44571017 ], [ 16.76329468, 48.44579947 ], [ 16.76326192, 48.44602357 ], [ 16.7634308, 48.44611428 ], [ 16.76343438, 48.44654114 ], [ 16.7639773, 48.44660545 ], [ 16.7639471, 48.44703272 ], [ 16.7630463, 48.44852044 ], [ 16.76298408, 48.44885847 ], [ 16.76271515, 48.44912897 ], [ 16.76260213, 48.44975748 ], [ 16.76235328, 48.45020832 ], [ 16.75929441, 48.45016341 ], [ 16.75910808, 48.45010817 ], [ 16.75843283, 48.45018849 ], [ 16.75655764, 48.45003883 ], [ 16.75501711, 48.44979658 ], [ 16.75271846, 48.44972737 ], [ 16.75116625, 48.44981054 ], [ 16.75094564, 48.44984232 ], [ 16.75125427, 48.44993474 ], [ 16.75184604, 48.45013163 ], [ 16.75242524, 48.45034442 ], [ 16.75271159, 48.45045474 ], [ 16.75299093, 48.45057274 ], [ 16.75354215, 48.45081621 ], [ 16.75381402, 48.45094169 ], [ 16.75407799, 48.45107445 ], [ 16.75459755, 48.451347 ], [ 16.75509996, 48.45163341 ], [ 16.75558441, 48.45193322 ], [ 16.75582204, 48.45208642 ], [ 16.75605008, 48.45224593 ], [ 16.75649619, 48.452571 ], [ 16.756922, 48.45290791 ], [ 16.75732681, 48.45325609 ], [ 16.75752388, 48.45343293 ], [ 16.75770994, 48.45361497 ], [ 16.75807075, 48.45398394 ], [ 16.75840863, 48.45436238 ], [ 16.75848659, 48.45445842 ], [ 16.75851973, 48.45447403 ], [ 16.75934407, 48.45491899 ], [ 16.76011083, 48.45539141 ], [ 16.76023388, 48.45543199 ], [ 16.76023425, 48.45547706 ], [ 16.76085291, 48.45591157 ], [ 16.76153096, 48.45645494 ], [ 16.76215413, 48.45702664 ], [ 16.76253769, 48.45743186 ], [ 16.76309828, 48.4572772 ], [ 16.7634065, 48.45719703 ], [ 16.76371937, 48.45712529 ], [ 16.76386465, 48.45709417 ], [ 16.76381949, 48.45597844 ], [ 16.76381543, 48.45593512 ], [ 16.76379262, 48.45565013 ], [ 16.76375291, 48.4551555 ], [ 16.76372934, 48.45486044 ], [ 16.76372134, 48.45476065 ], [ 16.76371016, 48.45462085 ], [ 16.763686, 48.45432022 ], [ 16.76368479, 48.45430485 ], [ 16.76369713, 48.45403592 ], [ 16.76370303, 48.45390892 ], [ 16.76371052, 48.45374684 ], [ 16.76372044, 48.45353096 ], [ 16.76372031, 48.45352778 ], [ 16.7639222, 48.4525614 ], [ 16.76395556, 48.45240171 ], [ 16.76395617, 48.45239637 ], [ 16.76399409, 48.45206629 ], [ 16.76405272, 48.4516113 ], [ 16.76406708, 48.45150127 ], [ 16.76408028, 48.45140014 ], [ 16.76408372, 48.45137405 ], [ 16.76408981, 48.45132771 ], [ 16.76410969, 48.45118276 ], [ 16.76412382, 48.45107929 ], [ 16.76413668, 48.45098464 ], [ 16.76414496, 48.45092445 ], [ 16.76415771, 48.45081666 ] ] ], [ [ [ 16.69480146, 48.42605249 ], [ 16.69318809, 48.42428163 ], [ 16.69149401, 48.42185138 ], [ 16.69136185, 48.42135493 ], [ 16.6913513, 48.42131532 ], [ 16.69083231, 48.41936571 ], [ 16.69083153, 48.4193656 ], [ 16.6907817, 48.41935879 ], [ 16.69073189, 48.41935188 ], [ 16.69068211, 48.41934487 ], [ 16.69063237, 48.41933774 ], [ 16.69058267, 48.41933052 ], [ 16.690533, 48.41932319 ], [ 16.69048336, 48.41931576 ], [ 16.69043375, 48.41930822 ], [ 16.69038419, 48.41930059 ], [ 16.69033466, 48.41929284 ], [ 16.69028516, 48.419285 ], [ 16.69023571, 48.41927705 ], [ 16.69018629, 48.41926899 ], [ 16.69013691, 48.41926084 ], [ 16.69008757, 48.41925258 ], [ 16.69003827, 48.41924422 ], [ 16.689989, 48.41923575 ], [ 16.68993978, 48.41922718 ], [ 16.6898906, 48.41921851 ], [ 16.68984146, 48.41920974 ], [ 16.68979236, 48.41920086 ], [ 16.6897433, 48.41919188 ], [ 16.68969429, 48.4191828 ], [ 16.68964532, 48.41917362 ], [ 16.68959639, 48.41916433 ], [ 16.6895475, 48.41915494 ], [ 16.68949866, 48.41914545 ], [ 16.68944987, 48.41913586 ], [ 16.68940112, 48.41912617 ], [ 16.68935242, 48.41911637 ], [ 16.68930376, 48.41910647 ], [ 16.68925515, 48.41909647 ], [ 16.68920659, 48.41908637 ], [ 16.68915808, 48.41907617 ], [ 16.68910961, 48.41906587 ], [ 16.68906119, 48.41905546 ], [ 16.68901283, 48.41904496 ], [ 16.68896451, 48.41903435 ], [ 16.68891624, 48.41902364 ], [ 16.68886802, 48.41901283 ], [ 16.68881986, 48.41900192 ], [ 16.68877174, 48.41899091 ], [ 16.68872368, 48.4189798 ], [ 16.68867567, 48.41896859 ], [ 16.68862772, 48.41895728 ], [ 16.68857982, 48.41894587 ], [ 16.68853197, 48.41893436 ], [ 16.68848417, 48.41892275 ], [ 16.68843643, 48.41891104 ], [ 16.68838875, 48.41889923 ], [ 16.68834112, 48.41888732 ], [ 16.68829355, 48.41887531 ], [ 16.68824604, 48.4188632 ], [ 16.68819858, 48.41885099 ], [ 16.68815118, 48.41883868 ], [ 16.68810384, 48.41882628 ], [ 16.68805656, 48.41881377 ], [ 16.68800934, 48.41880117 ], [ 16.68799252, 48.41879664 ], [ 16.68796041, 48.41879216 ], [ 16.68791061, 48.41878511 ], [ 16.68786085, 48.41877795 ], [ 16.68781112, 48.41877069 ], [ 16.68776142, 48.41876333 ], [ 16.68771176, 48.41875586 ], [ 16.68766214, 48.41874829 ], [ 16.68761255, 48.41874061 ], [ 16.68756299, 48.41873283 ], [ 16.68751348, 48.41872495 ], [ 16.687464, 48.41871696 ], [ 16.68741456, 48.41870887 ], [ 16.68736516, 48.41870068 ], [ 16.6873158, 48.41869239 ], [ 16.68726647, 48.41868399 ], [ 16.68721719, 48.41867548 ], [ 16.68716795, 48.41866688 ], [ 16.68711874, 48.41865817 ], [ 16.68706958, 48.41864936 ], [ 16.68702046, 48.41864044 ], [ 16.68697139, 48.41863143 ], [ 16.68692235, 48.41862231 ], [ 16.68687336, 48.41861309 ], [ 16.68682441, 48.41860376 ], [ 16.68677551, 48.41859434 ], [ 16.68672665, 48.41858481 ], [ 16.68667784, 48.41857518 ], [ 16.68662907, 48.41856545 ], [ 16.68658035, 48.41855561 ], [ 16.68653168, 48.41854567 ], [ 16.68648305, 48.41853564 ], [ 16.68643447, 48.4185255 ], [ 16.68638594, 48.41851526 ], [ 16.68633746, 48.41850491 ], [ 16.68628902, 48.41849447 ], [ 16.68624064, 48.41848392 ], [ 16.68619231, 48.41847328 ], [ 16.68614402, 48.41846253 ], [ 16.68609579, 48.41845168 ], [ 16.68604761, 48.41844073 ], [ 16.68599948, 48.41842968 ], [ 16.6859514, 48.41841853 ], [ 16.68590338, 48.41840728 ], [ 16.68585541, 48.41839593 ], [ 16.68580749, 48.41838448 ], [ 16.68575963, 48.41837293 ], [ 16.68571182, 48.41836128 ], [ 16.68566407, 48.41834953 ], [ 16.68561637, 48.41833767 ], [ 16.68556873, 48.41832572 ], [ 16.68552114, 48.41831367 ], [ 16.68547362, 48.41830152 ], [ 16.68542615, 48.41828927 ], [ 16.68537873, 48.41827692 ], [ 16.68533138, 48.41826448 ], [ 16.68528409, 48.41825193 ], [ 16.68523685, 48.41823929 ], [ 16.68518968, 48.41822654 ], [ 16.68514257, 48.4182137 ], [ 16.68509551, 48.41820076 ], [ 16.68504852, 48.41818772 ], [ 16.68500159, 48.41817458 ], [ 16.68495472, 48.41816135 ], [ 16.68490792, 48.41814801 ], [ 16.68486117, 48.41813458 ], [ 16.68481449, 48.41812105 ], [ 16.68476788, 48.41810743 ], [ 16.68472133, 48.4180937 ], [ 16.68467484, 48.41807988 ], [ 16.68462842, 48.41806596 ], [ 16.68458207, 48.41805195 ], [ 16.68453578, 48.41803784 ], [ 16.68448956, 48.41802363 ], [ 16.68448286, 48.41802155 ], [ 16.68444341, 48.41800932 ], [ 16.68439732, 48.41799492 ], [ 16.68435131, 48.41798042 ], [ 16.68430536, 48.41796583 ], [ 16.68425948, 48.41795114 ], [ 16.68421367, 48.41793635 ], [ 16.68416793, 48.41792147 ], [ 16.68412226, 48.41790649 ], [ 16.68407666, 48.41789142 ], [ 16.68403114, 48.41787625 ], [ 16.68398568, 48.41786099 ], [ 16.6839403, 48.41784563 ], [ 16.68389499, 48.41783018 ], [ 16.68384975, 48.41781463 ], [ 16.68380459, 48.41779899 ], [ 16.68375949, 48.41778325 ], [ 16.68371448, 48.41776742 ], [ 16.68366954, 48.4177515 ], [ 16.68362468, 48.41773548 ], [ 16.68357989, 48.41771937 ], [ 16.68353517, 48.41770316 ], [ 16.68349054, 48.41768686 ], [ 16.68344598, 48.41767047 ], [ 16.6834015, 48.41765398 ], [ 16.6833571, 48.41763741 ], [ 16.68331277, 48.41762073 ], [ 16.68326852, 48.41760397 ], [ 16.68322436, 48.41758711 ], [ 16.68318027, 48.41757017 ], [ 16.68313626, 48.41755312 ], [ 16.68309234, 48.41753599 ], [ 16.68304849, 48.41751877 ], [ 16.68300473, 48.41750145 ], [ 16.68296105, 48.41748404 ], [ 16.68291745, 48.41746655 ], [ 16.68287393, 48.41744895 ], [ 16.6828305, 48.41743127 ], [ 16.68278715, 48.4174135 ], [ 16.68274389, 48.41739564 ], [ 16.6827007, 48.41737769 ], [ 16.68265761, 48.41735965 ], [ 16.6826146, 48.41734151 ], [ 16.68257167, 48.41732329 ], [ 16.68252883, 48.41730498 ], [ 16.68248608, 48.41728658 ], [ 16.68244342, 48.41726809 ], [ 16.68242318, 48.41725926 ], [ 16.68105217, 48.41747101 ], [ 16.68039841, 48.41757198 ], [ 16.68037396, 48.41758513 ], [ 16.68004917, 48.41778151 ], [ 16.67963021, 48.41793879 ], [ 16.67911867, 48.41809389 ], [ 16.67863482, 48.41824059 ], [ 16.67810182, 48.41837118 ], [ 16.67762379, 48.41848829 ], [ 16.67750685, 48.4184962 ], [ 16.67720006, 48.41824003 ], [ 16.67701111, 48.41809505 ], [ 16.66864523, 48.41938646 ], [ 16.66830513, 48.41924379 ], [ 16.66728514, 48.41858579 ], [ 16.66684806, 48.41819749 ], [ 16.66675581, 48.41812153 ], [ 16.66674691, 48.4181142 ], [ 16.6667312, 48.4180982 ], [ 16.66669647, 48.41806281 ], [ 16.66600399, 48.41735709 ], [ 16.66572483, 48.4170568 ], [ 16.66487624, 48.41614293 ], [ 16.66483415, 48.41610581 ], [ 16.66451466, 48.41628848 ], [ 16.66398349, 48.41659219 ], [ 16.66355215, 48.4168388 ], [ 16.66322716, 48.4169858 ], [ 16.66252916, 48.4172778 ], [ 16.66249616, 48.4173088 ], [ 16.66221016, 48.4175558 ], [ 16.66197716, 48.4177548 ], [ 16.66180516, 48.4178998 ], [ 16.66132917, 48.4183128 ], [ 16.66117917, 48.4184428 ], [ 16.66103617, 48.41856779 ], [ 16.66084617, 48.41872979 ], [ 16.66028117, 48.41921079 ], [ 16.65984417, 48.41959579 ], [ 16.65925918, 48.42009879 ], [ 16.65879618, 48.42048879 ], [ 16.65832417, 48.42090231 ], [ 16.65809419, 48.42110378 ], [ 16.65769319, 48.42143578 ], [ 16.65759719, 48.42162378 ], [ 16.65749793, 48.42179272 ], [ 16.65702165, 48.42253743 ], [ 16.65648333, 48.42322898 ], [ 16.65630367, 48.42345978 ], [ 16.65533794, 48.4244466 ], [ 16.65407694, 48.42558951 ], [ 16.6533337, 48.42624325 ], [ 16.65290222, 48.42662276 ], [ 16.65167153, 48.42696783 ], [ 16.65109266, 48.42751017 ], [ 16.65042291, 48.42805788 ], [ 16.64970076, 48.42857525 ], [ 16.64892929, 48.42906009 ], [ 16.64887812, 48.42909007 ], [ 16.64759743, 48.42983734 ], [ 16.6468311, 48.43025756 ], [ 16.64678715, 48.43028011 ], [ 16.64561726, 48.43087829 ], [ 16.64504355, 48.43115853 ], [ 16.64239652, 48.43239286 ], [ 16.64215414, 48.43250371 ], [ 16.64125525, 48.432879 ], [ 16.64032138, 48.43321436 ], [ 16.63935655, 48.43350835 ], [ 16.63836488, 48.43375971 ], [ 16.63735061, 48.43396736 ], [ 16.63631811, 48.43413041 ], [ 16.63527178, 48.43424817 ], [ 16.63421612, 48.43432013 ], [ 16.63397172, 48.43432608 ], [ 16.63396232, 48.43432774 ], [ 16.63312833, 48.43434074 ], [ 16.63293533, 48.43431874 ], [ 16.63265033, 48.43430974 ], [ 16.63000803, 48.43421167 ], [ 16.62648241, 48.43408072 ], [ 16.62408837, 48.43399175 ], [ 16.62412584, 48.43419168 ], [ 16.62417715, 48.43424171 ], [ 16.62453686, 48.4346111 ], [ 16.62487361, 48.43498993 ], [ 16.62518688, 48.4353776 ], [ 16.62547613, 48.43577345 ], [ 16.62574088, 48.43617682 ], [ 16.62598069, 48.43658704 ], [ 16.62608667, 48.43679279 ], [ 16.62615854, 48.43692356 ], [ 16.62618872, 48.43698214 ], [ 16.62635586, 48.4372984 ], [ 16.62647792, 48.43754869 ], [ 16.62656584, 48.4377609 ], [ 16.62670859, 48.4381351 ], [ 16.62706642, 48.43841928 ], [ 16.62747023, 48.43876792 ], [ 16.62766679, 48.43894498 ], [ 16.62785234, 48.43912724 ], [ 16.62821211, 48.43949661 ], [ 16.62854892, 48.43987544 ], [ 16.62886225, 48.4402631 ], [ 16.62915156, 48.44065894 ], [ 16.62941637, 48.4410623 ], [ 16.62965623, 48.44147251 ], [ 16.62987074, 48.44188889 ], [ 16.62997162, 48.44209853 ], [ 16.63005956, 48.44231074 ], [ 16.63022236, 48.44273737 ], [ 16.63035888, 48.44316806 ], [ 16.63046888, 48.44360209 ], [ 16.63055218, 48.44403875 ], [ 16.63060864, 48.4444773 ], [ 16.63063014, 48.44469697 ], [ 16.63063817, 48.44491703 ], [ 16.63063893, 48.4450486 ], [ 16.63068901, 48.44505257 ], [ 16.6310157, 48.4450875 ], [ 16.63166663, 48.44516619 ], [ 16.6323122, 48.44526248 ], [ 16.63295133, 48.4453762 ], [ 16.63358296, 48.44550716 ], [ 16.63420604, 48.44565516 ], [ 16.63451532, 48.44573338 ], [ 16.63481954, 48.44581993 ], [ 16.6351155, 48.44590893 ], [ 16.63568993, 48.44532061 ], [ 16.63576994, 48.44523866 ], [ 16.63615672, 48.44504251 ], [ 16.6362357, 48.44500367 ], [ 16.63657952, 48.44483457 ], [ 16.63658251, 48.44476804 ], [ 16.63658366, 48.44474223 ], [ 16.63659405, 48.44451146 ], [ 16.63650779, 48.44415419 ], [ 16.63683462, 48.44227749 ], [ 16.63705626, 48.44233734 ], [ 16.63708405, 48.44223634 ], [ 16.63708812, 48.44222154 ], [ 16.6371344, 48.44208241 ], [ 16.63717763, 48.44195242 ], [ 16.63718729, 48.44193386 ], [ 16.63726224, 48.44178992 ], [ 16.63728691, 48.44174251 ], [ 16.63733505, 48.44165005 ], [ 16.63854551, 48.44201113 ], [ 16.63864899, 48.44204759 ], [ 16.63987434, 48.44247922 ], [ 16.64062626, 48.44277821 ], [ 16.64079534, 48.44284839 ], [ 16.64096584, 48.44291704 ], [ 16.64175852, 48.44325111 ], [ 16.64298423, 48.44383056 ], [ 16.64304454, 48.44386322 ], [ 16.64426133, 48.44443843 ], [ 16.64542752, 48.44506995 ], [ 16.64652915, 48.44575086 ], [ 16.64756151, 48.44647823 ], [ 16.64852019, 48.44724895 ], [ 16.64916223, 48.44783989 ], [ 16.6499174, 48.44738943 ], [ 16.6500237, 48.44731276 ], [ 16.65007489, 48.44727583 ], [ 16.65083331, 48.44672875 ], [ 16.6514051, 48.44635893 ], [ 16.65146439, 48.44632023 ], [ 16.65177102, 48.44612006 ], [ 16.65191271, 48.44601633 ], [ 16.65209783, 48.44588079 ], [ 16.65224346, 48.44577416 ], [ 16.65229119, 48.44574265 ], [ 16.65262431, 48.44552271 ], [ 16.65276537, 48.44542956 ], [ 16.65293772, 48.44530559 ], [ 16.65298123, 48.44527429 ], [ 16.65301688, 48.44524865 ], [ 16.65313277, 48.44517011 ], [ 16.65315795, 48.44515306 ], [ 16.65322695, 48.44510629 ], [ 16.65331531, 48.44504641 ], [ 16.65340439, 48.44498605 ], [ 16.65363913, 48.44482697 ], [ 16.65392494, 48.44461774 ], [ 16.65405136, 48.44452518 ], [ 16.65414048, 48.44445993 ], [ 16.65421704, 48.44440388 ], [ 16.65443478, 48.44427225 ], [ 16.65459703, 48.44418147 ], [ 16.65471622, 48.44411478 ], [ 16.65482243, 48.44405535 ], [ 16.65499109, 48.44397338 ], [ 16.65513623, 48.44390285 ], [ 16.65527433, 48.44383573 ], [ 16.65540437, 48.44377253 ], [ 16.65551821, 48.4437172 ], [ 16.65564426, 48.44365594 ], [ 16.65577979, 48.44359007 ], [ 16.65582568, 48.44356777 ], [ 16.65592509, 48.44347046 ], [ 16.65596827, 48.44344706 ], [ 16.65604794, 48.44340389 ], [ 16.65607623, 48.44338856 ], [ 16.65614224, 48.44336926 ], [ 16.65633512, 48.44331285 ], [ 16.65645966, 48.44327643 ], [ 16.65651783, 48.44325695 ], [ 16.65670134, 48.44319549 ], [ 16.65694104, 48.4431152 ], [ 16.65701934, 48.44309275 ], [ 16.6571664, 48.44305058 ], [ 16.65732798, 48.44300424 ], [ 16.65746551, 48.4429648 ], [ 16.65782025, 48.44286307 ], [ 16.6580494, 48.44279736 ], [ 16.65826746, 48.44266129 ], [ 16.65841479, 48.44256935 ], [ 16.65858436, 48.44245182 ], [ 16.65872484, 48.44235446 ], [ 16.65890164, 48.4422408 ], [ 16.65921254, 48.44204095 ], [ 16.65933593, 48.441956 ], [ 16.65946907, 48.44186434 ], [ 16.65960651, 48.44176971 ], [ 16.65962138, 48.44175947 ], [ 16.65966201, 48.4417315 ], [ 16.65976658, 48.44166549 ], [ 16.65991388, 48.44157252 ], [ 16.65996679, 48.44153918 ], [ 16.66009198, 48.44146008 ], [ 16.66028206, 48.44134009 ], [ 16.66047536, 48.44121807 ], [ 16.66080249, 48.44101156 ], [ 16.66088344, 48.44092675 ], [ 16.66104701, 48.44075538 ], [ 16.66117191, 48.44062452 ], [ 16.66119762, 48.44059758 ], [ 16.66120605, 48.44058497 ], [ 16.66124258, 48.4405308 ], [ 16.66126251, 48.44050124 ], [ 16.6613531, 48.44036689 ], [ 16.66136511, 48.44034909 ], [ 16.66154859, 48.44012831 ], [ 16.66168207, 48.4399677 ], [ 16.66264091, 48.43881392 ], [ 16.66282032, 48.43859802 ], [ 16.66299771, 48.43841256 ], [ 16.66312882, 48.43827547 ], [ 16.66322602, 48.43817384 ], [ 16.66335547, 48.4380853 ], [ 16.66361073, 48.43791069 ], [ 16.66372254, 48.43783421 ], [ 16.6637281, 48.43783041 ], [ 16.66383799, 48.43775524 ], [ 16.66398671, 48.43765352 ], [ 16.66413308, 48.43755339 ], [ 16.66423106, 48.43748636 ], [ 16.66433565, 48.43741482 ], [ 16.66443542, 48.43734657 ], [ 16.66457631, 48.43725019 ], [ 16.66468664, 48.43717473 ], [ 16.66478245, 48.43710919 ], [ 16.66497929, 48.43697453 ], [ 16.66510065, 48.43689151 ], [ 16.66519128, 48.43682376 ], [ 16.66529958, 48.4367428 ], [ 16.66541847, 48.43665391 ], [ 16.66549877, 48.43659415 ], [ 16.66560759, 48.43651308 ], [ 16.66564877, 48.43648242 ], [ 16.66573266, 48.43641992 ], [ 16.66576183, 48.43640192 ], [ 16.66587583, 48.43633159 ], [ 16.66600074, 48.43625453 ], [ 16.66601646, 48.43624482 ], [ 16.66608544, 48.43620228 ], [ 16.66617706, 48.43614575 ], [ 16.66626549, 48.43609119 ], [ 16.66631109, 48.43606305 ], [ 16.66636545, 48.43602952 ], [ 16.66658799, 48.43581264 ], [ 16.66691083, 48.43549802 ], [ 16.66726817, 48.43514977 ], [ 16.66778532, 48.43454144 ], [ 16.66828569, 48.43395276 ], [ 16.66841159, 48.43380647 ], [ 16.66863762, 48.43354383 ], [ 16.66971072, 48.4331463 ], [ 16.66994946, 48.43305786 ], [ 16.67078636, 48.43274785 ], [ 16.67153675, 48.43246779 ], [ 16.67213542, 48.43224434 ], [ 16.67257405, 48.43208175 ], [ 16.67291239, 48.43195569 ], [ 16.67291433, 48.43195492 ], [ 16.67291532, 48.43195465 ], [ 16.67367233, 48.4317262 ], [ 16.67404695, 48.43161313 ], [ 16.67490507, 48.43137266 ], [ 16.67499476, 48.43134749 ], [ 16.67546327, 48.43121622 ], [ 16.67567726, 48.43115626 ], [ 16.67568198, 48.43115509 ], [ 16.67568212, 48.43115506 ], [ 16.67568226, 48.43115502 ], [ 16.67670239, 48.43090129 ], [ 16.67681156, 48.43087413 ], [ 16.67808547, 48.43055722 ], [ 16.67837806, 48.43046222 ], [ 16.67896057, 48.4302731 ], [ 16.67929197, 48.4301655 ], [ 16.68048461, 48.4298491 ], [ 16.68048471, 48.42984908 ], [ 16.68049628, 48.42984586 ], [ 16.68049911, 48.42984544 ], [ 16.68091628, 48.42976243 ], [ 16.68146867, 48.42965251 ], [ 16.68178831, 48.42962845 ], [ 16.68214263, 48.42960179 ], [ 16.68214184, 48.4296019 ], [ 16.68228378, 48.42959122 ], [ 16.68256597, 48.42954824 ], [ 16.68395418, 48.4293368 ], [ 16.68406372, 48.42932011 ], [ 16.68423488, 48.42929157 ], [ 16.68526065, 48.42912053 ], [ 16.6852734, 48.42911881 ], [ 16.68667617, 48.42892956 ], [ 16.68668518, 48.42892834 ], [ 16.6868118, 48.42891758 ], [ 16.68681293, 48.42891748 ], [ 16.68786873, 48.42882778 ], [ 16.68786884, 48.42882778 ], [ 16.68836787, 48.42878535 ], [ 16.68909981, 48.42872311 ], [ 16.69061893, 48.42880819 ], [ 16.69076345, 48.42881668 ], [ 16.69106881, 48.42883459 ], [ 16.69195395, 48.42884382 ], [ 16.69235567, 48.42882351 ], [ 16.6937218, 48.42870893 ], [ 16.69443525, 48.42861238 ], [ 16.69554537, 48.42839246 ], [ 16.69555118, 48.42839082 ], [ 16.69671672, 48.4280619 ], [ 16.69855432, 48.42755585 ], [ 16.69855519, 48.42755557 ], [ 16.69877478, 48.42749502 ], [ 16.69887153, 48.4274694 ], [ 16.69885505, 48.42746015 ], [ 16.69480146, 48.42605249 ] ] ], [ [ [ 16.73154405, 48.44544991 ], [ 16.73177729, 48.44546723 ], [ 16.73188594, 48.44547023 ], [ 16.73198428, 48.44547659 ], [ 16.732057, 48.44548129 ], [ 16.73207965, 48.44548306 ], [ 16.73219426, 48.44549017 ], [ 16.73226105, 48.44549727 ], [ 16.7323856, 48.44550703 ], [ 16.73271236, 48.44554167 ], [ 16.73297393, 48.44557306 ], [ 16.73324238, 48.44560159 ], [ 16.73335886, 48.44561924 ], [ 16.73336346, 48.44561979 ], [ 16.73400921, 48.4457155 ], [ 16.7340976, 48.44573115 ], [ 16.73427731, 48.44575837 ], [ 16.73449491, 48.44580146 ], [ 16.73464858, 48.44582866 ], [ 16.73503667, 48.44590875 ], [ 16.73529462, 48.44595983 ], [ 16.73555443, 48.44602386 ], [ 16.73590385, 48.44610651 ], [ 16.73610992, 48.44616076 ], [ 16.73628996, 48.44620513 ], [ 16.73637904, 48.44623161 ], [ 16.73643503, 48.44624635 ], [ 16.73687567, 48.44637446 ], [ 16.73709456, 48.44644069 ], [ 16.7375645, 48.44658852 ], [ 16.73764602, 48.44661453 ], [ 16.73780863, 48.44666716 ], [ 16.73818254, 48.44679628 ], [ 16.73876165, 48.44700913 ], [ 16.73904795, 48.44711949 ], [ 16.73932724, 48.44723752 ], [ 16.73987836, 48.44748106 ], [ 16.74015018, 48.44760657 ], [ 16.7404141, 48.44773936 ], [ 16.74093355, 48.44801198 ], [ 16.74143585, 48.44829844 ], [ 16.74189695, 48.44858393 ], [ 16.74591278, 48.44893842 ], [ 16.74615172, 48.44895894 ], [ 16.74639025, 48.44897944 ], [ 16.74648176, 48.44898755 ], [ 16.74684516, 48.44902546 ], [ 16.74749632, 48.4491035 ], [ 16.74814215, 48.44919913 ], [ 16.74878158, 48.44931221 ], [ 16.74941356, 48.44944254 ], [ 16.75003702, 48.44958991 ], [ 16.75015241, 48.44961896 ], [ 16.75001126, 48.44928721 ], [ 16.74989458, 48.44927639 ], [ 16.74968691, 48.44856924 ], [ 16.74968107, 48.44784983 ], [ 16.74947503, 48.44744646 ], [ 16.74955498, 48.44719943 ], [ 16.74945302, 48.44681619 ], [ 16.74921582, 48.44683981 ], [ 16.74907275, 48.44607537 ], [ 16.74895545, 48.44598671 ], [ 16.74882972, 48.44537958 ], [ 16.74873053, 48.44533666 ], [ 16.74882717, 48.44506456 ], [ 16.74813774, 48.44505663 ], [ 16.74782784, 48.44455189 ], [ 16.74782476, 48.44417055 ], [ 16.74770601, 48.44390147 ], [ 16.74620432, 48.44194977 ], [ 16.74586228, 48.44175005 ], [ 16.74550457, 48.44117831 ], [ 16.74531793, 48.44107837 ], [ 16.7450428, 48.4405839 ], [ 16.7451108, 48.440426 ], [ 16.74521047, 48.44042565 ], [ 16.74514279, 48.44020219 ], [ 16.74483569, 48.43993378 ], [ 16.74449052, 48.43923609 ], [ 16.7442553, 48.4390818 ], [ 16.74407897, 48.43847485 ], [ 16.74479005, 48.43856141 ], [ 16.74450919, 48.43734978 ], [ 16.74602377, 48.43662496 ], [ 16.74658175, 48.43647684 ], [ 16.74662906, 48.4363741 ], [ 16.74790874, 48.43585328 ], [ 16.74811145, 48.43585255 ], [ 16.74841455, 48.43562777 ], [ 16.74875015, 48.435558 ], [ 16.75040211, 48.43480987 ], [ 16.75121045, 48.43460602 ], [ 16.75146245, 48.43443594 ], [ 16.75191892, 48.43437724 ], [ 16.75248954, 48.43412871 ], [ 16.75281455, 48.43405763 ], [ 16.75343551, 48.43392182 ], [ 16.75350621, 48.4339159 ], [ 16.75360439, 48.43390799 ], [ 16.75342764, 48.43365142 ], [ 16.75192498, 48.43147 ], [ 16.75192403, 48.43146863 ], [ 16.75191362, 48.43145883 ], [ 16.7517319, 48.43127558 ], [ 16.75155925, 48.43108848 ], [ 16.75139584, 48.43089774 ], [ 16.75124185, 48.43070356 ], [ 16.75111992, 48.43053689 ], [ 16.75010786, 48.429002 ], [ 16.75010135, 48.42820012 ], [ 16.74870345, 48.42853535 ], [ 16.74730991, 48.42873585 ], [ 16.74593064, 48.42893228 ], [ 16.74577232, 48.42895482 ], [ 16.74514291, 48.42868247 ], [ 16.74493252, 48.42859143 ], [ 16.74488892, 48.42857257 ], [ 16.74473647, 48.4285066 ], [ 16.74572222, 48.43242188 ], [ 16.74586085, 48.43296152 ], [ 16.74572837, 48.43318681 ], [ 16.7453217, 48.43334592 ], [ 16.74424243, 48.43357345 ], [ 16.74418802, 48.43490065 ], [ 16.74354917, 48.43528427 ], [ 16.74216267, 48.43533469 ], [ 16.74209816, 48.43540124 ], [ 16.73926105, 48.43551407 ], [ 16.738415, 48.43533662 ], [ 16.73819558, 48.43536015 ], [ 16.73747164, 48.43577831 ], [ 16.73720052, 48.43577926 ], [ 16.7369817, 48.43588035 ], [ 16.7369823, 48.43595606 ], [ 16.73696838, 48.43591788 ], [ 16.73678532, 48.43596025 ], [ 16.73557594, 48.43520038 ], [ 16.7354706, 48.43490819 ], [ 16.73520057, 48.43461686 ], [ 16.73464171, 48.43465308 ], [ 16.7345908, 48.43473082 ], [ 16.73362991, 48.4350271 ], [ 16.73360671, 48.43503426 ], [ 16.73348193, 48.43507273 ], [ 16.73340747, 48.43511822 ], [ 16.73339839, 48.43512377 ], [ 16.73292542, 48.43541273 ], [ 16.73289108, 48.43534863 ], [ 16.73287657, 48.43532156 ], [ 16.7318, 48.43590981 ], [ 16.73178797, 48.43593852 ], [ 16.73177678, 48.43596523 ], [ 16.73168224, 48.43619096 ], [ 16.73102441, 48.43642872 ], [ 16.73102494, 48.436497 ], [ 16.72981537, 48.43715201 ], [ 16.73009034, 48.4376468 ], [ 16.72944979, 48.43782913 ], [ 16.72884204, 48.43821283 ], [ 16.72867413, 48.43823617 ], [ 16.7278698, 48.4389811 ], [ 16.72588667, 48.44044693 ], [ 16.72578784, 48.44044726 ], [ 16.7248439, 48.44126921 ], [ 16.72452911, 48.4415433 ], [ 16.72430814, 48.44165313 ], [ 16.7241332, 48.44174008 ], [ 16.72406292, 48.44177501 ], [ 16.7240065, 48.44180305 ], [ 16.72252132, 48.44201123 ], [ 16.72251218, 48.44200459 ], [ 16.72150372, 48.44127245 ], [ 16.72129861, 48.44095811 ], [ 16.72092321, 48.44080171 ], [ 16.72072192, 48.44088107 ], [ 16.72000811, 48.44060622 ], [ 16.71994335, 48.44058128 ], [ 16.71969334, 48.44023407 ], [ 16.71920836, 48.43956052 ], [ 16.71969701, 48.43927814 ], [ 16.71969632, 48.43918681 ], [ 16.71922178, 48.43909931 ], [ 16.71901618, 48.43860426 ], [ 16.71865763, 48.43798888 ], [ 16.71827068, 48.43809078 ], [ 16.71789819, 48.43831796 ], [ 16.7178992, 48.43845285 ], [ 16.71734059, 48.4380981 ], [ 16.71705132, 48.4379144 ], [ 16.71678383, 48.43767648 ], [ 16.71637361, 48.43731159 ], [ 16.71593253, 48.43706406 ], [ 16.71540624, 48.43694243 ], [ 16.71540558, 48.43685334 ], [ 16.71575806, 48.43666024 ], [ 16.71481225, 48.43634833 ], [ 16.71460836, 48.43619134 ], [ 16.71420203, 48.43606959 ], [ 16.71312116, 48.43599529 ], [ 16.71284887, 48.43583881 ], [ 16.71277862, 48.43570415 ], [ 16.71227304, 48.43552538 ], [ 16.71027583, 48.43511626 ], [ 16.70953115, 48.43504111 ], [ 16.70863333, 48.43458258 ], [ 16.70834462, 48.43425696 ], [ 16.70793941, 48.43416918 ], [ 16.70709612, 48.43435233 ], [ 16.70665805, 48.43450914 ], [ 16.70699602, 48.43475704 ], [ 16.70760361, 48.43479836 ], [ 16.70730438, 48.43511464 ], [ 16.7073052, 48.43522649 ], [ 16.70977408, 48.43591713 ], [ 16.70944037, 48.43625404 ], [ 16.70932052, 48.43626567 ], [ 16.70876711, 48.43670614 ], [ 16.70859903, 48.43670668 ], [ 16.70826145, 48.43697728 ], [ 16.70673618, 48.4363083 ], [ 16.70633012, 48.43610643 ], [ 16.70579288, 48.43633438 ], [ 16.7050858, 48.43678658 ], [ 16.70411029, 48.43714801 ], [ 16.70387492, 48.43730642 ], [ 16.7028303, 48.4376911 ], [ 16.702559, 48.4376692 ], [ 16.69923712, 48.43853293 ], [ 16.69719821, 48.43903564 ], [ 16.69564537, 48.43935582 ], [ 16.6951715, 48.43935729 ], [ 16.69287846, 48.43976854 ], [ 16.69149655, 48.43989619 ], [ 16.68842489, 48.44046741 ], [ 16.68734405, 48.44052776 ], [ 16.68636464, 48.44035033 ], [ 16.68634837, 48.44036618 ], [ 16.68648628, 48.44042884 ], [ 16.68652263, 48.44044725 ], [ 16.68618956, 48.44063826 ], [ 16.68593431, 48.44078465 ], [ 16.6855956, 48.44097283 ], [ 16.68553729, 48.44100523 ], [ 16.6852242, 48.44117917 ], [ 16.6850922, 48.44124611 ], [ 16.68505706, 48.44126547 ], [ 16.68493866, 48.44132482 ], [ 16.6847824, 48.44140173 ], [ 16.68446347, 48.44154599 ], [ 16.6841827, 48.44168452 ], [ 16.68395874, 48.44180915 ], [ 16.68390112, 48.44182157 ], [ 16.68372435, 48.44186707 ], [ 16.6835517, 48.4419191 ], [ 16.68338371, 48.44197749 ], [ 16.6832209, 48.44204205 ], [ 16.68306379, 48.44211259 ], [ 16.68291286, 48.44218887 ], [ 16.68276861, 48.44227067 ], [ 16.68263147, 48.44235772 ], [ 16.68250188, 48.44244975 ], [ 16.68238025, 48.44254646 ], [ 16.68231287, 48.4426066 ], [ 16.68222196, 48.44264983 ], [ 16.6820994, 48.44270811 ], [ 16.68196031, 48.44277426 ], [ 16.68185679, 48.44282348 ], [ 16.68171158, 48.44289254 ], [ 16.68153466, 48.44297666 ], [ 16.68133454, 48.44307183 ], [ 16.68115193, 48.44315867 ], [ 16.68093834, 48.44326023 ], [ 16.6807045, 48.44337143 ], [ 16.68051616, 48.44346099 ], [ 16.68049377, 48.44347164 ], [ 16.68021855, 48.44359325 ], [ 16.68005958, 48.4436635 ], [ 16.67989149, 48.44373778 ], [ 16.67985465, 48.44375405 ], [ 16.67970076, 48.44382004 ], [ 16.67953775, 48.44388993 ], [ 16.67934048, 48.44397536 ], [ 16.67930997, 48.44399094 ], [ 16.67919911, 48.44404714 ], [ 16.6791618, 48.44406665 ], [ 16.67898911, 48.44415702 ], [ 16.67896576, 48.44416924 ], [ 16.6788106, 48.4442693 ], [ 16.67878417, 48.44428635 ], [ 16.67858357, 48.44441114 ], [ 16.67855911, 48.44442635 ], [ 16.67840487, 48.44453968 ], [ 16.67832114, 48.44460166 ], [ 16.67830969, 48.44461015 ], [ 16.67825125, 48.44465588 ], [ 16.6782361, 48.44466773 ], [ 16.67809996, 48.44478695 ], [ 16.67794412, 48.44492341 ], [ 16.67779991, 48.44504969 ], [ 16.67763943, 48.44519022 ], [ 16.67750343, 48.44530931 ], [ 16.67733455, 48.44545719 ], [ 16.67718477, 48.44558835 ], [ 16.67702541, 48.44572789 ], [ 16.67688069, 48.44585406 ], [ 16.67670651, 48.4460059 ], [ 16.67655527, 48.44613774 ], [ 16.67638854, 48.44628308 ], [ 16.67631193, 48.44634987 ], [ 16.67623146, 48.44642002 ], [ 16.6760648, 48.44656531 ], [ 16.67587569, 48.44673016 ], [ 16.67557388, 48.44699324 ], [ 16.6754203, 48.44712713 ], [ 16.67532474, 48.44721042 ], [ 16.67524743, 48.44727781 ], [ 16.67508812, 48.44741669 ], [ 16.67493515, 48.44755105 ], [ 16.6747743, 48.44769238 ], [ 16.67469192, 48.44776477 ], [ 16.67460881, 48.44783778 ], [ 16.67460294, 48.44784294 ], [ 16.67443272, 48.44797434 ], [ 16.67438623, 48.44801022 ], [ 16.67403696, 48.44828701 ], [ 16.67390461, 48.44839188 ], [ 16.67374679, 48.44851695 ], [ 16.67355226, 48.4486711 ], [ 16.67342653, 48.44880552 ], [ 16.67347441, 48.44883509 ], [ 16.67420345, 48.44934836 ], [ 16.67488048, 48.44989224 ], [ 16.67550261, 48.45046441 ], [ 16.67606716, 48.45106243 ], [ 16.67657173, 48.45168372 ], [ 16.67666702, 48.45181298 ], [ 16.67969314, 48.4559878 ], [ 16.68004032, 48.45650044 ], [ 16.68041875, 48.45716021 ], [ 16.68073151, 48.45783504 ], [ 16.68097725, 48.45852202 ], [ 16.68115491, 48.45921822 ], [ 16.68126374, 48.45992066 ], [ 16.68130327, 48.46062633 ], [ 16.68127331, 48.46133221 ], [ 16.68117401, 48.46203528 ], [ 16.68100577, 48.46273252 ], [ 16.68076933, 48.46342094 ], [ 16.68046568, 48.46409761 ], [ 16.68123742, 48.46441316 ], [ 16.68270283, 48.46471105 ], [ 16.68270944, 48.46471565 ], [ 16.68284782, 48.46480187 ], [ 16.68299325, 48.46488279 ], [ 16.68314527, 48.46495817 ], [ 16.68330341, 48.46502775 ], [ 16.68346717, 48.46509133 ], [ 16.68363603, 48.4651487 ], [ 16.68380947, 48.46519968 ], [ 16.68398692, 48.46524412 ], [ 16.68416785, 48.46528187 ], [ 16.68435168, 48.46531281 ], [ 16.68453782, 48.46533685 ], [ 16.6847257, 48.46535391 ], [ 16.68491472, 48.46536393 ], [ 16.68510429, 48.4653669 ], [ 16.68529381, 48.46536278 ], [ 16.68548269, 48.46535161 ], [ 16.68567033, 48.46533341 ], [ 16.68585613, 48.46530825 ], [ 16.68678664, 48.46554156 ], [ 16.68688373, 48.46564988 ], [ 16.6869898, 48.46575441 ], [ 16.68710452, 48.46585482 ], [ 16.68722752, 48.4659508 ], [ 16.68735842, 48.46604204 ], [ 16.68749682, 48.46612825 ], [ 16.68764225, 48.46620917 ], [ 16.68779429, 48.46628453 ], [ 16.68795244, 48.46635411 ], [ 16.68811621, 48.46641768 ], [ 16.68828508, 48.46647504 ], [ 16.68845852, 48.46652602 ], [ 16.68863599, 48.46657045 ], [ 16.68881692, 48.46660819 ], [ 16.68900076, 48.46663913 ], [ 16.68918691, 48.46666316 ], [ 16.68937479, 48.46668021 ], [ 16.68956382, 48.46669023 ], [ 16.6897534, 48.46669318 ], [ 16.68994292, 48.46668906 ], [ 16.6901318, 48.46667788 ], [ 16.69031945, 48.46665968 ], [ 16.69050525, 48.4666345 ], [ 16.69068865, 48.46660244 ], [ 16.69086905, 48.46656359 ], [ 16.69104589, 48.46651807 ], [ 16.69121862, 48.46646603 ], [ 16.69138669, 48.46640763 ], [ 16.69154957, 48.46634305 ], [ 16.69170674, 48.46627251 ], [ 16.69185772, 48.46619621 ], [ 16.69200203, 48.4661144 ], [ 16.69213922, 48.46602734 ], [ 16.69226885, 48.46593531 ], [ 16.69239051, 48.46583858 ], [ 16.69250383, 48.46573747 ], [ 16.69260844, 48.46563229 ], [ 16.69270402, 48.46552338 ], [ 16.69279027, 48.46541107 ], [ 16.69286691, 48.46529572 ], [ 16.69293371, 48.4651777 ], [ 16.69299045, 48.46505737 ], [ 16.69303696, 48.46493512 ], [ 16.69307308, 48.46481132 ], [ 16.69309871, 48.46468637 ], [ 16.69311377, 48.46456067 ], [ 16.6931182, 48.46443459 ], [ 16.693112, 48.46430856 ], [ 16.69309518, 48.46418295 ], [ 16.69349886, 48.46364548 ], [ 16.69366692, 48.46358708 ], [ 16.69382978, 48.4635225 ], [ 16.69398695, 48.46345195 ], [ 16.69413792, 48.46337565 ], [ 16.69428221, 48.46329384 ], [ 16.69441939, 48.46320678 ], [ 16.69454901, 48.46311474 ], [ 16.69467066, 48.46301801 ], [ 16.69478396, 48.4629169 ], [ 16.69488857, 48.46281172 ], [ 16.69498414, 48.4627028 ], [ 16.69507037, 48.46259049 ], [ 16.69514701, 48.46247515 ], [ 16.6952138, 48.46235712 ], [ 16.69527053, 48.46223679 ], [ 16.69531703, 48.46211454 ], [ 16.69535314, 48.46199074 ], [ 16.69537877, 48.46186579 ], [ 16.69539382, 48.46174008 ], [ 16.69539824, 48.46161401 ], [ 16.69539204, 48.46148797 ], [ 16.69533821, 48.46120618 ], [ 16.697511, 48.46078194 ], [ 16.69756162, 48.46080159 ], [ 16.69763686, 48.46082786 ], [ 16.69772129, 48.46085653 ], [ 16.69780573, 48.4608852 ], [ 16.69797916, 48.46093617 ], [ 16.69815662, 48.46098058 ], [ 16.69833754, 48.46101831 ], [ 16.69852136, 48.46104923 ], [ 16.69870749, 48.46107324 ], [ 16.69889536, 48.46109028 ], [ 16.69902734, 48.46109727 ], [ 16.69925339, 48.46152345 ], [ 16.70014006, 48.46312037 ], [ 16.70028058, 48.46337343 ], [ 16.70048182, 48.46371818 ], [ 16.70128884, 48.46510063 ], [ 16.70137031, 48.46533909 ], [ 16.70161413, 48.46605284 ], [ 16.7018666, 48.46690086 ], [ 16.70197299, 48.4673577 ], [ 16.7021314, 48.46728568 ], [ 16.70232687, 48.46720378 ], [ 16.70436188, 48.46627728 ], [ 16.70442903, 48.4662439 ], [ 16.70458868, 48.46616454 ], [ 16.70562949, 48.46563682 ], [ 16.70569915, 48.46560189 ], [ 16.70583906, 48.46553251 ], [ 16.70590931, 48.46549807 ], [ 16.70619632, 48.46535893 ], [ 16.70630673, 48.46530634 ], [ 16.70652883, 48.46520241 ], [ 16.7069181, 48.46503116 ], [ 16.70748038, 48.46479898 ], [ 16.70776508, 48.4646867 ], [ 16.70805644, 48.46458224 ], [ 16.70864529, 48.4643813 ], [ 16.70924597, 48.46419651 ], [ 16.70985748, 48.46402816 ], [ 16.71016583, 48.46394813 ], [ 16.71047882, 48.46387653 ], [ 16.71110892, 48.46374188 ], [ 16.71142604, 48.46367883 ], [ 16.71152915, 48.46366134 ], [ 16.71142396, 48.46347821 ], [ 16.71111077, 48.46280347 ], [ 16.71098059, 48.46246514 ], [ 16.71027888, 48.4605101 ], [ 16.71026523, 48.46047174 ], [ 16.70980059, 48.45915583 ], [ 16.70969827, 48.4588456 ], [ 16.70952021, 48.45814944 ], [ 16.709411, 48.45744703 ], [ 16.70937109, 48.45674137 ], [ 16.70940065, 48.45603549 ], [ 16.70949955, 48.4553324 ], [ 16.70966737, 48.45463512 ], [ 16.70990338, 48.45394663 ], [ 16.71020658, 48.45326988 ], [ 16.71057566, 48.45260778 ], [ 16.71100903, 48.45196314 ], [ 16.71150484, 48.45133874 ], [ 16.71206098, 48.45073725 ], [ 16.71267504, 48.45016123 ], [ 16.7133444, 48.44961316 ], [ 16.71406621, 48.44909539 ], [ 16.71483735, 48.44861012 ], [ 16.71565454, 48.44815944 ], [ 16.71651427, 48.44774527 ], [ 16.71741286, 48.44736939 ], [ 16.71834648, 48.44703341 ], [ 16.71931111, 48.44673876 ], [ 16.72030263, 48.44648671 ], [ 16.7213168, 48.44627833 ], [ 16.72234927, 48.44611451 ], [ 16.72253926, 48.44608949 ], [ 16.72633555, 48.44560511 ], [ 16.72719191, 48.44551156 ], [ 16.72824767, 48.44543875 ], [ 16.72917273, 48.44541286 ], [ 16.72986032, 48.44540669 ], [ 16.73054804, 48.44541263 ], [ 16.73101966, 48.44542014 ], [ 16.73148983, 48.44544588 ], [ 16.73154405, 48.44544991 ] ], [ [ 16.70580495, 48.44582341 ], [ 16.70573239, 48.44573398 ], [ 16.70570985, 48.44573864 ], [ 16.70566938, 48.44573104 ], [ 16.70538376, 48.4451181 ], [ 16.70534723, 48.44503976 ], [ 16.70532693, 48.44499625 ], [ 16.70536109, 48.44499093 ], [ 16.70603225, 48.44488554 ], [ 16.70617293, 48.44486341 ], [ 16.70642454, 48.4448162 ], [ 16.70710999, 48.44468773 ], [ 16.70787887, 48.44454586 ], [ 16.70807581, 48.44450952 ], [ 16.70809633, 48.4445535 ], [ 16.7086012, 48.44563579 ], [ 16.70837047, 48.44559976 ], [ 16.70812851, 48.44556187 ], [ 16.70796026, 48.44554857 ], [ 16.70770174, 48.44557494 ], [ 16.70688604, 48.44576759 ], [ 16.70686929, 48.4457698 ], [ 16.70658679, 48.44580678 ], [ 16.70646546, 48.44581427 ], [ 16.70597663, 48.44584453 ], [ 16.70580495, 48.44582341 ] ], [ [ 16.70366964, 48.45603069 ], [ 16.7034811, 48.45554709 ], [ 16.70326182, 48.45560484 ], [ 16.70314741, 48.45590899 ], [ 16.70299688, 48.45601008 ], [ 16.70086423, 48.45590501 ], [ 16.7003923, 48.45572609 ], [ 16.70039181, 48.45565752 ], [ 16.69974867, 48.45552466 ], [ 16.69962452, 48.45494052 ], [ 16.69967399, 48.45465035 ], [ 16.69967391, 48.45465035 ], [ 16.69969371, 48.45461059 ], [ 16.69970652, 48.45458487 ], [ 16.70007551, 48.4545133 ], [ 16.70010326, 48.45410164 ], [ 16.70006939, 48.45411183 ], [ 16.70019374, 48.45407429 ], [ 16.70019165, 48.45378203 ], [ 16.70267167, 48.45332535 ], [ 16.70382347, 48.45357994 ], [ 16.70507336, 48.45361023 ], [ 16.70663091, 48.45388596 ], [ 16.70711119, 48.45520889 ], [ 16.70582752, 48.45530435 ], [ 16.70574716, 48.45564044 ], [ 16.70549629, 48.45600208 ], [ 16.7052262, 48.45616032 ], [ 16.70397697, 48.45623064 ], [ 16.70366964, 48.45603069 ] ] ] ] } },
{ "type": "Feature", "properties": { "ID": 32, "ZONE": "WE17", "AREA_HA": 771.916838, "COMMUNITIES": "Angern an der March, Ebenthal, Matzen-Raggendorf, Prottes", "LEGALFOUNDATIONDATE": "2024-09-01T00:00:00", "LEGISLATIONCODE": "NÖ LGBl. Nr. 47/2024", "LEGISLATIONTITLE": "Sektorales Raumordnungsprogramm über die Windkraftnutzung in Niederösterreich - Änderung", "LASTUPDATE": "2024-09-03T00:00:00" }, "geometry": { "type": "Polygon", "coordinates": [ [ [ 16.71889254, 48.40444549 ], [ 16.71966974, 48.40423529 ], [ 16.7212217, 48.40396088 ], [ 16.72290532, 48.40346175 ], [ 16.72312367, 48.40331488 ], [ 16.72371276, 48.40318952 ], [ 16.72414946, 48.40289578 ], [ 16.72599941, 48.40219089 ], [ 16.72621879, 48.40217975 ], [ 16.72634184, 48.4025961 ], [ 16.72698953, 48.40340242 ], [ 16.72702417, 48.403626 ], [ 16.72712496, 48.40367146 ], [ 16.72723019, 48.40396337 ], [ 16.72732979, 48.40396304 ], [ 16.72733168, 48.40420949 ], [ 16.72794394, 48.40490407 ], [ 16.72794498, 48.40503868 ], [ 16.72804796, 48.40503833 ], [ 16.72801523, 48.40517334 ], [ 16.72882632, 48.4054856 ], [ 16.72952239, 48.40587723 ], [ 16.72981342, 48.4061789 ], [ 16.73045709, 48.4065603 ], [ 16.73180727, 48.40682517 ], [ 16.73349819, 48.40683058 ], [ 16.73439115, 48.40691658 ], [ 16.73471352, 48.40690422 ], [ 16.73620049, 48.40716856 ], [ 16.73647129, 48.40714458 ], [ 16.73673969, 48.4072465 ], [ 16.73731634, 48.40747095 ], [ 16.73698029, 48.40753321 ], [ 16.73663633, 48.41268673 ], [ 16.7365957, 48.41268025 ], [ 16.7366015, 48.41320852 ], [ 16.73598294, 48.42247331 ], [ 16.7359885, 48.42253363 ], [ 16.73603419, 48.42302934 ], [ 16.73608328, 48.42301774 ], [ 16.73639854, 48.42359192 ], [ 16.73657433, 48.42390201 ], [ 16.73685028, 48.42380582 ], [ 16.73744313, 48.42358009 ], [ 16.73765381, 48.42349987 ], [ 16.73813268, 48.42309271 ], [ 16.73871035, 48.42281074 ], [ 16.7394942, 48.42258752 ], [ 16.73958386, 48.42252108 ], [ 16.7400467, 48.42217808 ], [ 16.7407822, 48.42185628 ], [ 16.74118331, 48.42171275 ], [ 16.74173618, 48.42125568 ], [ 16.74206442, 48.42106137 ], [ 16.74261726, 48.42102983 ], [ 16.74266163, 48.42100921 ], [ 16.74294072, 48.42087944 ], [ 16.74312751, 48.42073358 ], [ 16.74380057, 48.4200365 ], [ 16.74425312, 48.41922239 ], [ 16.74451408, 48.41892704 ], [ 16.74461221, 48.41881599 ], [ 16.74511694, 48.4180051 ], [ 16.74532778, 48.41766631 ], [ 16.74497872, 48.41850468 ], [ 16.74486293, 48.42104267 ], [ 16.74477991, 48.42117731 ], [ 16.75178536, 48.42374663 ], [ 16.75213, 48.42336162 ], [ 16.75464528, 48.42187413 ], [ 16.75796982, 48.42102085 ], [ 16.76087396, 48.42080656 ], [ 16.7608193, 48.42091846 ], [ 16.7610479, 48.42092754 ], [ 16.76137636, 48.42094773 ], [ 16.76170366, 48.42097503 ], [ 16.76202945, 48.42100941 ], [ 16.76235338, 48.42105083 ], [ 16.76267513, 48.42109924 ], [ 16.76299433, 48.42115459 ], [ 16.76331066, 48.42121684 ], [ 16.76362378, 48.4212859 ], [ 16.76393335, 48.4213617 ], [ 16.76423906, 48.42144418 ], [ 16.76448732, 48.4215175 ], [ 16.76454057, 48.42153323 ], [ 16.76479992, 48.42161666 ], [ 16.76484469, 48.42118055 ], [ 16.76510968, 48.42046013 ], [ 16.76540914, 48.42012347 ], [ 16.76565781, 48.41957201 ], [ 16.76574384, 48.41956045 ], [ 16.76600485, 48.41877147 ], [ 16.76627552, 48.41872718 ], [ 16.76739422, 48.4192162 ], [ 16.76773151, 48.41926074 ], [ 16.76834406, 48.4195049 ], [ 16.76852827, 48.41985601 ], [ 16.77079339, 48.42048091 ], [ 16.7708092, 48.42046642 ], [ 16.77148453, 48.42070227 ], [ 16.77186019, 48.4203704 ], [ 16.77205816, 48.42013667 ], [ 16.77217536, 48.4200223 ], [ 16.77223501, 48.4199641 ], [ 16.77273504, 48.41947346 ], [ 16.77283314, 48.41937564 ], [ 16.77294132, 48.41927414 ], [ 16.77305958, 48.41915822 ], [ 16.77311265, 48.41910085 ], [ 16.77316599, 48.41904705 ], [ 16.77326651, 48.41894209 ], [ 16.77331735, 48.41888654 ], [ 16.77336386, 48.41883715 ], [ 16.77353693, 48.41865719 ], [ 16.77359685, 48.41859674 ], [ 16.77366061, 48.4185346 ], [ 16.77378039, 48.41840592 ], [ 16.77394451, 48.41823093 ], [ 16.77402048, 48.41815352 ], [ 16.77412281, 48.41806084 ], [ 16.77419196, 48.4179942 ], [ 16.77427726, 48.41790838 ], [ 16.77433442, 48.41784201 ], [ 16.77436789, 48.41777194 ], [ 16.77439815, 48.41770226 ], [ 16.7744484, 48.41763122 ], [ 16.77450354, 48.41756891 ], [ 16.77455942, 48.41749935 ], [ 16.77461034, 48.41744143 ], [ 16.77465962, 48.41738968 ], [ 16.77472996, 48.41732118 ], [ 16.77480225, 48.41724899 ], [ 16.77484826, 48.41719586 ], [ 16.77487366, 48.41716159 ], [ 16.77491637, 48.41710498 ], [ 16.7749779, 48.41701376 ], [ 16.7750201, 48.41694629 ], [ 16.77507438, 48.41685893 ], [ 16.77512018, 48.41678177 ], [ 16.77517571, 48.41671363 ], [ 16.77522619, 48.41665632 ], [ 16.77531779, 48.41654575 ], [ 16.77541055, 48.41644953 ], [ 16.77548088, 48.41637036 ], [ 16.77556293, 48.41627474 ], [ 16.77558582, 48.41625168 ], [ 16.77560686, 48.41623853 ], [ 16.77559314, 48.41622541 ], [ 16.77358985, 48.4143088 ], [ 16.77329959, 48.41398165 ], [ 16.77239052, 48.41285817 ], [ 16.77237949, 48.41284454 ], [ 16.77188577, 48.41207006 ], [ 16.77281101, 48.41163143 ], [ 16.77286342, 48.41160658 ], [ 16.77295594, 48.41156272 ], [ 16.77295606, 48.41156266 ], [ 16.7731166, 48.41148654 ], [ 16.77315867, 48.4114645 ], [ 16.77315337, 48.41139567 ], [ 16.77326832, 48.41121481 ], [ 16.77350375, 48.41110207 ], [ 16.77360539, 48.4109443 ], [ 16.77376857, 48.41091885 ], [ 16.77377674, 48.41090538 ], [ 16.77388955, 48.41071948 ], [ 16.77393539, 48.41061658 ], [ 16.77395393, 48.41043713 ], [ 16.77401464, 48.41043863 ], [ 16.77401714, 48.41043303 ], [ 16.77402986, 48.41040448 ], [ 16.77407934, 48.41029336 ], [ 16.77406924, 48.41020035 ], [ 16.77427148, 48.4098615 ], [ 16.77444171, 48.40988962 ], [ 16.77461102, 48.40983747 ], [ 16.77460856, 48.40983409 ], [ 16.77450436, 48.4096909 ], [ 16.77161907, 48.40572557 ], [ 16.77146412, 48.40567023 ], [ 16.77139739, 48.4054673 ], [ 16.77119269, 48.40522133 ], [ 16.76913409, 48.40246008 ], [ 16.7688524, 48.39787591 ], [ 16.76902873, 48.39763306 ], [ 16.76907194, 48.39757357 ], [ 16.76910178, 48.39753247 ], [ 16.76925097, 48.39739564 ], [ 16.7693113, 48.39735528 ], [ 16.76935482, 48.39732617 ], [ 16.76953099, 48.39720824 ], [ 16.77098775, 48.39623342 ], [ 16.77104468, 48.39619532 ], [ 16.77194355, 48.39553354 ], [ 16.77196242, 48.39517574 ], [ 16.77201254, 48.39473686 ], [ 16.7720895, 48.39429969 ], [ 16.77213468, 48.39408162 ], [ 16.77219318, 48.39386497 ], [ 16.77232338, 48.39343344 ], [ 16.7723951, 48.39321855 ], [ 16.77247991, 48.39300579 ], [ 16.7726625, 48.39258276 ], [ 16.77287083, 48.39216504 ], [ 16.77310458, 48.39175333 ], [ 16.77322775, 48.39154906 ], [ 16.77336334, 48.3913483 ], [ 16.77364669, 48.39095064 ], [ 16.77395414, 48.39056102 ], [ 16.7742852, 48.39018007 ], [ 16.77437776, 48.39008293 ], [ 16.77444687, 48.3900104 ], [ 16.77463368, 48.38979542 ], [ 16.77471542, 48.38970963 ], [ 16.77473302, 48.38969116 ], [ 16.77498778, 48.38942378 ], [ 16.77536435, 48.38906206 ], [ 16.77545348, 48.38898006 ], [ 16.77550252, 48.38892363 ], [ 16.77585661, 48.38855199 ], [ 16.77623316, 48.38819027 ], [ 16.77642697, 48.38801196 ], [ 16.77663155, 48.38783907 ], [ 16.7770511, 48.387499 ], [ 16.77726608, 48.38733181 ], [ 16.77749113, 48.3871706 ], [ 16.77756238, 48.3871216 ], [ 16.77739022, 48.38675888 ], [ 16.77739388, 48.38674984 ], [ 16.77751831, 48.38641019 ], [ 16.77795346, 48.38522236 ], [ 16.77798514, 48.38516689 ], [ 16.77777105, 48.38532614 ], [ 16.77716266, 48.38522787 ], [ 16.77641918, 48.38521919 ], [ 16.77552585, 48.38505371 ], [ 16.77554198, 48.38501937 ], [ 16.76991098, 48.38533412 ], [ 16.76817021, 48.38514604 ], [ 16.76816837, 48.38514584 ], [ 16.76813904, 48.38514273 ], [ 16.76813904, 48.38514267 ], [ 16.76813852, 48.38514066 ], [ 16.76800082, 48.38460817 ], [ 16.76799867, 48.38459987 ], [ 16.767884, 48.38415643 ], [ 16.76761564, 48.3831187 ], [ 16.76721075, 48.38237741 ], [ 16.7668068, 48.38163784 ], [ 16.76605759, 48.38026642 ], [ 16.76603604, 48.38022698 ], [ 16.76598037, 48.38020524 ], [ 16.76480121, 48.37974354 ], [ 16.76406853, 48.37944327 ], [ 16.76407768, 48.37946362 ], [ 16.76411689, 48.37956574 ], [ 16.76413105, 48.37960264 ], [ 16.76417312, 48.3797122 ], [ 16.7642414, 48.37989006 ], [ 16.76437887, 48.38032059 ], [ 16.76438653, 48.38035053 ], [ 16.76448987, 48.3807545 ], [ 16.76457421, 48.38119106 ], [ 16.76463175, 48.38162955 ], [ 16.76465381, 48.38184919 ], [ 16.76466239, 48.38206924 ], [ 16.76466609, 48.3825094 ], [ 16.7646612, 48.38272951 ], [ 16.76464283, 48.3829493 ], [ 16.76459265, 48.38338819 ], [ 16.76451564, 48.38382535 ], [ 16.76441192, 48.38426006 ], [ 16.76428167, 48.38469159 ], [ 16.7641251, 48.38511922 ], [ 16.76411935, 48.38513365 ], [ 16.76404027, 48.38533197 ], [ 16.76394247, 48.38554224 ], [ 16.76373409, 48.38595994 ], [ 16.76354885, 48.38628613 ], [ 16.7635765, 48.38643909 ], [ 16.76363404, 48.38687758 ], [ 16.7636561, 48.38709722 ], [ 16.76366468, 48.38731727 ], [ 16.76366837, 48.38775743 ], [ 16.76366347, 48.38797753 ], [ 16.7636451, 48.38819732 ], [ 16.76359491, 48.38863622 ], [ 16.76351788, 48.38907338 ], [ 16.76341415, 48.38950808 ], [ 16.76328387, 48.38993961 ], [ 16.76312728, 48.39036724 ], [ 16.76304243, 48.39057999 ], [ 16.76294462, 48.39079026 ], [ 16.7627362, 48.39120796 ], [ 16.76250238, 48.39161965 ], [ 16.76224353, 48.39202465 ], [ 16.76196009, 48.39242228 ], [ 16.76165253, 48.39281188 ], [ 16.76132137, 48.39319279 ], [ 16.76096714, 48.39356439 ], [ 16.76078432, 48.39374779 ], [ 16.76059043, 48.39392607 ], [ 16.76019188, 48.39427721 ], [ 16.75977216, 48.39461722 ], [ 16.75933196, 48.39494555 ], [ 16.75910683, 48.39510672 ], [ 16.758872, 48.39526165 ], [ 16.75839307, 48.39556499 ], [ 16.75789597, 48.39585505 ], [ 16.75738149, 48.39613138 ], [ 16.75712, 48.39626605 ], [ 16.75685049, 48.3963935 ], [ 16.7563039, 48.39664098 ], [ 16.7560268, 48.396761 ], [ 16.75574258, 48.3968734 ], [ 16.7551675, 48.39709038 ], [ 16.75504391, 48.3971291 ], [ 16.75496242, 48.3972888 ], [ 16.75488761, 48.39743103 ], [ 16.754873, 48.39745808 ], [ 16.7547458, 48.39766521 ], [ 16.75461457, 48.39787123 ], [ 16.75479435, 48.39802238 ], [ 16.75486253, 48.39799937 ], [ 16.75509946, 48.39838098 ], [ 16.75496674, 48.39856076 ], [ 16.75426061, 48.39901326 ], [ 16.75360589, 48.39925086 ], [ 16.75357455, 48.39944263 ], [ 16.75396575, 48.39980205 ], [ 16.75410167, 48.40011462 ], [ 16.75423925, 48.40011412 ], [ 16.7542411, 48.40034006 ], [ 16.75447998, 48.40085516 ], [ 16.75470044, 48.40097773 ], [ 16.75495549, 48.40130336 ], [ 16.75529424, 48.40123355 ], [ 16.75539292, 48.40112134 ], [ 16.75606705, 48.40098427 ], [ 16.75616891, 48.40084901 ], [ 16.75633688, 48.40084839 ], [ 16.75717759, 48.4004412 ], [ 16.75754654, 48.40035076 ], [ 16.75805223, 48.40005664 ], [ 16.75896229, 48.39987288 ], [ 16.7603059, 48.39934972 ], [ 16.7609742, 48.3991327 ], [ 16.7610854, 48.39950422 ], [ 16.76179129, 48.39943556 ], [ 16.76145806, 48.40178423 ], [ 16.76032871, 48.40209219 ], [ 16.75989167, 48.40231974 ], [ 16.7588813, 48.40252468 ], [ 16.75887094, 48.40331244 ], [ 16.75875577, 48.40347052 ], [ 16.75774033, 48.40347424 ], [ 16.75720042, 48.40320672 ], [ 16.75606969, 48.40335586 ], [ 16.7556507, 48.40372835 ], [ 16.75541436, 48.40372921 ], [ 16.75487766, 48.40395514 ], [ 16.75443929, 48.40402503 ], [ 16.75268768, 48.40463896 ], [ 16.75255394, 48.40459392 ], [ 16.75167808, 48.40484355 ], [ 16.75150719, 48.40490122 ], [ 16.75127291, 48.40484501 ], [ 16.75097474, 48.4035764 ], [ 16.75106074, 48.40356457 ], [ 16.75093721, 48.40321795 ], [ 16.75053234, 48.40315084 ], [ 16.750147, 48.40192465 ], [ 16.75011693, 48.40194219 ], [ 16.74960235, 48.40221848 ], [ 16.74934081, 48.40235314 ], [ 16.74907125, 48.40248057 ], [ 16.74852455, 48.40272801 ], [ 16.74824741, 48.40284801 ], [ 16.74796313, 48.40296039 ], [ 16.74738795, 48.40317733 ], [ 16.74679996, 48.40337846 ], [ 16.74620013, 48.40356345 ], [ 16.74589738, 48.40365187 ], [ 16.74558945, 48.403732 ], [ 16.74496896, 48.40388381 ], [ 16.74433969, 48.40401865 ], [ 16.74370267, 48.40413627 ], [ 16.74305899, 48.4042365 ], [ 16.74240969, 48.40431916 ], [ 16.74208376, 48.40435607 ], [ 16.74196481, 48.40436624 ], [ 16.7416465, 48.4045438 ], [ 16.7407095, 48.40528677 ], [ 16.73953032, 48.40583217 ], [ 16.7393279, 48.40585367 ], [ 16.73897249, 48.40553061 ], [ 16.73817586, 48.40502643 ], [ 16.73770306, 48.40501656 ], [ 16.73753447, 48.40493958 ], [ 16.73739316, 48.40446738 ], [ 16.73736429, 48.40442676 ], [ 16.73706203, 48.40440723 ], [ 16.73640722, 48.40434686 ], [ 16.73575666, 48.40426877 ], [ 16.73511141, 48.40417306 ], [ 16.73479025, 48.40412082 ], [ 16.73447256, 48.4040599 ], [ 16.73384118, 48.40392949 ], [ 16.73352749, 48.40385999 ], [ 16.73321832, 48.40378203 ], [ 16.73260502, 48.40361778 ], [ 16.7320023, 48.403437 ], [ 16.73141115, 48.40324 ], [ 16.7311186, 48.40313748 ], [ 16.73083256, 48.4030271 ], [ 16.73026751, 48.40279867 ], [ 16.72971693, 48.40255508 ], [ 16.72918173, 48.40229674 ], [ 16.72891809, 48.40216393 ], [ 16.7286628, 48.40202407 ], [ 16.72816102, 48.40173753 ], [ 16.72767721, 48.4014376 ], [ 16.72721218, 48.40112478 ], [ 16.72698446, 48.4009652 ], [ 16.72676671, 48.40079958 ], [ 16.72671232, 48.40075647 ], [ 16.72646091, 48.40072627 ], [ 16.72581573, 48.40063051 ], [ 16.7254946, 48.40057824 ], [ 16.72517694, 48.4005173 ], [ 16.72454563, 48.40038683 ], [ 16.72423198, 48.40031731 ], [ 16.72392284, 48.40023932 ], [ 16.72330961, 48.40007502 ], [ 16.72270697, 48.3998942 ], [ 16.7221159, 48.39969715 ], [ 16.72182338, 48.39959461 ], [ 16.72153738, 48.39948421 ], [ 16.72097241, 48.39925573 ], [ 16.72093451, 48.39923895 ], [ 16.72042192, 48.3990121 ], [ 16.71988358, 48.39875372 ], [ 16.71988264, 48.3990577 ], [ 16.71987755, 48.3992778 ], [ 16.71985899, 48.39949759 ], [ 16.71980841, 48.39993646 ], [ 16.71973099, 48.40037359 ], [ 16.71962686, 48.40080826 ], [ 16.71949619, 48.40123974 ], [ 16.71933919, 48.4016673 ], [ 16.71925414, 48.40188002 ], [ 16.71915613, 48.40209026 ], [ 16.71894731, 48.40250788 ], [ 16.71871308, 48.40291948 ], [ 16.71845383, 48.40332438 ], [ 16.71816998, 48.40372191 ], [ 16.71786202, 48.40411139 ], [ 16.71753046, 48.40449217 ], [ 16.71717583, 48.40486364 ], [ 16.71711275, 48.40492682 ], [ 16.71889254, 48.40444549 ] ] ] } },
{ "type": "Feature", "properties": { "ID": 26, "ZONE": "WE18", "AREA_HA": 1395.460121, "COMMUNITIES": "Deutsch-Wagram, Gerasdorf bei Wien, Großebersdorf, Großengersdorf, Pillichsdorf, Wolkersdorf im Weinviertel", "LEGALFOUNDATIONDATE": "2024-09-01T00:00:00", "LEGISLATIONCODE": "NÖ LGBl. Nr. 47/2024", "LEGISLATIONTITLE": "Sektorales Raumordnungsprogramm über die Windkraftnutzung in Niederösterreich - Änderung", "LASTUPDATE": "2024-09-03T00:00:00" }, "geometry": { "type": "MultiPolygon", "coordinates": [ [ [ [ 16.52275843, 48.293313 ], [ 16.52222542, 48.29305368 ], [ 16.52196287, 48.29292039 ], [ 16.5217087, 48.29278007 ], [ 16.52120915, 48.29249262 ], [ 16.52072759, 48.29219181 ], [ 16.52026482, 48.29187814 ], [ 16.52003823, 48.29171816 ], [ 16.51982161, 48.29155214 ], [ 16.5193987, 48.29121434 ], [ 16.51933942, 48.29116497 ], [ 16.51896913, 48.29162994 ], [ 16.51878321, 48.29184045 ], [ 16.51840285, 48.29239773 ], [ 16.51809916, 48.29279058 ], [ 16.51792338, 48.29300696 ], [ 16.51773043, 48.2932377 ], [ 16.51755523, 48.29342671 ], [ 16.51760735, 48.29341745 ], [ 16.51792784, 48.29336793 ], [ 16.51825057, 48.2933254 ], [ 16.5185752, 48.29328989 ], [ 16.51890139, 48.29326146 ], [ 16.5192288, 48.29324012 ], [ 16.51955707, 48.2932259 ], [ 16.51988586, 48.29321881 ], [ 16.52021482, 48.29321887 ], [ 16.52054361, 48.29322607 ], [ 16.52087187, 48.29324041 ], [ 16.52119926, 48.29326187 ], [ 16.52152543, 48.29329042 ], [ 16.52185003, 48.29332604 ], [ 16.52217273, 48.29336869 ], [ 16.52249317, 48.29341832 ], [ 16.52281103, 48.29347488 ], [ 16.52284123, 48.29348097 ], [ 16.52281906, 48.29334004 ], [ 16.52275843, 48.293313 ] ] ], [ [ [ 16.57703495, 48.33140906 ], [ 16.57677641, 48.33137597 ], [ 16.57657091, 48.33134968 ], [ 16.57558494, 48.33111379 ], [ 16.57474277, 48.33110603 ], [ 16.57325781, 48.33099489 ], [ 16.57197256, 48.33085477 ], [ 16.57035825, 48.33054398 ], [ 16.56945791, 48.33029836 ], [ 16.5687076, 48.33008573 ], [ 16.56792145, 48.32983748 ], [ 16.56677757, 48.3293877 ], [ 16.56597307, 48.3290205 ], [ 16.56522215, 48.32866509 ], [ 16.56483277, 48.32842991 ], [ 16.56467491, 48.32833457 ], [ 16.56219691, 48.32894719 ], [ 16.56137125, 48.32915909 ], [ 16.56136309, 48.32915332 ], [ 16.56108828, 48.32895881 ], [ 16.56084359, 48.32878561 ], [ 16.56016937, 48.32824104 ], [ 16.55987981, 48.32798304 ], [ 16.55892254, 48.32710299 ], [ 16.55859277, 48.32678818 ], [ 16.55803097, 48.32618957 ], [ 16.55752909, 48.32556774 ], [ 16.55708929, 48.32492535 ], [ 16.55698092, 48.32473501 ], [ 16.55697706, 48.32473584 ], [ 16.5566606, 48.32479644 ], [ 16.55634136, 48.32485013 ], [ 16.55601966, 48.32489686 ], [ 16.55569585, 48.32493658 ], [ 16.55537027, 48.32496926 ], [ 16.55504328, 48.32499484 ], [ 16.5547152, 48.32501332 ], [ 16.5543864, 48.32502466 ], [ 16.55405721, 48.32502886 ], [ 16.553728, 48.32502591 ], [ 16.55339911, 48.32501581 ], [ 16.55307088, 48.32499858 ], [ 16.55274367, 48.32497423 ], [ 16.55241782, 48.3249428 ], [ 16.55209367, 48.3249043 ], [ 16.55177158, 48.32485879 ], [ 16.55145188, 48.32480631 ], [ 16.55113492, 48.32474691 ], [ 16.55082102, 48.32468067 ], [ 16.55051052, 48.32460765 ], [ 16.55020375, 48.32452792 ], [ 16.54990103, 48.32444158 ], [ 16.5496027, 48.32434871 ], [ 16.54930905, 48.32424942 ], [ 16.54902041, 48.3241438 ], [ 16.54873707, 48.32403197 ], [ 16.54845934, 48.32391405 ], [ 16.54818752, 48.32379016 ], [ 16.5479219, 48.32366044 ], [ 16.54766274, 48.32352502 ], [ 16.54741033, 48.32338404 ], [ 16.54716494, 48.32323766 ], [ 16.54692682, 48.32308603 ], [ 16.54669624, 48.32292931 ], [ 16.54647342, 48.32276767 ], [ 16.54625861, 48.32260127 ], [ 16.54605204, 48.3224303 ], [ 16.54585393, 48.32225494 ], [ 16.54566448, 48.32207537 ], [ 16.54548389, 48.32189178 ], [ 16.54531237, 48.32170437 ], [ 16.54515008, 48.32151333 ], [ 16.5449972, 48.32131887 ], [ 16.54485389, 48.3211212 ], [ 16.54472031, 48.32092052 ], [ 16.5445966, 48.32071704 ], [ 16.54448288, 48.32051099 ], [ 16.54437928, 48.32030258 ], [ 16.54428591, 48.32009203 ], [ 16.54420286, 48.31987956 ], [ 16.54413023, 48.3196654 ], [ 16.54406808, 48.31944979 ], [ 16.5440165, 48.31923293 ], [ 16.54397552, 48.31901507 ], [ 16.5439452, 48.31879644 ], [ 16.54392556, 48.31857726 ], [ 16.54391663, 48.31835777 ], [ 16.54391842, 48.31813821 ], [ 16.54393092, 48.3179188 ], [ 16.54395412, 48.31769978 ], [ 16.543988, 48.31748138 ], [ 16.54403252, 48.31726382 ], [ 16.54408763, 48.31704736 ], [ 16.54415328, 48.3168322 ], [ 16.54422938, 48.31661858 ], [ 16.54431588, 48.31640673 ], [ 16.54441266, 48.31619686 ], [ 16.54451964, 48.31598921 ], [ 16.54463669, 48.31578399 ], [ 16.54476369, 48.31558143 ], [ 16.54490051, 48.31538172 ], [ 16.545047, 48.31518509 ], [ 16.545203, 48.31499175 ], [ 16.54536836, 48.3148019 ], [ 16.54554289, 48.31461573 ], [ 16.54572642, 48.31443346 ], [ 16.54591874, 48.31425526 ], [ 16.54611965, 48.31408134 ], [ 16.54632894, 48.31391186 ], [ 16.54654639, 48.31374703 ], [ 16.54677177, 48.313587 ], [ 16.54700483, 48.31343194 ], [ 16.54724534, 48.31328203 ], [ 16.54749303, 48.31313742 ], [ 16.54774765, 48.31299827 ], [ 16.54800892, 48.31286471 ], [ 16.54808628, 48.31282777 ], [ 16.54640063, 48.30941834 ], [ 16.54582917, 48.30924551 ], [ 16.54523983, 48.30904755 ], [ 16.54475711, 48.30887142 ], [ 16.54437804, 48.30872172 ], [ 16.54419004, 48.30864515 ], [ 16.54389117, 48.30851966 ], [ 16.5437987, 48.30848024 ], [ 16.54361458, 48.30840059 ], [ 16.54325234, 48.30823437 ], [ 16.54271907, 48.30797515 ], [ 16.54245639, 48.30784191 ], [ 16.54220209, 48.30770163 ], [ 16.54170227, 48.30741427 ], [ 16.54122045, 48.30711356 ], [ 16.54075742, 48.30679997 ], [ 16.5405307, 48.30664002 ], [ 16.54031395, 48.30647405 ], [ 16.54002526, 48.30624364 ], [ 16.53517717, 48.31331238 ], [ 16.53071564, 48.32016354 ], [ 16.52705356, 48.31901481 ], [ 16.53148304, 48.31221358 ], [ 16.53498438, 48.30710927 ], [ 16.5361216, 48.30545118 ], [ 16.53733128, 48.30368731 ], [ 16.53704541, 48.30329392 ], [ 16.53690755, 48.30309391 ], [ 16.53678205, 48.30289032 ], [ 16.53654358, 48.30247991 ], [ 16.53633042, 48.30206335 ], [ 16.53614289, 48.30164133 ], [ 16.53605559, 48.30142904 ], [ 16.53598133, 48.30121455 ], [ 16.53584599, 48.30078374 ], [ 16.53578491, 48.30056741 ], [ 16.53573711, 48.3003496 ], [ 16.53565486, 48.29991286 ], [ 16.53559938, 48.29947425 ], [ 16.53557075, 48.29903449 ], [ 16.53556317, 48.29881441 ], [ 16.53556904, 48.29859431 ], [ 16.53559423, 48.29815446 ], [ 16.53564629, 48.29771567 ], [ 16.53571166, 48.29735334 ], [ 16.53558518, 48.29732879 ], [ 16.53495563, 48.29719728 ], [ 16.53464286, 48.29712724 ], [ 16.53433464, 48.29704874 ], [ 16.53372325, 48.29688342 ], [ 16.53312249, 48.2967016 ], [ 16.53253334, 48.29650357 ], [ 16.53224179, 48.29640055 ], [ 16.53195678, 48.29628967 ], [ 16.53178921, 48.29622138 ], [ 16.53168297, 48.29620177 ], [ 16.53157152, 48.29618125 ], [ 16.53132333, 48.29613551 ], [ 16.53122832, 48.29611801 ], [ 16.5308625, 48.29605047 ], [ 16.5306912, 48.29601894 ], [ 16.53052722, 48.29598863 ], [ 16.53024024, 48.29593175 ], [ 16.52966988, 48.29581099 ], [ 16.52907816, 48.29566857 ], [ 16.52846681, 48.29550322 ], [ 16.52786608, 48.29532137 ], [ 16.52727697, 48.29512332 ], [ 16.52698544, 48.29502028 ], [ 16.52670045, 48.29490939 ], [ 16.52645998, 48.29481138 ], [ 16.52679395, 48.29494807 ], [ 16.52682622, 48.29495961 ], [ 16.52704875, 48.29509761 ], [ 16.52728232, 48.2952522 ], [ 16.52750822, 48.29541178 ], [ 16.52772623, 48.29557618 ], [ 16.5279361, 48.29574522 ], [ 16.52813762, 48.29591874 ], [ 16.52833057, 48.29609653 ], [ 16.52851475, 48.29627842 ], [ 16.52868996, 48.29646422 ], [ 16.52885602, 48.29665372 ], [ 16.52901276, 48.29684672 ], [ 16.52915999, 48.29704303 ], [ 16.52929758, 48.29724243 ], [ 16.52942537, 48.29744471 ], [ 16.52954322, 48.29764966 ], [ 16.52965102, 48.29785706 ], [ 16.52974865, 48.29806669 ], [ 16.529836, 48.29827833 ], [ 16.52991299, 48.29849175 ], [ 16.52997953, 48.29870673 ], [ 16.53003554, 48.29892305 ], [ 16.53008098, 48.29914046 ], [ 16.53011579, 48.29935875 ], [ 16.53013994, 48.29957767 ], [ 16.53015339, 48.29979701 ], [ 16.53015614, 48.30001652 ], [ 16.53014819, 48.30023597 ], [ 16.53012953, 48.30045514 ], [ 16.53010019, 48.30067378 ], [ 16.53006021, 48.30089167 ], [ 16.53000962, 48.30110858 ], [ 16.52994847, 48.30132427 ], [ 16.52987684, 48.30153852 ], [ 16.52979479, 48.30175111 ], [ 16.52970242, 48.3019618 ], [ 16.52959982, 48.30217037 ], [ 16.5294871, 48.3023766 ], [ 16.52936438, 48.30258028 ], [ 16.52923179, 48.30278118 ], [ 16.52908947, 48.3029791 ], [ 16.52893757, 48.30317383 ], [ 16.52877625, 48.30336515 ], [ 16.52860568, 48.30355287 ], [ 16.52842605, 48.30373678 ], [ 16.52823754, 48.3039167 ], [ 16.52804035, 48.30409243 ], [ 16.52783469, 48.30426379 ], [ 16.52762078, 48.30443058 ], [ 16.52740741, 48.30459258 ], [ 16.52718638, 48.30474994 ], [ 16.52695792, 48.30490251 ], [ 16.52672226, 48.30505012 ], [ 16.52647965, 48.30519263 ], [ 16.52623033, 48.3053299 ], [ 16.52597456, 48.30546177 ], [ 16.5257126, 48.30558813 ], [ 16.52567785, 48.30560379 ], [ 16.52544472, 48.30570883 ], [ 16.52538268, 48.30573489 ], [ 16.52517119, 48.30582375 ], [ 16.5248923, 48.30593278 ], [ 16.52460831, 48.30603581 ], [ 16.52431954, 48.30613273 ], [ 16.52402627, 48.30622343 ], [ 16.5237288, 48.30630784 ], [ 16.52342743, 48.30638586 ], [ 16.52312248, 48.3064574 ], [ 16.52281426, 48.30652241 ], [ 16.52257955, 48.30656646 ], [ 16.52244657, 48.30664154 ], [ 16.52218856, 48.30677786 ], [ 16.52192403, 48.3069085 ], [ 16.52165326, 48.30703333 ], [ 16.52137655, 48.30715221 ], [ 16.52109418, 48.30726502 ], [ 16.52080646, 48.30737163 ], [ 16.52051368, 48.30747194 ], [ 16.52021617, 48.30756584 ], [ 16.51991423, 48.30765323 ], [ 16.51960819, 48.30773402 ], [ 16.51929836, 48.30780811 ], [ 16.51911688, 48.30784712 ], [ 16.51924919, 48.30792511 ], [ 16.51948704, 48.30807471 ], [ 16.51971751, 48.30822936 ], [ 16.51994038, 48.3083889 ], [ 16.5201554, 48.30855317 ], [ 16.52036234, 48.30872198 ], [ 16.520561, 48.30889517 ], [ 16.52075116, 48.30907255 ], [ 16.52093263, 48.30925394 ], [ 16.52110521, 48.30943915 ], [ 16.52126873, 48.30962799 ], [ 16.52142301, 48.30982025 ], [ 16.5215679, 48.31001574 ], [ 16.52170324, 48.31021425 ], [ 16.52182888, 48.31041558 ], [ 16.52194471, 48.31061951 ], [ 16.52205059, 48.31082583 ], [ 16.52214642, 48.31103432 ], [ 16.5222321, 48.31124478 ], [ 16.52230753, 48.31145697 ], [ 16.52237264, 48.31167068 ], [ 16.52242736, 48.31188568 ], [ 16.52247163, 48.31210174 ], [ 16.52250541, 48.31231865 ], [ 16.52252866, 48.31253618 ], [ 16.52254135, 48.31275409 ], [ 16.52254347, 48.31297216 ], [ 16.52253503, 48.31319016 ], [ 16.52251602, 48.31340787 ], [ 16.52248647, 48.31362506 ], [ 16.52244641, 48.31384149 ], [ 16.52239589, 48.31405694 ], [ 16.52233494, 48.3142712 ], [ 16.52226364, 48.31448403 ], [ 16.52218207, 48.3146952 ], [ 16.5220903, 48.31490451 ], [ 16.52198843, 48.31511173 ], [ 16.52187658, 48.31531665 ], [ 16.52175484, 48.31551905 ], [ 16.52162336, 48.31571871 ], [ 16.52148228, 48.31591544 ], [ 16.52133173, 48.31610902 ], [ 16.52123886, 48.31621952 ], [ 16.52133849, 48.31649251 ], [ 16.52138599, 48.31662281 ], [ 16.52141564, 48.3167071 ], [ 16.52147294, 48.31687602 ], [ 16.52156161, 48.31717698 ], [ 16.52167041, 48.31761113 ], [ 16.52175257, 48.31804788 ], [ 16.52180795, 48.3184865 ], [ 16.52182894, 48.31870619 ], [ 16.52183647, 48.31892626 ], [ 16.52183807, 48.31936644 ], [ 16.52183213, 48.31958653 ], [ 16.52181274, 48.31980629 ], [ 16.52176054, 48.32024508 ], [ 16.52168155, 48.32068209 ], [ 16.52157589, 48.32111658 ], [ 16.52144375, 48.32154784 ], [ 16.52128534, 48.32197515 ], [ 16.52119959, 48.32218773 ], [ 16.52110092, 48.32239779 ], [ 16.5208908, 48.32281507 ], [ 16.52065534, 48.32322627 ], [ 16.5204995, 48.32346831 ], [ 16.52062205, 48.32358866 ], [ 16.52079805, 48.32377422 ], [ 16.52096489, 48.32396351 ], [ 16.52112241, 48.32415631 ], [ 16.52127044, 48.32435244 ], [ 16.52140882, 48.32455167 ], [ 16.5215374, 48.3247538 ], [ 16.52165605, 48.32495862 ], [ 16.52176465, 48.3251659 ], [ 16.52186306, 48.32537542 ], [ 16.5219512, 48.32558698 ], [ 16.52202897, 48.32580033 ], [ 16.52209628, 48.32601526 ], [ 16.52215307, 48.32623154 ], [ 16.52219927, 48.32644893 ], [ 16.52223484, 48.32666722 ], [ 16.52225973, 48.32688616 ], [ 16.52227392, 48.32710552 ], [ 16.5222774, 48.32732507 ], [ 16.52227016, 48.32754459 ], [ 16.52225221, 48.32776383 ], [ 16.52222357, 48.32798256 ], [ 16.52218427, 48.32820056 ], [ 16.52213434, 48.32841759 ], [ 16.52207385, 48.32863342 ], [ 16.52200285, 48.32884782 ], [ 16.52198967, 48.32888226 ], [ 16.52187941, 48.32915713 ], [ 16.52182966, 48.32927144 ], [ 16.52172765, 48.3294802 ], [ 16.5216155, 48.32968664 ], [ 16.52149334, 48.32989054 ], [ 16.52136128, 48.33009167 ], [ 16.52121947, 48.33028984 ], [ 16.52106807, 48.33048482 ], [ 16.52090723, 48.33067641 ], [ 16.52078546, 48.33081097 ], [ 16.52061114, 48.3309939 ], [ 16.52055792, 48.33104861 ], [ 16.52036982, 48.33122883 ], [ 16.52017302, 48.33140487 ], [ 16.51996774, 48.33157654 ], [ 16.51975418, 48.33174367 ], [ 16.51953257, 48.33190607 ], [ 16.51930315, 48.33206358 ], [ 16.51906617, 48.33221602 ], [ 16.51882186, 48.33236324 ], [ 16.51877641, 48.33238889 ], [ 16.51872606, 48.33266729 ], [ 16.51868667, 48.33282921 ], [ 16.51861463, 48.33312044 ], [ 16.51848815, 48.33353304 ], [ 16.51832968, 48.33396034 ], [ 16.51824391, 48.33417291 ], [ 16.5181452, 48.33438298 ], [ 16.51793501, 48.33480024 ], [ 16.51782127, 48.3349988 ], [ 16.51765466, 48.33528101 ], [ 16.51743896, 48.3356159 ], [ 16.51715392, 48.33601293 ], [ 16.51684483, 48.33640188 ], [ 16.51651221, 48.33678209 ], [ 16.51615659, 48.33715294 ], [ 16.51598651, 48.33730992 ], [ 16.51586975, 48.33743044 ], [ 16.51577855, 48.33751383 ], [ 16.51537877, 48.33786412 ], [ 16.51511585, 48.33807652 ], [ 16.51483091, 48.33837365 ], [ 16.51464741, 48.33855666 ], [ 16.51445286, 48.33873453 ], [ 16.51405305, 48.33908481 ], [ 16.51363214, 48.33942393 ], [ 16.51319083, 48.33975132 ], [ 16.51296516, 48.33991202 ], [ 16.51272984, 48.34006645 ], [ 16.51224996, 48.34036876 ], [ 16.511752, 48.34065776 ], [ 16.51123674, 48.34093299 ], [ 16.51097488, 48.34106711 ], [ 16.51070505, 48.34119399 ], [ 16.51015785, 48.3414403 ], [ 16.50988047, 48.34155973 ], [ 16.50959602, 48.34167152 ], [ 16.50902051, 48.34188727 ], [ 16.50850708, 48.34206396 ], [ 16.50805911, 48.34220487 ], [ 16.50783349, 48.34227304 ], [ 16.50765832, 48.34232382 ], [ 16.50744038, 48.34238696 ], [ 16.50722289, 48.34245006 ], [ 16.50699757, 48.34251539 ], [ 16.50677943, 48.34257854 ], [ 16.50655976, 48.34264227 ], [ 16.50633997, 48.3427059 ], [ 16.5061258, 48.34276803 ], [ 16.50604906, 48.34278998 ], [ 16.50589535, 48.34283331 ], [ 16.50551043, 48.34293419 ], [ 16.50488996, 48.34308472 ], [ 16.5042608, 48.34321824 ], [ 16.50362398, 48.34333454 ], [ 16.50298059, 48.34343342 ], [ 16.50233167, 48.34351472 ], [ 16.50223024, 48.34352601 ], [ 16.50044184, 48.34453922 ], [ 16.49698572, 48.34685291 ], [ 16.49476223, 48.34784548 ], [ 16.49325149, 48.348503 ], [ 16.49345476, 48.34851289 ], [ 16.49384347, 48.34853181 ], [ 16.49403747, 48.34854124 ], [ 16.49425663, 48.3485519 ], [ 16.49458653, 48.34856795 ], [ 16.49501719, 48.3485865 ], [ 16.49534294, 48.34860494 ], [ 16.4958482, 48.34864041 ], [ 16.4964648, 48.34867069 ], [ 16.49688446, 48.34869176 ], [ 16.49692467, 48.34869375 ], [ 16.49714683, 48.34870396 ], [ 16.49750456, 48.34872036 ], [ 16.49786667, 48.348737 ], [ 16.49794669, 48.34874094 ], [ 16.49810659, 48.34874935 ], [ 16.4981865, 48.34875382 ], [ 16.49832646, 48.34876211 ], [ 16.49847186, 48.34876917 ], [ 16.49874231, 48.34878243 ], [ 16.49900717, 48.34879531 ], [ 16.49927975, 48.34880857 ], [ 16.49940397, 48.34881597 ], [ 16.49953141, 48.34882119 ], [ 16.49959961, 48.34882401 ], [ 16.49965484, 48.34882628 ], [ 16.50005222, 48.34884447 ], [ 16.50070928, 48.34888835 ], [ 16.50103715, 48.34891475 ], [ 16.50136313, 48.34895005 ], [ 16.50201265, 48.34902948 ], [ 16.50207576, 48.34903899 ], [ 16.5023305, 48.34904902 ], [ 16.50298756, 48.34909289 ], [ 16.50331543, 48.34911929 ], [ 16.50364142, 48.34915458 ], [ 16.50429094, 48.349234 ], [ 16.50493505, 48.349331 ], [ 16.5055727, 48.34944543 ], [ 16.50620282, 48.3495771 ], [ 16.50682436, 48.34972579 ], [ 16.50710049, 48.34979612 ], [ 16.50742639, 48.34988597 ], [ 16.5078536, 48.35001798 ], [ 16.50862477, 48.35027469 ], [ 16.50858013, 48.35025552 ], [ 16.50862726, 48.35027136 ], [ 16.50920432, 48.35048537 ], [ 16.50948959, 48.3505963 ], [ 16.50976782, 48.35071489 ], [ 16.5103168, 48.35095954 ], [ 16.51058755, 48.3510856 ], [ 16.51085037, 48.35121892 ], [ 16.51136762, 48.35149257 ], [ 16.51186767, 48.35178005 ], [ 16.51234975, 48.35208089 ], [ 16.51258619, 48.3522346 ], [ 16.51281302, 48.35239459 ], [ 16.51325671, 48.35272062 ], [ 16.51368008, 48.35305844 ], [ 16.51408244, 48.35340748 ], [ 16.51427828, 48.35358474 ], [ 16.51446311, 48.35376718 ], [ 16.51464349, 48.3539533 ], [ 16.5148153, 48.35388268 ], [ 16.51511011, 48.35376716 ], [ 16.51523162, 48.35372182 ], [ 16.51551618, 48.35362054 ], [ 16.51609024, 48.35342593 ], [ 16.51668302, 48.35324461 ], [ 16.51729384, 48.35307728 ], [ 16.51760182, 48.35299777 ], [ 16.5179144, 48.35292669 ], [ 16.51816201, 48.35287412 ], [ 16.51815274, 48.35284111 ], [ 16.51842126, 48.35278133 ], [ 16.51843276, 48.35281664 ], [ 16.51854365, 48.3527931 ], [ 16.51886032, 48.35273057 ], [ 16.51918056, 48.35267671 ], [ 16.51982405, 48.35257774 ], [ 16.52047304, 48.35249634 ], [ 16.52112649, 48.35243265 ], [ 16.52178328, 48.35238677 ], [ 16.52244234, 48.35235878 ], [ 16.52277231, 48.35234927 ], [ 16.52310259, 48.35234873 ], [ 16.52376288, 48.35235663 ], [ 16.52439125, 48.35238046 ], [ 16.52498691, 48.35241858 ], [ 16.52528421, 48.3524413 ], [ 16.5258723, 48.35249364 ], [ 16.52597657, 48.35250322 ], [ 16.528576, 48.35274966 ], [ 16.52872699, 48.35275689 ], [ 16.52916914, 48.35266297 ], [ 16.52928391, 48.3526403 ], [ 16.52961507, 48.35257866 ], [ 16.52980603, 48.35254653 ], [ 16.53044949, 48.3524475 ], [ 16.53081716, 48.35240135 ], [ 16.53093653, 48.35236863 ], [ 16.531098, 48.35232942 ], [ 16.53126149, 48.3522737 ], [ 16.53156556, 48.35217534 ], [ 16.53186838, 48.35208748 ], [ 16.53247914, 48.35192007 ], [ 16.53269187, 48.35186666 ], [ 16.53305002, 48.3517569 ], [ 16.53306415, 48.35175302 ], [ 16.53303376, 48.35167097 ], [ 16.53310851, 48.35165007 ], [ 16.53332477, 48.35159172 ], [ 16.53333751, 48.35167809 ], [ 16.53366077, 48.35158948 ], [ 16.53422274, 48.3514514 ], [ 16.53473356, 48.35134001 ], [ 16.53496594, 48.35129216 ], [ 16.53628786, 48.35101148 ], [ 16.53689028, 48.35086275 ], [ 16.53682836, 48.35070539 ], [ 16.53719913, 48.35061336 ], [ 16.53720069, 48.35062963 ], [ 16.53724566, 48.35077501 ], [ 16.53982179, 48.35013891 ], [ 16.54011312, 48.35007116 ], [ 16.54026799, 48.35003733 ], [ 16.54077844, 48.34989165 ], [ 16.54086759, 48.34986648 ], [ 16.54126761, 48.34975476 ], [ 16.54142179, 48.34969153 ], [ 16.54170622, 48.34957966 ], [ 16.54199726, 48.34947561 ], [ 16.54258545, 48.34927553 ], [ 16.54310003, 48.34911538 ], [ 16.5435376, 48.34899147 ], [ 16.54367783, 48.34895337 ], [ 16.54405275, 48.3483978 ], [ 16.54454961, 48.34777411 ], [ 16.54510658, 48.34717341 ], [ 16.54572129, 48.34659828 ], [ 16.5463911, 48.34605117 ], [ 16.54711314, 48.34553443 ], [ 16.54788431, 48.34505027 ], [ 16.54870133, 48.34460077 ], [ 16.54956068, 48.34418784 ], [ 16.55045868, 48.34381326 ], [ 16.55139151, 48.34347863 ], [ 16.55235515, 48.34318538 ], [ 16.55319976, 48.34297164 ], [ 16.55374692, 48.34285275 ], [ 16.5543583, 48.34272785 ], [ 16.55504358, 48.34261995 ], [ 16.55521829, 48.34257831 ], [ 16.55522528, 48.34259134 ], [ 16.55538922, 48.34256553 ], [ 16.55643386, 48.3424485 ], [ 16.55735114, 48.34238388 ], [ 16.55811151, 48.34234487 ], [ 16.55805987, 48.34227389 ], [ 16.55789099, 48.34171835 ], [ 16.55810841, 48.34160888 ], [ 16.56117516, 48.34074859 ], [ 16.56122753, 48.34096319 ], [ 16.56107668, 48.34161174 ], [ 16.56159938, 48.34145262 ], [ 16.56158217, 48.34127781 ], [ 16.56171368, 48.34089395 ], [ 16.5618824, 48.34072556 ], [ 16.56461532, 48.34065271 ], [ 16.56421923, 48.3387987 ], [ 16.56408216, 48.33868684 ], [ 16.56391219, 48.33819172 ], [ 16.5629024, 48.33841966 ], [ 16.56280005, 48.338532 ], [ 16.56251352, 48.33855533 ], [ 16.56251233, 48.33828582 ], [ 16.56354996, 48.33616845 ], [ 16.56365028, 48.33635992 ], [ 16.56403657, 48.33621302 ], [ 16.56410415, 48.33605522 ], [ 16.56494564, 48.33571772 ], [ 16.56671571, 48.33529742 ], [ 16.56672029, 48.33524801 ], [ 16.56672657, 48.33524636 ], [ 16.56678683, 48.33519244 ], [ 16.56742896, 48.33446496 ], [ 16.56774462, 48.33424474 ], [ 16.56807325, 48.33406911 ], [ 16.56955951, 48.33390845 ], [ 16.57023047, 48.33371626 ], [ 16.57087096, 48.33368179 ], [ 16.57113624, 48.33362366 ], [ 16.57184667, 48.33460392 ], [ 16.57184995, 48.33531666 ], [ 16.56952367, 48.33586437 ], [ 16.56951573, 48.33583481 ], [ 16.56831942, 48.33611536 ], [ 16.56731039, 48.33649903 ], [ 16.56653773, 48.33673719 ], [ 16.56441508, 48.33734763 ], [ 16.56412882, 48.33761771 ], [ 16.56414693, 48.3378987 ], [ 16.5643148, 48.33792113 ], [ 16.5650102, 48.34009551 ], [ 16.56501746, 48.34014432 ], [ 16.56502021, 48.34020974 ], [ 16.56502015, 48.34023624 ], [ 16.56501602, 48.34032512 ], [ 16.56501626, 48.34037874 ], [ 16.56503312, 48.34048913 ], [ 16.56503604, 48.34051665 ], [ 16.56504406, 48.3406548 ], [ 16.56504433, 48.34065964 ], [ 16.56660602, 48.34053718 ], [ 16.5666335, 48.34054086 ], [ 16.5698658, 48.34016564 ], [ 16.57012181, 48.34013592 ], [ 16.57065437, 48.34007409 ], [ 16.57119683, 48.3400111 ], [ 16.57117801, 48.33993269 ], [ 16.57067194, 48.33782485 ], [ 16.5718757, 48.33770763 ], [ 16.5733456, 48.33760944 ], [ 16.57562975, 48.33763325 ], [ 16.57684336, 48.33767831 ], [ 16.57820017, 48.33781822 ], [ 16.57969993, 48.33799589 ], [ 16.58141451, 48.33831584 ], [ 16.58212896, 48.33845708 ], [ 16.58295821, 48.3387218 ], [ 16.58338719, 48.33883988 ], [ 16.58364436, 48.33891067 ], [ 16.58406164, 48.3390384 ], [ 16.58410491, 48.33905255 ], [ 16.58434301, 48.33913045 ], [ 16.5845792, 48.33920772 ], [ 16.58433056, 48.33897284 ], [ 16.58430448, 48.33894539 ], [ 16.58282373, 48.33753134 ], [ 16.57863756, 48.33353324 ], [ 16.57848614, 48.33337187 ], [ 16.57840738, 48.33340009 ], [ 16.57833791, 48.33331319 ], [ 16.57815916, 48.33304476 ], [ 16.57778954, 48.33248968 ], [ 16.57745023, 48.33189461 ], [ 16.57716209, 48.33142533 ], [ 16.57703495, 48.33140906 ] ], [ [ 16.56195622, 48.33835295 ], [ 16.56168204, 48.33754497 ], [ 16.56151379, 48.33743345 ], [ 16.56137826, 48.33709563 ], [ 16.56078795, 48.33724292 ], [ 16.56063295, 48.33669269 ], [ 16.56123891, 48.33646527 ], [ 16.5621495, 48.33630583 ], [ 16.56214486, 48.3362556 ], [ 16.56237199, 48.33619299 ], [ 16.56244304, 48.33603783 ], [ 16.56248819, 48.33626188 ], [ 16.56285786, 48.33616982 ], [ 16.56295803, 48.336327 ], [ 16.56208922, 48.33830717 ], [ 16.56195622, 48.33835295 ] ], [ [ 16.51650126, 48.34668862 ], [ 16.51650947, 48.34668745 ], [ 16.51651314, 48.34669245 ], [ 16.51651459, 48.34669711 ], [ 16.51653671, 48.34681729 ], [ 16.51653742, 48.34682067 ], [ 16.51653746, 48.34682088 ], [ 16.51655117, 48.34690433 ], [ 16.51655131, 48.34690517 ], [ 16.51655146, 48.34690601 ], [ 16.51655161, 48.34690685 ], [ 16.51655739, 48.34693758 ], [ 16.51655776, 48.34694242 ], [ 16.51639498, 48.34790026 ], [ 16.51632041, 48.34828656 ], [ 16.51591842, 48.34847641 ], [ 16.51272423, 48.34972641 ], [ 16.51191705, 48.35015481 ], [ 16.51179896, 48.35014347 ], [ 16.51154602, 48.34990863 ], [ 16.51127226, 48.34900919 ], [ 16.51107938, 48.34878567 ], [ 16.51116525, 48.34875816 ], [ 16.51116912, 48.34875688 ], [ 16.51117296, 48.34875557 ], [ 16.51117677, 48.34875422 ], [ 16.51298432, 48.34809387 ], [ 16.51298691, 48.3480929 ], [ 16.5129895, 48.34809191 ], [ 16.51299206, 48.34809091 ], [ 16.51445633, 48.34750833 ], [ 16.51445681, 48.34750813 ], [ 16.51649486, 48.34669072 ], [ 16.51650126, 48.34668862 ] ], [ [ 16.51794396, 48.3469313 ], [ 16.51821293, 48.34645818 ], [ 16.51911836, 48.34571426 ], [ 16.51938474, 48.34452255 ], [ 16.51917815, 48.34310536 ], [ 16.51823999, 48.34056662 ], [ 16.51745598, 48.33908537 ], [ 16.51814511, 48.33858206 ], [ 16.51814747, 48.33858041 ], [ 16.51814988, 48.3385788 ], [ 16.51815234, 48.33857721 ], [ 16.51831139, 48.33859743 ], [ 16.51846997, 48.33865643 ], [ 16.5186436, 48.33904258 ], [ 16.51857391, 48.33934346 ], [ 16.51857238, 48.33936712 ], [ 16.5185747, 48.33939032 ], [ 16.51858094, 48.33941363 ], [ 16.51916018, 48.34072401 ], [ 16.51916548, 48.34073412 ], [ 16.51917151, 48.34074401 ], [ 16.51917829, 48.34075373 ], [ 16.51989753, 48.34166306 ], [ 16.51990263, 48.34167098 ], [ 16.51990668, 48.341679 ], [ 16.51990982, 48.34168737 ], [ 16.52016445, 48.34270871 ], [ 16.5202955, 48.34324498 ], [ 16.5202962, 48.34324867 ], [ 16.52029672, 48.34325236 ], [ 16.52029704, 48.34325607 ], [ 16.52032359, 48.34400801 ], [ 16.52032361, 48.34400958 ], [ 16.5203236, 48.34401115 ], [ 16.52032355, 48.34401272 ], [ 16.52028158, 48.34481948 ], [ 16.52028155, 48.34482005 ], [ 16.52028153, 48.34482062 ], [ 16.52028151, 48.34482119 ], [ 16.52025386, 48.3455849 ], [ 16.52025521, 48.34560169 ], [ 16.5202566, 48.34560866 ], [ 16.52027087, 48.3456408 ], [ 16.52029926, 48.34566848 ], [ 16.52033901, 48.34568901 ], [ 16.52038629, 48.34570042 ], [ 16.52043655, 48.34570161 ], [ 16.52044703, 48.34570076 ], [ 16.52047175, 48.34569745 ], [ 16.52166919, 48.34547092 ], [ 16.52256645, 48.34533644 ], [ 16.52353701, 48.34519095 ], [ 16.52312891, 48.34587792 ], [ 16.52209311, 48.3476214 ], [ 16.52209385, 48.34782261 ], [ 16.52184192, 48.34831911 ], [ 16.52182688, 48.34832191 ], [ 16.52178099, 48.34834388 ], [ 16.52176207, 48.34836242 ], [ 16.52176035, 48.34836167 ], [ 16.52175321, 48.34836897 ], [ 16.52174382, 48.34838066 ], [ 16.52173508, 48.34838981 ], [ 16.52172617, 48.34839207 ], [ 16.52171849, 48.34839271 ], [ 16.52048763, 48.34842874 ], [ 16.52048238, 48.34842895 ], [ 16.52047713, 48.34842922 ], [ 16.52047188, 48.34842954 ], [ 16.51910026, 48.34852952 ], [ 16.51909655, 48.34852982 ], [ 16.51909284, 48.34853014 ], [ 16.51908914, 48.3485305 ], [ 16.51847169, 48.34859484 ], [ 16.51846837, 48.348595 ], [ 16.51691202, 48.34862927 ], [ 16.51690465, 48.34848428 ], [ 16.51690466, 48.34848424 ], [ 16.51690475, 48.34848422 ], [ 16.51716925, 48.34769552 ], [ 16.51794396, 48.3469313 ] ], [ [ 16.52287016, 48.34725923 ], [ 16.52396931, 48.34526745 ], [ 16.52463265, 48.34590955 ], [ 16.52465049, 48.34592397 ], [ 16.52465923, 48.3459299 ], [ 16.52470466, 48.34595156 ], [ 16.52475844, 48.34596164 ], [ 16.52481415, 48.34595894 ], [ 16.52482624, 48.34595691 ], [ 16.52485274, 48.34595081 ], [ 16.52489059, 48.34593953 ], [ 16.52495575, 48.34599709 ], [ 16.52627, 48.34547867 ], [ 16.52677639, 48.3453865 ], [ 16.52702519, 48.34530509 ], [ 16.53063935, 48.34423072 ], [ 16.53066565, 48.34422085 ], [ 16.53067745, 48.3442154 ], [ 16.53071963, 48.34418686 ], [ 16.53073316, 48.34417342 ], [ 16.53073636, 48.34417011 ], [ 16.53074249, 48.34416352 ], [ 16.53074966, 48.34415937 ], [ 16.53075635, 48.34415699 ], [ 16.53265067, 48.34360041 ], [ 16.53284522, 48.34354324 ], [ 16.53365311, 48.34330586 ], [ 16.53370235, 48.34329145 ], [ 16.53377648, 48.34326975 ], [ 16.53378428, 48.34326799 ], [ 16.53379437, 48.34326754 ], [ 16.53380253, 48.34327152 ], [ 16.53380769, 48.3432758 ], [ 16.53469536, 48.34415759 ], [ 16.5346979, 48.34416028 ], [ 16.53470009, 48.34416277 ], [ 16.53470198, 48.34416502 ], [ 16.53472542, 48.34419474 ], [ 16.53472994, 48.34420159 ], [ 16.53473369, 48.34420853 ], [ 16.53473674, 48.34421574 ], [ 16.53751049, 48.34389707 ], [ 16.53751052, 48.34389702 ], [ 16.5375106, 48.34389701 ], [ 16.53751056, 48.3438969 ], [ 16.53767857, 48.34347043 ], [ 16.53772764, 48.34334609 ], [ 16.53813377, 48.34330791 ], [ 16.53804181, 48.34331868 ], [ 16.54038853, 48.34311351 ], [ 16.54100672, 48.34296464 ], [ 16.54157196, 48.34282853 ], [ 16.54230893, 48.34271288 ], [ 16.54507482, 48.34229043 ], [ 16.54509962, 48.34228534 ], [ 16.54511012, 48.34228256 ], [ 16.54514551, 48.34224247 ], [ 16.5453473, 48.34220639 ], [ 16.54479567, 48.3406217 ], [ 16.54639772, 48.34094168 ], [ 16.54642868, 48.34094572 ], [ 16.54644355, 48.34094667 ], [ 16.54650603, 48.34094252 ], [ 16.54652033, 48.34093963 ], [ 16.54654948, 48.34093159 ], [ 16.54654995, 48.34093143 ], [ 16.5465616, 48.34092804 ], [ 16.54664676, 48.34090845 ], [ 16.54682596, 48.34094495 ], [ 16.54690901, 48.34084419 ], [ 16.5474994, 48.34069697 ], [ 16.54750648, 48.34071065 ], [ 16.55085317, 48.3399406 ], [ 16.55087486, 48.33993439 ], [ 16.55088424, 48.33993115 ], [ 16.55092245, 48.3399128 ], [ 16.55095111, 48.3398879 ], [ 16.5509635, 48.33986614 ], [ 16.55098619, 48.33986121 ], [ 16.55115541, 48.3398244 ], [ 16.5511554, 48.33982436 ], [ 16.55115552, 48.33982434 ], [ 16.55006262, 48.33653242 ], [ 16.54952848, 48.33535911 ], [ 16.55011863, 48.33525209 ], [ 16.55012586, 48.33525118 ], [ 16.55013475, 48.33525148 ], [ 16.5501396, 48.33525645 ], [ 16.55014206, 48.33526107 ], [ 16.55071869, 48.33669438 ], [ 16.55071893, 48.336695 ], [ 16.55084259, 48.33701765 ], [ 16.55084283, 48.33701829 ], [ 16.55084306, 48.33701893 ], [ 16.55084329, 48.33701957 ], [ 16.55104165, 48.33759514 ], [ 16.55112537, 48.33783808 ], [ 16.55121619, 48.33810156 ], [ 16.55122182, 48.33811427 ], [ 16.55122858, 48.33812665 ], [ 16.55123651, 48.33813881 ], [ 16.55138058, 48.33832711 ], [ 16.55138097, 48.33832762 ], [ 16.55138135, 48.33832814 ], [ 16.55138173, 48.33832865 ], [ 16.55273206, 48.34019015 ], [ 16.55274589, 48.34020572 ], [ 16.55290571, 48.34019233 ], [ 16.55290583, 48.3401923 ], [ 16.55295993, 48.3402824 ], [ 16.55322969, 48.34007871 ], [ 16.5540376, 48.33994229 ], [ 16.55420612, 48.33987337 ], [ 16.55663862, 48.3392073 ], [ 16.55663942, 48.33920709 ], [ 16.55745475, 48.33899051 ], [ 16.55777891, 48.33892314 ], [ 16.55834491, 48.33875402 ], [ 16.55834493, 48.33875404 ], [ 16.55929865, 48.33850068 ], [ 16.55932068, 48.3384935 ], [ 16.55933005, 48.33848983 ], [ 16.559368, 48.33846927 ], [ 16.55939501, 48.33844208 ], [ 16.5594086, 48.33841076 ], [ 16.55940755, 48.33837817 ], [ 16.55940567, 48.33837103 ], [ 16.55939963, 48.33835518 ], [ 16.55910842, 48.33777874 ], [ 16.55910668, 48.33777424 ], [ 16.5591064, 48.33776859 ], [ 16.55911271, 48.33776482 ], [ 16.55911879, 48.33776254 ], [ 16.55954514, 48.33762887 ], [ 16.55955232, 48.33762709 ], [ 16.55956149, 48.33762646 ], [ 16.55956718, 48.33763129 ], [ 16.55957025, 48.33763597 ], [ 16.55974448, 48.33797622 ], [ 16.55974581, 48.33797592 ], [ 16.56030808, 48.33912171 ], [ 16.55858999, 48.33951792 ], [ 16.55764462, 48.33964312 ], [ 16.55764451, 48.33964318 ], [ 16.55707812, 48.33990559 ], [ 16.55556211, 48.34041313 ], [ 16.55535593, 48.3404788 ], [ 16.55531787, 48.34049671 ], [ 16.55369546, 48.34116433 ], [ 16.55126692, 48.34185981 ], [ 16.55120487, 48.34206282 ], [ 16.55094384, 48.34210977 ], [ 16.54917026, 48.34242623 ], [ 16.54780673, 48.34266977 ], [ 16.54592424, 48.34324005 ], [ 16.54592401, 48.34324009 ], [ 16.54538619, 48.3434673 ], [ 16.54538541, 48.34346751 ], [ 16.54367995, 48.34382659 ], [ 16.54296121, 48.34400775 ], [ 16.54296053, 48.3440062 ], [ 16.54160527, 48.3442762 ], [ 16.53878548, 48.34458966 ], [ 16.53496159, 48.34493261 ], [ 16.53496252, 48.34493757 ], [ 16.53496145, 48.34494357 ], [ 16.53495339, 48.34494634 ], [ 16.53494609, 48.34494749 ], [ 16.53257421, 48.34518848 ], [ 16.53255104, 48.34519202 ], [ 16.53254056, 48.34519416 ], [ 16.53249777, 48.34520777 ], [ 16.53246273, 48.34522906 ], [ 16.53243844, 48.3452562 ], [ 16.53243427, 48.34526296 ], [ 16.53242969, 48.34527225 ], [ 16.53242365, 48.34528201 ], [ 16.53241621, 48.34528533 ], [ 16.53240945, 48.34528708 ], [ 16.52884284, 48.3460126 ], [ 16.52832796, 48.34610364 ], [ 16.52821273, 48.34614077 ], [ 16.52559435, 48.34667329 ], [ 16.52557202, 48.34667907 ], [ 16.52556275, 48.34668201 ], [ 16.5255231, 48.3466998 ], [ 16.52549297, 48.34672453 ], [ 16.52547499, 48.34675405 ], [ 16.52547072, 48.34678578 ], [ 16.52548053, 48.34681696 ], [ 16.5254841, 48.34682337 ], [ 16.52549407, 48.3468379 ], [ 16.52644554, 48.34799036 ], [ 16.52645, 48.34799544 ], [ 16.52645466, 48.34800042 ], [ 16.52645953, 48.34800532 ], [ 16.52668371, 48.34821817 ], [ 16.52662809, 48.34821625 ], [ 16.52646175, 48.34816764 ], [ 16.52642918, 48.34816074 ], [ 16.52639627, 48.34815626 ], [ 16.52636226, 48.34815408 ], [ 16.52605061, 48.34815609 ], [ 16.52472888, 48.34816466 ], [ 16.52472351, 48.34816475 ], [ 16.52471814, 48.34816491 ], [ 16.52471278, 48.34816512 ], [ 16.52286923, 48.34825883 ], [ 16.52286819, 48.34825889 ], [ 16.52229619, 48.34829043 ], [ 16.52239968, 48.34795667 ], [ 16.52287016, 48.34725923 ] ] ] ] } },
{ "type": "Feature", "properties": { "ID": 30, "ZONE": "WE19", "AREA_HA": 236.225226, "COMMUNITIES": "Auersthal", "LEGALFOUNDATIONDATE": "2024-09-01T00:00:00", "LEGISLATIONCODE": "NÖ LGBl. Nr. 47/2024", "LEGISLATIONTITLE": "Sektorales Raumordnungsprogramm über die Windkraftnutzung in Niederösterreich - Änderung", "LASTUPDATE": "2024-09-03T00:00:00" }, "geometry": { "type": "Polygon", "coordinates": [ [ [ 16.6691892, 48.35931185 ], [ 16.66794736, 48.35594123 ], [ 16.66793384, 48.35589693 ], [ 16.66775295, 48.35530374 ], [ 16.66731318, 48.35386164 ], [ 16.66687076, 48.35241089 ], [ 16.66638412, 48.35241891 ], [ 16.66605385, 48.35241986 ], [ 16.66572379, 48.35241182 ], [ 16.66506447, 48.35238679 ], [ 16.66440723, 48.35234385 ], [ 16.66383306, 48.35229049 ], [ 16.66360464, 48.35228493 ], [ 16.66300433, 48.35226212 ], [ 16.66260059, 48.35223735 ], [ 16.66228808, 48.35221693 ], [ 16.66163402, 48.35215614 ], [ 16.66098424, 48.35207761 ], [ 16.66033979, 48.35198149 ], [ 16.66001903, 48.35192904 ], [ 16.65970175, 48.35186791 ], [ 16.65907121, 48.35173708 ], [ 16.65875795, 48.35166738 ], [ 16.6584492, 48.35158922 ], [ 16.65783677, 48.35142456 ], [ 16.65723493, 48.35124339 ], [ 16.65680607, 48.35109998 ], [ 16.65629781, 48.3509221 ], [ 16.65606698, 48.35083273 ], [ 16.65550284, 48.35060392 ], [ 16.65495318, 48.35035997 ], [ 16.65441891, 48.35010128 ], [ 16.65415572, 48.34996829 ], [ 16.6539009, 48.34982826 ], [ 16.65340005, 48.34954139 ], [ 16.65291718, 48.34924115 ], [ 16.65245309, 48.34892802 ], [ 16.65222583, 48.34876829 ], [ 16.65200854, 48.34860253 ], [ 16.65158429, 48.34826522 ], [ 16.65137733, 48.34809368 ], [ 16.65118104, 48.34791665 ], [ 16.65079946, 48.34755742 ], [ 16.65061417, 48.34737521 ], [ 16.65044018, 48.3471881 ], [ 16.65010381, 48.34680932 ], [ 16.6497909, 48.34642173 ], [ 16.64950197, 48.34602593 ], [ 16.6492516, 48.34564657 ], [ 16.64903744, 48.34528501 ], [ 16.64893526, 48.34510295 ], [ 16.64878667, 48.34482296 ], [ 16.64877387, 48.34479866 ], [ 16.64874846, 48.34475004 ], [ 16.64863509, 48.34451609 ], [ 16.64844649, 48.34409426 ], [ 16.64835864, 48.34388206 ], [ 16.64828385, 48.34366765 ], [ 16.64814746, 48.34323697 ], [ 16.64808585, 48.34302071 ], [ 16.64803753, 48.34280294 ], [ 16.64795425, 48.34236629 ], [ 16.64789775, 48.34192774 ], [ 16.64787239, 48.34155106 ], [ 16.64774721, 48.34157139 ], [ 16.64759278, 48.34159645 ], [ 16.646859, 48.3417157 ], [ 16.64637089, 48.34179499 ], [ 16.64616402, 48.34184843 ], [ 16.64608424, 48.34187472 ], [ 16.64521718, 48.34216049 ], [ 16.64406463, 48.34254033 ], [ 16.64187284, 48.34326263 ], [ 16.64106448, 48.343529 ], [ 16.64091692, 48.3435776 ], [ 16.63995276, 48.34389529 ], [ 16.63878756, 48.3442792 ], [ 16.63805388, 48.34452094 ], [ 16.6358196, 48.34525703 ], [ 16.63569788, 48.3452971 ], [ 16.63575934, 48.34537922 ], [ 16.63583466, 48.34547993 ], [ 16.63612197, 48.34586381 ], [ 16.63640371, 48.34624015 ], [ 16.63650025, 48.3463693 ], [ 16.63652068, 48.34639659 ], [ 16.63661515, 48.34652278 ], [ 16.63674066, 48.34669053 ], [ 16.6367616, 48.34671854 ], [ 16.63683163, 48.34681197 ], [ 16.63693592, 48.34695127 ], [ 16.63711161, 48.34718625 ], [ 16.63730252, 48.34744115 ], [ 16.63734889, 48.34750317 ], [ 16.63755191, 48.3477744 ], [ 16.63792019, 48.34826649 ], [ 16.63825293, 48.34871099 ], [ 16.63825339, 48.34871161 ], [ 16.638271, 48.34873512 ], [ 16.63832635, 48.34880917 ], [ 16.63844928, 48.34897333 ], [ 16.63882258, 48.34947209 ], [ 16.63894293, 48.34963301 ], [ 16.63900725, 48.34971882 ], [ 16.63923572, 48.35002407 ], [ 16.63932738, 48.35014631 ], [ 16.63956701, 48.35046654 ], [ 16.6398292, 48.35088439 ], [ 16.64002, 48.35118846 ], [ 16.64043753, 48.35185384 ], [ 16.64092222, 48.35269843 ], [ 16.64209187, 48.35504168 ], [ 16.64213475, 48.35512745 ], [ 16.64220676, 48.35526581 ], [ 16.64313824, 48.35725443 ], [ 16.64342602, 48.35728523 ], [ 16.64407585, 48.35736385 ], [ 16.64472033, 48.35746007 ], [ 16.64535839, 48.35757373 ], [ 16.64598896, 48.35770463 ], [ 16.64611182, 48.35773384 ], [ 16.64650478, 48.35777192 ], [ 16.64715462, 48.35785052 ], [ 16.64779911, 48.35794673 ], [ 16.64819802, 48.35801777 ], [ 16.64843838, 48.35798465 ], [ 16.64865983, 48.35795413 ], [ 16.64940511, 48.35785142 ], [ 16.6494603, 48.35784388 ], [ 16.65050503, 48.357726 ], [ 16.65155908, 48.3576539 ], [ 16.65222475, 48.35763754 ], [ 16.65254649, 48.35762964 ], [ 16.65261796, 48.35762788 ], [ 16.65367712, 48.35764807 ], [ 16.65473203, 48.35771437 ], [ 16.65577819, 48.3578265 ], [ 16.6568111, 48.35798398 ], [ 16.65782636, 48.35818614 ], [ 16.65881961, 48.35843211 ], [ 16.65978661, 48.35872083 ], [ 16.65993889, 48.35877453 ], [ 16.66025969, 48.35888764 ], [ 16.66072322, 48.35905108 ], [ 16.66162542, 48.35942145 ], [ 16.66214497, 48.35966734 ], [ 16.66248936, 48.35983033 ], [ 16.66281839, 48.36000873 ], [ 16.66283458, 48.36000557 ], [ 16.66286167, 48.36000028 ], [ 16.66322098, 48.35993046 ], [ 16.66326895, 48.35992563 ], [ 16.66344147, 48.35990825 ], [ 16.66350321, 48.35989873 ], [ 16.66393204, 48.35983249 ], [ 16.66408356, 48.35981255 ], [ 16.6657337, 48.35954634 ], [ 16.66621953, 48.35946795 ], [ 16.66621968, 48.35946794 ], [ 16.66649571, 48.35944016 ], [ 16.66668734, 48.35942091 ], [ 16.66701652, 48.35938776 ], [ 16.66718899, 48.35937045 ], [ 16.6673359, 48.3593631 ], [ 16.6677012, 48.35934478 ], [ 16.66774047, 48.3593444 ], [ 16.66833417, 48.35933882 ], [ 16.66851674, 48.35933712 ], [ 16.66872354, 48.35932771 ], [ 16.66874486, 48.35932675 ], [ 16.66919233, 48.35932132 ], [ 16.6691892, 48.35931185 ] ] ] } },
{ "type": "Feature", "properties": { "ID": 31, "ZONE": "WE20", "AREA_HA": 104.51956, "COMMUNITIES": "Gänserndorf, Prottes", "LEGALFOUNDATIONDATE": "2024-09-01T00:00:00", "LEGISLATIONCODE": "NÖ LGBl. Nr. 47/2024", "LEGISLATIONTITLE": "Sektorales Raumordnungsprogramm über die Windkraftnutzung in Niederösterreich - Änderung", "LASTUPDATE": "2024-09-03T00:00:00" }, "geometry": { "type": "Polygon", "coordinates": [ [ [ 16.72211108, 48.3693218 ], [ 16.72259763, 48.3698219 ], [ 16.72294072, 48.37017455 ], [ 16.72297614, 48.37017005 ], [ 16.7230309, 48.37016308 ], [ 16.72368431, 48.37009824 ], [ 16.72434114, 48.3700512 ], [ 16.72500031, 48.37002205 ], [ 16.72540468, 48.37001092 ], [ 16.72555335, 48.37000931 ], [ 16.72562769, 48.37000873 ], [ 16.72705474, 48.37000195 ], [ 16.72735679, 48.36999484 ], [ 16.72739646, 48.36999397 ], [ 16.72747593, 48.36999236 ], [ 16.72784609, 48.36999049 ], [ 16.72850664, 48.36999722 ], [ 16.7291662, 48.37002189 ], [ 16.72982372, 48.37006446 ], [ 16.73015184, 48.37009021 ], [ 16.73047811, 48.37012486 ], [ 16.73112824, 48.37020299 ], [ 16.73177304, 48.37029872 ], [ 16.73241145, 48.3704119 ], [ 16.7330424, 48.37054232 ], [ 16.73366485, 48.37068978 ], [ 16.73397383, 48.37076774 ], [ 16.73427776, 48.37085403 ], [ 16.7346741, 48.37097297 ], [ 16.73519586, 48.37073677 ], [ 16.73575697, 48.37050445 ], [ 16.73604109, 48.3703921 ], [ 16.73633185, 48.37028756 ], [ 16.73691951, 48.37008648 ], [ 16.73751897, 48.36990154 ], [ 16.73812927, 48.36973304 ], [ 16.738437, 48.36965294 ], [ 16.73874937, 48.36958126 ], [ 16.73937824, 48.36944646 ], [ 16.73969473, 48.36938333 ], [ 16.74001484, 48.36932885 ], [ 16.7406581, 48.36922865 ], [ 16.74130695, 48.369146 ], [ 16.74196032, 48.36908106 ], [ 16.74261712, 48.36903392 ], [ 16.74327627, 48.36900466 ], [ 16.74360312, 48.36899875 ], [ 16.7432149, 48.36887464 ], [ 16.74292251, 48.36877215 ], [ 16.74263664, 48.3686618 ], [ 16.74207192, 48.36843342 ], [ 16.74152166, 48.36818989 ], [ 16.74098676, 48.3679316 ], [ 16.74072326, 48.36779881 ], [ 16.74046812, 48.36765897 ], [ 16.74029971, 48.36756277 ], [ 16.73970133, 48.36731426 ], [ 16.73960221, 48.36727243 ], [ 16.73940495, 48.36718783 ], [ 16.73903541, 48.36701956 ], [ 16.73850054, 48.36676125 ], [ 16.73823705, 48.36662846 ], [ 16.73798192, 48.36648862 ], [ 16.73748044, 48.36620212 ], [ 16.73699692, 48.36590223 ], [ 16.73653215, 48.36558944 ], [ 16.73630456, 48.36542989 ], [ 16.73608693, 48.36526428 ], [ 16.73566199, 48.36492729 ], [ 16.73545468, 48.3647559 ], [ 16.73525803, 48.36457902 ], [ 16.73487574, 48.36422006 ], [ 16.73469009, 48.36403799 ], [ 16.73451573, 48.36385101 ], [ 16.73417863, 48.36347248 ], [ 16.73386499, 48.36308512 ], [ 16.73357531, 48.36268954 ], [ 16.73343653, 48.36248977 ], [ 16.73331009, 48.3622864 ], [ 16.73306977, 48.3618764 ], [ 16.73285476, 48.36146022 ], [ 16.73266539, 48.36103853 ], [ 16.73257717, 48.3608264 ], [ 16.73249936, 48.36060373 ], [ 16.73236049, 48.36016435 ], [ 16.73222841, 48.3597463 ], [ 16.73212051, 48.35932109 ], [ 16.73203648, 48.3588845 ], [ 16.73197925, 48.358446 ], [ 16.7319489, 48.35800629 ], [ 16.73194046, 48.35778623 ], [ 16.73194549, 48.35756612 ], [ 16.73196902, 48.35712624 ], [ 16.73199201, 48.35692624 ], [ 16.73187891, 48.35695048 ], [ 16.73124246, 48.35706803 ], [ 16.73059934, 48.35716819 ], [ 16.72995061, 48.35725077 ], [ 16.72962498, 48.35728766 ], [ 16.72928371, 48.35731662 ], [ 16.72861027, 48.35736412 ], [ 16.72814629, 48.35738788 ], [ 16.72793261, 48.35739517 ], [ 16.72768952, 48.35740783 ], [ 16.72749276, 48.35741611 ], [ 16.72727919, 48.357425 ], [ 16.72707774, 48.3574334 ], [ 16.72687565, 48.35744182 ], [ 16.72667398, 48.35745023 ], [ 16.72648072, 48.35745828 ], [ 16.72636035, 48.35746339 ], [ 16.72630918, 48.35746489 ], [ 16.72655006, 48.35798456 ], [ 16.72681641, 48.3587287 ], [ 16.72700917, 48.35948285 ], [ 16.72712752, 48.36024379 ], [ 16.72717093, 48.36100826 ], [ 16.72714317, 48.36172801 ], [ 16.7271397, 48.36176885 ], [ 16.72713576, 48.36181383 ], [ 16.72702906, 48.36257554 ], [ 16.72684784, 48.36333096 ], [ 16.72659285, 48.36407687 ], [ 16.72626519, 48.36481007 ], [ 16.72586626, 48.36552741 ], [ 16.72539776, 48.36622583 ], [ 16.7248617, 48.36690234 ], [ 16.72426037, 48.36755403 ], [ 16.72363198, 48.36814463 ], [ 16.72359635, 48.36817812 ], [ 16.72287247, 48.36877193 ], [ 16.72229226, 48.3691958 ], [ 16.72211108, 48.3693218 ] ] ] } },
{ "type": "Feature", "properties": { "ID": 27, "ZONE": "WE21", "AREA_HA": 52.682209, "COMMUNITIES": "Deutsch-Wagram, Markgrafneusiedl, Parbasdorf", "LEGALFOUNDATIONDATE": "2024-09-01T00:00:00", "LEGISLATIONCODE": "NÖ LGBl. Nr. 47/2024", "LEGISLATIONTITLE": "Sektorales Raumordnungsprogramm über die Windkraftnutzung in Niederösterreich - Änderung", "LASTUPDATE": "2024-09-03T00:00:00" }, "geometry": { "type": "Polygon", "coordinates": [ [ [ 16.60651743, 48.29930887 ], [ 16.60689308, 48.29917258 ], [ 16.60690132, 48.29917666 ], [ 16.60702419, 48.2991326 ], [ 16.60761155, 48.29893218 ], [ 16.60821065, 48.29874791 ], [ 16.60882052, 48.2985801 ], [ 16.60912803, 48.29850034 ], [ 16.60944015, 48.29842901 ], [ 16.60979471, 48.29835335 ], [ 16.60931688, 48.29819938 ], [ 16.60873379, 48.29801149 ], [ 16.60803702, 48.29778696 ], [ 16.60707345, 48.29747646 ], [ 16.60686438, 48.29740908 ], [ 16.60614572, 48.29717749 ], [ 16.60556726, 48.29699107 ], [ 16.60547854, 48.29696246 ], [ 16.60495725, 48.2962223 ], [ 16.60459574, 48.29570129 ], [ 16.60383884, 48.29446192 ], [ 16.60371282, 48.29425564 ], [ 16.60341123, 48.29379608 ], [ 16.60265811, 48.29264852 ], [ 16.60256378, 48.2925222 ], [ 16.60242871, 48.29233232 ], [ 16.60213691, 48.29196157 ], [ 16.60211229, 48.29194563 ], [ 16.60240855, 48.2916311 ], [ 16.60237717, 48.29161992 ], [ 16.60234847, 48.29160969 ], [ 16.60193819, 48.28968306 ], [ 16.60169107, 48.28976738 ], [ 16.60109204, 48.28995162 ], [ 16.60078971, 48.29003966 ], [ 16.60048224, 48.2901194 ], [ 16.59986269, 48.29027043 ], [ 16.59923443, 48.29040447 ], [ 16.59892527, 48.29046127 ], [ 16.598653, 48.2906198 ], [ 16.59813871, 48.29089542 ], [ 16.59787734, 48.29102973 ], [ 16.59760799, 48.29115681 ], [ 16.59706174, 48.29140354 ], [ 16.59678484, 48.29152318 ], [ 16.59650085, 48.29163518 ], [ 16.59592627, 48.29185137 ], [ 16.59533896, 48.29205173 ], [ 16.59496035, 48.29216814 ], [ 16.59505106, 48.29222469 ], [ 16.59528747, 48.29237823 ], [ 16.59551429, 48.29253807 ], [ 16.59595799, 48.29286378 ], [ 16.59638141, 48.29320129 ], [ 16.59678386, 48.29355005 ], [ 16.59697975, 48.29372717 ], [ 16.59716467, 48.29390948 ], [ 16.59752318, 48.29427897 ], [ 16.59785881, 48.29465789 ], [ 16.59817101, 48.29504565 ], [ 16.59845926, 48.29544158 ], [ 16.59872306, 48.29584502 ], [ 16.59896199, 48.29625531 ], [ 16.59917565, 48.29667175 ], [ 16.59928815, 48.29690871 ], [ 16.59931202, 48.29696333 ], [ 16.59932385, 48.29699067 ], [ 16.59939876, 48.29716548 ], [ 16.59950008, 48.29740178 ], [ 16.59954631, 48.29750966 ], [ 16.5995687, 48.29756164 ], [ 16.59965477, 48.29776247 ], [ 16.59973929, 48.29795968 ], [ 16.59984186, 48.29819885 ], [ 16.59988915, 48.2983092 ], [ 16.5999104, 48.29835859 ], [ 16.59992868, 48.29840179 ], [ 16.60003351, 48.2986534 ], [ 16.60006474, 48.2987219 ], [ 16.60009716, 48.29879482 ], [ 16.60012069, 48.29884917 ], [ 16.60015274, 48.2989253 ], [ 16.6002445, 48.2991495 ], [ 16.60025767, 48.29918109 ], [ 16.60034228, 48.29936594 ], [ 16.60037713, 48.29944728 ], [ 16.60042548, 48.29955987 ], [ 16.60044521, 48.29960594 ], [ 16.60056967, 48.29989609 ], [ 16.60064403, 48.30008192 ], [ 16.60078279, 48.30045523 ], [ 16.60087069, 48.30073749 ], [ 16.60089391, 48.30084113 ], [ 16.60091014, 48.30090132 ], [ 16.60216396, 48.30062162 ], [ 16.60400628, 48.30003971 ], [ 16.60400641, 48.30003967 ], [ 16.60446997, 48.29989324 ], [ 16.60447009, 48.29989321 ], [ 16.60461034, 48.2998489 ], [ 16.60559318, 48.29953844 ], [ 16.60609095, 48.29948651 ], [ 16.60611793, 48.29947458 ], [ 16.60651743, 48.29930887 ] ] ] } },
{ "type": "Feature", "properties": { "ID": 25, "ZONE": "WE22", "AREA_HA": 842.337709, "COMMUNITIES": "Gänserndorf, Glinzendorf, Leopoldsdorf im Marchfeld, Markgrafneusiedl, Obersiebenbrunn", "LEGALFOUNDATIONDATE": "2024-09-01T00:00:00", "LEGISLATIONCODE": "NÖ LGBl. Nr. 47/2024", "LEGISLATIONTITLE": "Sektorales Raumordnungsprogramm über die Windkraftnutzung in Niederösterreich - Änderung", "LASTUPDATE": "2024-09-03T00:00:00" }, "geometry": { "type": "Polygon", "coordinates": [ [ [ 16.66490439, 48.28388962 ], [ 16.66508573, 48.28350286 ], [ 16.66601691, 48.28151673 ], [ 16.66612322, 48.2812481 ], [ 16.66673009, 48.28018123 ], [ 16.66681738, 48.28007549 ], [ 16.66683263, 48.28005854 ], [ 16.66683379, 48.27917272 ], [ 16.66703453, 48.27886512 ], [ 16.66775147, 48.27767992 ], [ 16.66824332, 48.27676408 ], [ 16.66841417, 48.27638764 ], [ 16.66855829, 48.27640838 ], [ 16.66869155, 48.2765326 ], [ 16.66869165, 48.27653254 ], [ 16.66931724, 48.27683493 ], [ 16.67138917, 48.27280299 ], [ 16.67130059, 48.27255428 ], [ 16.67123856, 48.27238015 ], [ 16.67120168, 48.2722481 ], [ 16.67117796, 48.27216318 ], [ 16.67112802, 48.271945 ], [ 16.6710888, 48.27172584 ], [ 16.67106035, 48.27150595 ], [ 16.67103583, 48.27106489 ], [ 16.67104357, 48.27088289 ], [ 16.67105458, 48.2706237 ], [ 16.67108527, 48.27040596 ], [ 16.67110455, 48.27026911 ], [ 16.67111651, 48.27018428 ], [ 16.67116209, 48.26999484 ], [ 16.67122135, 48.2697485 ], [ 16.67136866, 48.26931823 ], [ 16.6715578, 48.26889532 ], [ 16.67157338, 48.26886732 ], [ 16.67178797, 48.26848157 ], [ 16.67188573, 48.2683275 ], [ 16.67234559, 48.26762712 ], [ 16.67251802, 48.26737837 ], [ 16.67252452, 48.26737017 ], [ 16.67282709, 48.26698821 ], [ 16.67317371, 48.26661239 ], [ 16.6735564, 48.2662525 ], [ 16.67397352, 48.26591009 ], [ 16.67442329, 48.26558663 ], [ 16.67490377, 48.2652835 ], [ 16.67541291, 48.26500199 ], [ 16.67594853, 48.26474332 ], [ 16.67650834, 48.26450859 ], [ 16.67708994, 48.26429881 ], [ 16.67738813, 48.26420356 ], [ 16.67769084, 48.26411487 ], [ 16.67799772, 48.26403284 ], [ 16.67830846, 48.26395756 ], [ 16.67845205, 48.26392629 ], [ 16.67865155, 48.26388695 ], [ 16.67894017, 48.26382756 ], [ 16.67903354, 48.26381164 ], [ 16.67927382, 48.26374274 ], [ 16.67928073, 48.26376999 ], [ 16.67928157, 48.26377333 ], [ 16.67925929, 48.26360997 ], [ 16.67925694, 48.26361212 ], [ 16.67920954, 48.26324535 ], [ 16.67916048, 48.26286565 ], [ 16.67916033, 48.26284427 ], [ 16.6791594, 48.26270498 ], [ 16.67915782, 48.26246857 ], [ 16.67915459, 48.26198531 ], [ 16.6792066, 48.26153591 ], [ 16.67922294, 48.26153524 ], [ 16.6792914, 48.2611101 ], [ 16.67949069, 48.26025576 ], [ 16.6794601, 48.26025694 ], [ 16.67946457, 48.26023829 ], [ 16.67977837, 48.25938324 ], [ 16.68028214, 48.2584126 ], [ 16.68036278, 48.25783956 ], [ 16.68053036, 48.2571423 ], [ 16.68076587, 48.25645385 ], [ 16.6810683, 48.25577716 ], [ 16.68143634, 48.25511512 ], [ 16.68186843, 48.25447058 ], [ 16.6823627, 48.25384629 ], [ 16.68291704, 48.25324492 ], [ 16.68352908, 48.25266904 ], [ 16.68362539, 48.25258994 ], [ 16.6839149, 48.25235216 ], [ 16.68419618, 48.25212113 ], [ 16.68486942, 48.25163669 ], [ 16.68486158, 48.25151173 ], [ 16.6848449, 48.25135764 ], [ 16.68483622, 48.25124787 ], [ 16.6848271, 48.25117797 ], [ 16.6848145, 48.25106847 ], [ 16.6848041, 48.25096432 ], [ 16.68479852, 48.25090845 ], [ 16.684784, 48.25077298 ], [ 16.68477699, 48.25070083 ], [ 16.68477151, 48.25063787 ], [ 16.68476409, 48.25056351 ], [ 16.68475175, 48.25046416 ], [ 16.68472783, 48.2502716 ], [ 16.68471063, 48.25013308 ], [ 16.68470025, 48.25004952 ], [ 16.68469151, 48.24998803 ], [ 16.6846587, 48.24974925 ], [ 16.68463193, 48.24955402 ], [ 16.68462428, 48.24949805 ], [ 16.68461485, 48.24943353 ], [ 16.68459548, 48.2493014 ], [ 16.68458915, 48.2492583 ], [ 16.68457193, 48.24914083 ], [ 16.6845628, 48.24907852 ], [ 16.68453263, 48.24893554 ], [ 16.68447335, 48.24862124 ], [ 16.68444716, 48.2484638 ], [ 16.6844302, 48.24834613 ], [ 16.68441339, 48.24822926 ], [ 16.68439671, 48.24811344 ], [ 16.68439073, 48.24807009 ], [ 16.68437929, 48.24798332 ], [ 16.68437383, 48.24793991 ], [ 16.6843599, 48.24782347 ], [ 16.68435461, 48.24777674 ], [ 16.68434464, 48.24768316 ], [ 16.68433995, 48.24763631 ], [ 16.68432904, 48.24751954 ], [ 16.68431809, 48.2474025 ], [ 16.68430798, 48.24729437 ], [ 16.68429798, 48.2471875 ], [ 16.68428713, 48.24707146 ], [ 16.68428159, 48.2470058 ], [ 16.68414213, 48.2468143 ], [ 16.68400385, 48.24661447 ], [ 16.6838779, 48.24641104 ], [ 16.68363852, 48.24600093 ], [ 16.68362765, 48.24597979 ], [ 16.68362664, 48.24598221 ], [ 16.68349818, 48.24572716 ], [ 16.68340593, 48.24552469 ], [ 16.6833983, 48.24552624 ], [ 16.68323588, 48.24516286 ], [ 16.68314806, 48.24495068 ], [ 16.68307327, 48.24473629 ], [ 16.68293685, 48.24430565 ], [ 16.68287522, 48.2440894 ], [ 16.68282684, 48.24387164 ], [ 16.68274343, 48.24343501 ], [ 16.68268914, 48.24302936 ], [ 16.68266034, 48.24265548 ], [ 16.68265079, 48.24246836 ], [ 16.68264833, 48.24237006 ], [ 16.68264608, 48.24227998 ], [ 16.68264459, 48.24222007 ], [ 16.68264101, 48.24207696 ], [ 16.68264058, 48.24205958 ], [ 16.68104284, 48.24111872 ], [ 16.67950049, 48.23991914 ], [ 16.67747611, 48.23680216 ], [ 16.67702531, 48.23582818 ], [ 16.6765865, 48.2356331 ], [ 16.67605332, 48.2353745 ], [ 16.67570543, 48.23519593 ], [ 16.67553591, 48.23510391 ], [ 16.67545163, 48.23505753 ], [ 16.67476691, 48.23467549 ], [ 16.67459976, 48.23457961 ], [ 16.67426944, 48.23438484 ], [ 16.67381175, 48.23409287 ], [ 16.67359771, 48.23394519 ], [ 16.67331554, 48.23377373 ], [ 16.6732679, 48.23374695 ], [ 16.67321725, 48.23372112 ], [ 16.67317146, 48.2336976 ], [ 16.67293019, 48.23357275 ], [ 16.67267607, 48.23344108 ], [ 16.67262091, 48.23341246 ], [ 16.67240724, 48.23338053 ], [ 16.67136681, 48.23432259 ], [ 16.66986006, 48.23549665 ], [ 16.66932372, 48.23608276 ], [ 16.66832546, 48.2369075 ], [ 16.66867302, 48.2371994 ], [ 16.66932911, 48.2377525 ], [ 16.66957738, 48.2379615 ], [ 16.67008634, 48.23838728 ], [ 16.67041796, 48.23866619 ], [ 16.67041825, 48.23867501 ], [ 16.67003434, 48.23902604 ], [ 16.66923282, 48.23975789 ], [ 16.66869282, 48.24025289 ], [ 16.6684376, 48.24048684 ], [ 16.66764889, 48.24120793 ], [ 16.66682686, 48.24196303 ], [ 16.66668918, 48.24207584 ], [ 16.66663928, 48.24210842 ], [ 16.66653353, 48.24217746 ], [ 16.66636435, 48.24226913 ], [ 16.66617959, 48.24234728 ], [ 16.66598573, 48.24241079 ], [ 16.66508433, 48.24260132 ], [ 16.6650373, 48.24261126 ], [ 16.66492654, 48.24263382 ], [ 16.66375645, 48.24287213 ], [ 16.6635971, 48.24290252 ], [ 16.66311232, 48.242995 ], [ 16.66232626, 48.24315354 ], [ 16.6619548, 48.24323715 ], [ 16.66200478, 48.24323987 ], [ 16.66186188, 48.24326809 ], [ 16.66183336, 48.24327373 ], [ 16.66180357, 48.24328818 ], [ 16.66156296, 48.24337105 ], [ 16.66153773, 48.24337968 ], [ 16.66145141, 48.24340918 ], [ 16.66097327, 48.24354897 ], [ 16.66070595, 48.24362711 ], [ 16.66062868, 48.24366306 ], [ 16.66061469, 48.24364995 ], [ 16.66041175, 48.24345706 ], [ 16.65966104, 48.24341437 ], [ 16.65799172, 48.24331943 ], [ 16.65802014, 48.24338897 ], [ 16.65817368, 48.24379561 ], [ 16.65830607, 48.24421619 ], [ 16.65841587, 48.24465022 ], [ 16.65849907, 48.24508687 ], [ 16.65855555, 48.24552543 ], [ 16.65857708, 48.24574509 ], [ 16.65858519, 48.24596516 ], [ 16.65858796, 48.24640533 ], [ 16.65857731, 48.2467059 ], [ 16.65856489, 48.24686678 ], [ 16.65855778, 48.24694719 ], [ 16.65853832, 48.24714242 ], [ 16.65852351, 48.24729102 ], [ 16.65849949, 48.24753128 ], [ 16.65847579, 48.24776238 ], [ 16.65848687, 48.24780616 ], [ 16.65857008, 48.24824281 ], [ 16.65862655, 48.24868137 ], [ 16.6586481, 48.24890103 ], [ 16.6586562, 48.2491211 ], [ 16.65865897, 48.24956127 ], [ 16.65865363, 48.24978138 ], [ 16.65863486, 48.25000116 ], [ 16.65858389, 48.25044002 ], [ 16.65850617, 48.25087712 ], [ 16.65840182, 48.25131174 ], [ 16.658271, 48.25174316 ], [ 16.65811395, 48.25217066 ], [ 16.65798445, 48.25248243 ], [ 16.65789274, 48.25268002 ], [ 16.65784547, 48.25277851 ], [ 16.65782712, 48.25281552 ], [ 16.6577704, 48.25292591 ], [ 16.65765339, 48.25314584 ], [ 16.65746979, 48.25345955 ], [ 16.65721081, 48.25386432 ], [ 16.65692731, 48.2542617 ], [ 16.65661977, 48.25465103 ], [ 16.65630878, 48.25501049 ], [ 16.65599729, 48.25534052 ], [ 16.65566039, 48.25566983 ], [ 16.65562653, 48.25570043 ], [ 16.65559455, 48.25573283 ], [ 16.65552304, 48.25580352 ], [ 16.65538884, 48.2559741 ], [ 16.65511152, 48.25629876 ], [ 16.6548842, 48.25654468 ], [ 16.65476806, 48.25666664 ], [ 16.6545294, 48.25691 ], [ 16.65446668, 48.25697298 ], [ 16.65433994, 48.25709834 ], [ 16.65408216, 48.25733883 ], [ 16.65368394, 48.2576896 ], [ 16.65326463, 48.25802923 ], [ 16.65282491, 48.25835716 ], [ 16.65279429, 48.25837908 ], [ 16.65285886, 48.25858325 ], [ 16.65296864, 48.25901728 ], [ 16.65304179, 48.25940125 ], [ 16.65321094, 48.25963334 ], [ 16.653475, 48.26003666 ], [ 16.65371419, 48.26044684 ], [ 16.65392814, 48.26086318 ], [ 16.65402876, 48.26107282 ], [ 16.65411648, 48.26128501 ], [ 16.6542789, 48.26171162 ], [ 16.65441513, 48.26214229 ], [ 16.65452493, 48.26257632 ], [ 16.65460814, 48.26301297 ], [ 16.6546646, 48.26345153 ], [ 16.65468613, 48.2636712 ], [ 16.65469422, 48.26389127 ], [ 16.65469555, 48.26410548 ], [ 16.65469934, 48.26413491 ], [ 16.65472087, 48.26435458 ], [ 16.65472897, 48.26457465 ], [ 16.6547317, 48.26501482 ], [ 16.65472635, 48.26523493 ], [ 16.65470755, 48.2654547 ], [ 16.65465654, 48.26589356 ], [ 16.65457876, 48.26633066 ], [ 16.65447434, 48.26676528 ], [ 16.65434345, 48.26719669 ], [ 16.65418632, 48.26762418 ], [ 16.65410122, 48.26783685 ], [ 16.65400319, 48.26804704 ], [ 16.65379438, 48.26846455 ], [ 16.65356023, 48.26887603 ], [ 16.65341457, 48.26910359 ], [ 16.65341295, 48.26917009 ], [ 16.65339414, 48.26938987 ], [ 16.65334312, 48.26982872 ], [ 16.65333331, 48.26988384 ], [ 16.65344406, 48.27007785 ], [ 16.65355081, 48.27028478 ], [ 16.65364744, 48.27049392 ], [ 16.65373386, 48.27070503 ], [ 16.65380997, 48.27091791 ], [ 16.6538757, 48.27113232 ], [ 16.65393097, 48.27134805 ], [ 16.65397573, 48.27156486 ], [ 16.65400994, 48.27178252 ], [ 16.65403354, 48.27200081 ], [ 16.65404653, 48.27221949 ], [ 16.65404887, 48.27243834 ], [ 16.65404059, 48.27265713 ], [ 16.65402167, 48.27287563 ], [ 16.65399214, 48.27309359 ], [ 16.65395204, 48.27331081 ], [ 16.6539014, 48.27352704 ], [ 16.65384028, 48.27374206 ], [ 16.65376874, 48.27395564 ], [ 16.65368685, 48.27416756 ], [ 16.65359471, 48.2743776 ], [ 16.65349241, 48.27458553 ], [ 16.65338005, 48.27479113 ], [ 16.65325776, 48.27499419 ], [ 16.65312567, 48.2751945 ], [ 16.6529839, 48.27539184 ], [ 16.65283262, 48.27558601 ], [ 16.65267198, 48.27577679 ], [ 16.65250215, 48.275964 ], [ 16.65232331, 48.27614743 ], [ 16.65213565, 48.27632689 ], [ 16.65193937, 48.27650219 ], [ 16.65173466, 48.27667315 ], [ 16.65152175, 48.27683958 ], [ 16.65130087, 48.27700132 ], [ 16.65107223, 48.27715819 ], [ 16.65083609, 48.27731002 ], [ 16.6505927, 48.27745665 ], [ 16.6503423, 48.27759794 ], [ 16.65008517, 48.27773373 ], [ 16.64999125, 48.2777801 ], [ 16.65011068, 48.2779359 ], [ 16.64969035, 48.27806153 ], [ 16.64943533, 48.27813774 ], [ 16.6492345, 48.27819777 ], [ 16.64896292, 48.27827893 ], [ 16.64896964, 48.27830752 ], [ 16.64898036, 48.27832338 ], [ 16.64963726, 48.28118113 ], [ 16.6483319, 48.28157281 ], [ 16.64817258, 48.28162063 ], [ 16.64730856, 48.28187992 ], [ 16.64731559, 48.28190562 ], [ 16.64747535, 48.28260302 ], [ 16.6479703, 48.28476363 ], [ 16.64600849, 48.28510996 ], [ 16.6461376, 48.2855804 ], [ 16.64809432, 48.28530477 ], [ 16.64884556, 48.28857374 ], [ 16.6488565, 48.28862133 ], [ 16.64826641, 48.28879973 ], [ 16.64788628, 48.28891469 ], [ 16.64783528, 48.2889301 ], [ 16.64791648, 48.28895914 ], [ 16.64932454, 48.29038983 ], [ 16.64970192, 48.29005558 ], [ 16.64991719, 48.2898732 ], [ 16.65034418, 48.28952705 ], [ 16.65056315, 48.28935688 ], [ 16.65078817, 48.28919591 ], [ 16.65124784, 48.28888024 ], [ 16.65172641, 48.28857735 ], [ 16.65191264, 48.28846876 ], [ 16.65229724, 48.28824624 ], [ 16.65247587, 48.2881463 ], [ 16.65273707, 48.28801186 ], [ 16.65326747, 48.28775022 ], [ 16.65336122, 48.28770781 ], [ 16.65387039, 48.28734198 ], [ 16.65463967, 48.28685711 ], [ 16.65545482, 48.28640684 ], [ 16.65631233, 48.28599312 ], [ 16.65720853, 48.28561771 ], [ 16.6581396, 48.28528221 ], [ 16.65890595, 48.28504787 ], [ 16.65787925, 48.28390306 ], [ 16.6580977, 48.28382264 ], [ 16.65972953, 48.28378377 ], [ 16.66152049, 48.28381561 ], [ 16.66490439, 48.28388962 ] ] ] } },
{ "type": "Feature", "properties": { "ID": 56, "ZONE": "WE23", "AREA_HA": 397.555222, "COMMUNITIES": "Gänserndorf, Obersiebenbrunn, Untersiebenbrunn", "LEGALFOUNDATIONDATE": "2024-09-01T00:00:00", "LEGISLATIONCODE": "NÖ LGBl. Nr. 47/2024", "LEGISLATIONTITLE": "Sektorales Raumordnungsprogramm über die Windkraftnutzung in Niederösterreich - Änderung", "LASTUPDATE": "2024-09-03T00:00:00" }, "geometry": { "type": "MultiPolygon", "coordinates": [ [ [ [ 16.74750438, 48.27371185 ], [ 16.74746416, 48.273502 ], [ 16.74743382, 48.27329141 ], [ 16.74741339, 48.2730803 ], [ 16.74740289, 48.27286886 ], [ 16.74735535, 48.27288166 ], [ 16.74647383, 48.27309942 ], [ 16.74602833, 48.27319974 ], [ 16.74557484, 48.27328259 ], [ 16.7446614, 48.27343054 ], [ 16.74420145, 48.27349565 ], [ 16.7437366, 48.27354279 ], [ 16.7428036, 48.27361894 ], [ 16.74233545, 48.27364795 ], [ 16.74186555, 48.27365874 ], [ 16.74092561, 48.27366205 ], [ 16.74045557, 48.27365458 ], [ 16.73998698, 48.27362887 ], [ 16.73942406, 48.27358695 ], [ 16.74006542, 48.27402242 ], [ 16.74012041, 48.27405928 ], [ 16.74023295, 48.2741346 ], [ 16.74195514, 48.27528721 ], [ 16.7419864, 48.27530436 ], [ 16.74203281, 48.27532992 ], [ 16.74393007, 48.27653134 ], [ 16.74471418, 48.27704021 ], [ 16.74590104, 48.27777275 ], [ 16.74656478, 48.27822049 ], [ 16.7466263, 48.27826079 ], [ 16.7469343, 48.27845676 ], [ 16.74696445, 48.27843809 ], [ 16.74718094, 48.27830621 ], [ 16.7474816, 48.27812307 ], [ 16.74756629, 48.27807148 ], [ 16.74784328, 48.27790276 ], [ 16.74784512, 48.2779026 ], [ 16.74786686, 48.2779002 ], [ 16.74788833, 48.27789687 ], [ 16.74790941, 48.2778926 ], [ 16.74793003, 48.27788741 ], [ 16.74795012, 48.27788135 ], [ 16.74796957, 48.27787441 ], [ 16.74798829, 48.27786664 ], [ 16.74800619, 48.27785807 ], [ 16.74802322, 48.27784873 ], [ 16.74803932, 48.27783867 ], [ 16.74805161, 48.27783002 ], [ 16.74824295, 48.27768796 ], [ 16.74819265, 48.27756366 ], [ 16.74732455, 48.27541842 ], [ 16.74739198, 48.27418309 ], [ 16.74739955, 48.27404443 ], [ 16.74751797, 48.27376855 ], [ 16.74750438, 48.27371185 ] ] ], [ [ [ 16.70074816, 48.29048805 ], [ 16.70098468, 48.29040298 ], [ 16.70099113, 48.29041096 ], [ 16.70182885, 48.29012666 ], [ 16.70189449, 48.29010597 ], [ 16.70189082, 48.2901008 ], [ 16.70222408, 48.28999795 ], [ 16.70283354, 48.28982963 ], [ 16.70314085, 48.28974962 ], [ 16.70345278, 48.28967805 ], [ 16.70408076, 48.28954344 ], [ 16.70439681, 48.2894804 ], [ 16.70471646, 48.28942603 ], [ 16.70485271, 48.28940481 ], [ 16.70524241, 48.28934414 ], [ 16.70535879, 48.28932602 ], [ 16.70600668, 48.28924357 ], [ 16.70665908, 48.28917883 ], [ 16.70691665, 48.28915897 ], [ 16.70691893, 48.28914953 ], [ 16.70698056, 48.28915404 ], [ 16.70718242, 48.28913847 ], [ 16.70757511, 48.28911681 ], [ 16.70777166, 48.28910757 ], [ 16.70782751, 48.28910541 ], [ 16.70796017, 48.28910099 ], [ 16.70822561, 48.2890936 ], [ 16.70868826, 48.28908956 ], [ 16.70934775, 48.2890964 ], [ 16.71000626, 48.28912119 ], [ 16.71066273, 48.28916387 ], [ 16.71099032, 48.28918968 ], [ 16.71131606, 48.28922438 ], [ 16.71196514, 48.28930263 ], [ 16.71260888, 48.28939847 ], [ 16.71324624, 48.28951175 ], [ 16.71387615, 48.28964229 ], [ 16.71449756, 48.28978985 ], [ 16.71480601, 48.28986787 ], [ 16.71510944, 48.28995421 ], [ 16.71571077, 48.29013508 ], [ 16.71605185, 48.29024415 ], [ 16.71613808, 48.2902734 ], [ 16.71618113, 48.29028811 ], [ 16.71622123, 48.29030191 ], [ 16.71646912, 48.29039092 ], [ 16.71666936, 48.29046584 ], [ 16.71669504, 48.29044463 ], [ 16.71682744, 48.290241 ], [ 16.71746268, 48.28969987 ], [ 16.71773151, 48.2894958 ], [ 16.71800036, 48.28929368 ], [ 16.71885157, 48.28849848 ], [ 16.71808714, 48.28800291 ], [ 16.71711041, 48.28740809 ], [ 16.71670311, 48.28710564 ], [ 16.71600852, 48.28665532 ], [ 16.71596783, 48.28662893 ], [ 16.71604964, 48.28657076 ], [ 16.71612479, 48.28646595 ], [ 16.71640805, 48.28631594 ], [ 16.71669018, 48.28611534 ], [ 16.71678497, 48.28617647 ], [ 16.71703333, 48.2862162 ], [ 16.71733937, 48.28637285 ], [ 16.71809521, 48.28631441 ], [ 16.71787482, 48.28607108 ], [ 16.71772944, 48.28597763 ], [ 16.71769731, 48.28594499 ], [ 16.71759537, 48.28584141 ], [ 16.71761681, 48.28582393 ], [ 16.71766514, 48.28578948 ], [ 16.71777684, 48.28584461 ], [ 16.71783729, 48.28572032 ], [ 16.71814163, 48.28576259 ], [ 16.71854873, 48.28614513 ], [ 16.71895856, 48.28613638 ], [ 16.719046, 48.28605408 ], [ 16.71915066, 48.2859681 ], [ 16.71940521, 48.28579554 ], [ 16.71954097, 48.28572042 ], [ 16.7196838, 48.28565139 ], [ 16.71971074, 48.2856394 ], [ 16.72272881, 48.28431379 ], [ 16.72302714, 48.28418275 ], [ 16.72325882, 48.28408098 ], [ 16.72338116, 48.28403032 ], [ 16.72342282, 48.2840144 ], [ 16.72667892, 48.28279635 ], [ 16.7258375, 48.28229235 ], [ 16.72561339, 48.28241289 ], [ 16.7253524, 48.28254749 ], [ 16.72508341, 48.28267487 ], [ 16.72453787, 48.2829222 ], [ 16.72426131, 48.28304214 ], [ 16.72397765, 48.28315447 ], [ 16.72340371, 48.28337128 ], [ 16.72281699, 48.28357229 ], [ 16.72230451, 48.28373059 ], [ 16.72196275, 48.28383196 ], [ 16.72191639, 48.28384552 ], [ 16.72160915, 48.28392558 ], [ 16.72099004, 48.28407726 ], [ 16.72036217, 48.28421196 ], [ 16.71972659, 48.28432946 ], [ 16.71908436, 48.28442955 ], [ 16.71843654, 48.28451207 ], [ 16.71811136, 48.28454892 ], [ 16.71778419, 48.28457688 ], [ 16.71746663, 48.28459964 ], [ 16.71697501, 48.28463066 ], [ 16.71647039, 48.28465297 ], [ 16.71581108, 48.28466413 ], [ 16.71548125, 48.28466522 ], [ 16.71515163, 48.28465733 ], [ 16.71449315, 48.28463258 ], [ 16.71383675, 48.28458991 ], [ 16.71318349, 48.28452941 ], [ 16.71262744, 48.28446238 ], [ 16.71254114, 48.2844497 ], [ 16.71188011, 48.28434742 ], [ 16.71187808, 48.28435326 ], [ 16.71157041, 48.28430303 ], [ 16.71125349, 48.28424204 ], [ 16.71062365, 48.28411149 ], [ 16.71035328, 48.28405139 ], [ 16.71006648, 48.28403592 ], [ 16.70933647, 48.2839854 ], [ 16.70840922, 48.28388631 ], [ 16.7079185, 48.28381694 ], [ 16.70726013, 48.28371672 ], [ 16.70624616, 48.283515 ], [ 16.70525414, 48.28326943 ], [ 16.70428831, 48.28298108 ], [ 16.70335282, 48.28265117 ], [ 16.70245167, 48.28228113 ], [ 16.70158873, 48.28187254 ], [ 16.70076769, 48.28142715 ], [ 16.69999206, 48.28094686 ], [ 16.69926517, 48.28043373 ], [ 16.69859013, 48.27988997 ], [ 16.69796983, 48.2793179 ], [ 16.69740693, 48.27871998 ], [ 16.69737078, 48.27867842 ], [ 16.69694591, 48.2781875 ], [ 16.69664201, 48.27781023 ], [ 16.69599427, 48.27688978 ], [ 16.69566055, 48.27630622 ], [ 16.69534872, 48.27563141 ], [ 16.69510368, 48.27494443 ], [ 16.69509425, 48.27490741 ], [ 16.69494219, 48.27488035 ], [ 16.69377271, 48.27460232 ], [ 16.69369984, 48.274585 ], [ 16.69249771, 48.27422302 ], [ 16.69232062, 48.27415635 ], [ 16.69229176, 48.27414549 ], [ 16.69211877, 48.27408037 ], [ 16.69197755, 48.27429191 ], [ 16.69183106, 48.27450161 ], [ 16.69168135, 48.27469841 ], [ 16.69152209, 48.27489182 ], [ 16.69135342, 48.27508166 ], [ 16.69117554, 48.2752677 ], [ 16.69079291, 48.27562765 ], [ 16.69058856, 48.27580116 ], [ 16.69037582, 48.27597012 ], [ 16.69015491, 48.27613434 ], [ 16.68992606, 48.27629364 ], [ 16.68968953, 48.27644786 ], [ 16.68944557, 48.27659684 ], [ 16.68919443, 48.2767404 ], [ 16.68900038, 48.27684418 ], [ 16.68893639, 48.2768784 ], [ 16.68863135, 48.27702573 ], [ 16.68863616, 48.27702728 ], [ 16.6884762, 48.27710067 ], [ 16.68835433, 48.27715658 ], [ 16.68784082, 48.27737192 ], [ 16.68725912, 48.27758176 ], [ 16.6866581, 48.27776574 ], [ 16.68604034, 48.2779231 ], [ 16.68540847, 48.27805314 ], [ 16.68476522, 48.27815532 ], [ 16.68382143, 48.27824474 ], [ 16.68381226, 48.27825323 ], [ 16.68378501, 48.27825541 ], [ 16.68355439, 48.27826873 ], [ 16.68345559, 48.27827444 ], [ 16.68341937, 48.27827534 ], [ 16.68293009, 48.27828751 ], [ 16.68279483, 48.27829088 ], [ 16.68213388, 48.27827843 ], [ 16.68147556, 48.27823714 ], [ 16.68138168, 48.27822709 ], [ 16.68082269, 48.27816721 ], [ 16.68075725, 48.27815723 ], [ 16.68017808, 48.27806891 ], [ 16.68016214, 48.27806582 ], [ 16.67969433, 48.27797507 ], [ 16.67968497, 48.27797235 ], [ 16.67944488, 48.27790255 ], [ 16.67941547, 48.27792577 ], [ 16.67940427, 48.27792389 ], [ 16.6790783, 48.27785895 ], [ 16.67880711, 48.27780492 ], [ 16.67859253, 48.27775574 ], [ 16.67849146, 48.27773158 ], [ 16.67848176, 48.27772926 ], [ 16.67833507, 48.27769409 ], [ 16.67797065, 48.2776007 ], [ 16.67787778, 48.27757516 ], [ 16.677479, 48.2774587 ], [ 16.67714351, 48.27735421 ], [ 16.67698734, 48.27730447 ], [ 16.67676714, 48.27722675 ], [ 16.67641586, 48.27710275 ], [ 16.67640283, 48.27709814 ], [ 16.67583979, 48.27686674 ], [ 16.67530064, 48.27661124 ], [ 16.67490832, 48.27639825 ], [ 16.67463969, 48.27624105 ], [ 16.67439502, 48.27607749 ], [ 16.67391256, 48.27571218 ], [ 16.67310244, 48.27509876 ], [ 16.67297272, 48.27500054 ], [ 16.67295246, 48.274988 ], [ 16.67294654, 48.27498234 ], [ 16.67294946, 48.27497906 ], [ 16.67276311, 48.27480707 ], [ 16.6724115, 48.27443328 ], [ 16.67209728, 48.27404495 ], [ 16.67182179, 48.27364373 ], [ 16.67169893, 48.27343882 ], [ 16.67158619, 48.27323134 ], [ 16.6713915, 48.27280954 ], [ 16.67138917, 48.27280299 ], [ 16.66931724, 48.27683493 ], [ 16.66957012, 48.27695716 ], [ 16.66958832, 48.27703693 ], [ 16.66979014, 48.27712543 ], [ 16.67063421, 48.27743801 ], [ 16.67201717, 48.27813066 ], [ 16.67201717, 48.27813073 ], [ 16.6720748, 48.27813056 ], [ 16.67226233, 48.27821421 ], [ 16.67174805, 48.27884215 ], [ 16.67088422, 48.27961614 ], [ 16.67064947, 48.27977448 ], [ 16.67013008, 48.28029262 ], [ 16.67012968, 48.28029298 ], [ 16.66913782, 48.28113128 ], [ 16.66900862, 48.28099416 ], [ 16.66887136, 48.28099455 ], [ 16.66882248, 48.28111807 ], [ 16.66860265, 48.2812418 ], [ 16.6675676, 48.28252602 ], [ 16.66653523, 48.28406346 ], [ 16.66696236, 48.28404476 ], [ 16.66729186, 48.28403483 ], [ 16.66762169, 48.28403388 ], [ 16.66828112, 48.28404096 ], [ 16.66893954, 48.28406598 ], [ 16.66959591, 48.28410889 ], [ 16.66992345, 48.28413482 ], [ 16.67024913, 48.28416964 ], [ 16.67089808, 48.28424812 ], [ 16.67154168, 48.28434419 ], [ 16.6719936, 48.28442469 ], [ 16.6719933, 48.28437896 ], [ 16.67232173, 48.28448736 ], [ 16.67280863, 48.28458846 ], [ 16.67342987, 48.28473625 ], [ 16.67373823, 48.28481438 ], [ 16.67404155, 48.28490083 ], [ 16.67464268, 48.28508192 ], [ 16.67523224, 48.28527921 ], [ 16.67580926, 48.28549239 ], [ 16.67609452, 48.28560291 ], [ 16.67637278, 48.2857211 ], [ 16.67692185, 48.28596496 ], [ 16.67732065, 48.28615393 ], [ 16.67757471, 48.28628221 ], [ 16.6777008, 48.28634718 ], [ 16.67825097, 48.2866365 ], [ 16.67840127, 48.2867175 ], [ 16.67869892, 48.28688186 ], [ 16.67884627, 48.28696523 ], [ 16.67907164, 48.28709586 ], [ 16.6791071, 48.28711653 ], [ 16.67917782, 48.28715801 ], [ 16.67921308, 48.28717881 ], [ 16.67948143, 48.28733804 ], [ 16.67972174, 48.28748656 ], [ 16.6797345, 48.28749477 ], [ 16.67973682, 48.28749215 ], [ 16.67976886, 48.28751185 ], [ 16.6799404, 48.2876221 ], [ 16.68005425, 48.28769746 ], [ 16.68005252, 48.28769945 ], [ 16.68019315, 48.28778996 ], [ 16.68042424, 48.28794484 ], [ 16.68067453, 48.28811955 ], [ 16.68073488, 48.28816197 ], [ 16.6807832, 48.28819617 ], [ 16.68084187, 48.28823816 ], [ 16.68095858, 48.28832257 ], [ 16.68101661, 48.288365 ], [ 16.68104482, 48.28838585 ], [ 16.68107603, 48.28840905 ], [ 16.68113814, 48.28845549 ], [ 16.68116905, 48.28847873 ], [ 16.68182304, 48.2889638 ], [ 16.68205787, 48.28891431 ], [ 16.68237141, 48.28885558 ], [ 16.68268378, 48.2887913 ], [ 16.6829991, 48.28873379 ], [ 16.68331704, 48.28868312 ], [ 16.68363727, 48.28863933 ], [ 16.68395945, 48.28860247 ], [ 16.68428325, 48.28857259 ], [ 16.68460833, 48.28854971 ], [ 16.68493435, 48.28853386 ], [ 16.68526096, 48.28852505 ], [ 16.68558783, 48.28852329 ], [ 16.68591462, 48.28852859 ], [ 16.68624097, 48.28854094 ], [ 16.68656656, 48.28856032 ], [ 16.68689104, 48.28858672 ], [ 16.68721407, 48.28862011 ], [ 16.68753531, 48.28866045 ], [ 16.68785443, 48.2887077 ], [ 16.6881711, 48.28876182 ], [ 16.68848498, 48.28882274 ], [ 16.68879574, 48.2888904 ], [ 16.68885581, 48.28890492 ], [ 16.68913912, 48.28895438 ], [ 16.68945454, 48.28901683 ], [ 16.68976675, 48.28908609 ], [ 16.68987934, 48.28911382 ], [ 16.69034417, 48.28919634 ], [ 16.6909288, 48.28866631 ], [ 16.69267231, 48.2894641 ], [ 16.6934999, 48.28990022 ], [ 16.69585219, 48.29156672 ], [ 16.69686018, 48.29253138 ], [ 16.69730085, 48.29222841 ], [ 16.69777918, 48.29192533 ], [ 16.69827564, 48.29163551 ], [ 16.69875474, 48.29137666 ], [ 16.69921371, 48.29114744 ], [ 16.69944623, 48.29103555 ], [ 16.6994849, 48.29101762 ], [ 16.69952049, 48.29100122 ], [ 16.69959172, 48.29096859 ], [ 16.699904, 48.29083247 ], [ 16.70033594, 48.29065353 ], [ 16.70067662, 48.29051636 ], [ 16.70074816, 48.29048805 ] ] ] ] } },
{ "type": "Feature", "properties": { "ID": 23, "ZONE": "WE25", "AREA_HA": 549.332355, "COMMUNITIES": "Aderklaa, Deutsch-Wagram, Glinzendorf, Großhofen, Parbasdorf, Raasdorf", "LEGALFOUNDATIONDATE": "2024-09-01T00:00:00", "LEGISLATIONCODE": "NÖ LGBl. Nr. 47/2024", "LEGISLATIONTITLE": "Sektorales Raumordnungsprogramm über die Windkraftnutzung in Niederösterreich - Änderung", "LASTUPDATE": "2024-09-03T00:00:00" }, "geometry": { "type": "MultiPolygon", "coordinates": [ [ [ [ 16.56832651, 48.27779313 ], [ 16.56835083, 48.27736366 ], [ 16.56827152, 48.27743643 ], [ 16.56538102, 48.28008827 ], [ 16.56596651, 48.28015963 ], [ 16.56660986, 48.28025629 ], [ 16.56724679, 48.28037038 ], [ 16.56787621, 48.28050172 ], [ 16.5684971, 48.28065007 ], [ 16.56880528, 48.28072848 ], [ 16.56886295, 48.28074498 ], [ 16.56881467, 48.28062773 ], [ 16.56874031, 48.28041326 ], [ 16.56860475, 48.27998249 ], [ 16.56854356, 48.27976618 ], [ 16.56849563, 48.27954837 ], [ 16.56841314, 48.27911165 ], [ 16.5683574, 48.27867307 ], [ 16.56832851, 48.27823331 ], [ 16.56832078, 48.27801323 ], [ 16.56832651, 48.27779313 ] ] ], [ [ [ 16.55040607, 48.2721177 ], [ 16.55025323, 48.27165781 ], [ 16.54987265, 48.27185543 ], [ 16.54985885, 48.27186267 ], [ 16.54690756, 48.27341018 ], [ 16.54510261, 48.27382809 ], [ 16.54524416, 48.27386219 ], [ 16.5456816, 48.27397728 ], [ 16.54576205, 48.27400214 ], [ 16.54610828, 48.27410915 ], [ 16.54667479, 48.27429778 ], [ 16.54685931, 48.27435922 ], [ 16.54694942, 48.27438923 ], [ 16.54736388, 48.27453743 ], [ 16.54776474, 48.27470146 ], [ 16.54855151, 48.27504482 ], [ 16.54893742, 48.27522414 ], [ 16.54930705, 48.27541813 ], [ 16.5500288, 48.27582012 ], [ 16.55038093, 48.27602813 ], [ 16.55050975, 48.27611061 ], [ 16.55076465, 48.27627746 ], [ 16.55089072, 48.27636182 ], [ 16.55103191, 48.27645841 ], [ 16.55123185, 48.27660023 ], [ 16.55162394, 48.27688858 ], [ 16.55181609, 48.27703513 ], [ 16.55206359, 48.27724286 ], [ 16.55208487, 48.27726073 ], [ 16.55204168, 48.27699536 ], [ 16.55174702, 48.27603024 ], [ 16.55173516, 48.27598604 ], [ 16.55137515, 48.2746433 ], [ 16.55134832, 48.27454317 ], [ 16.55110153, 48.27393525 ], [ 16.55103386, 48.27376568 ], [ 16.55081513, 48.27323019 ], [ 16.55040607, 48.2721177 ] ] ], [ [ [ 16.5590132, 48.26632353 ], [ 16.55672501, 48.2636789 ], [ 16.55655319, 48.26386458 ], [ 16.55593959, 48.26443977 ], [ 16.55527095, 48.26498694 ], [ 16.55524047, 48.26500879 ], [ 16.55519006, 48.26536082 ], [ 16.55502075, 48.2660579 ], [ 16.5547835, 48.26674609 ], [ 16.55449309, 48.26739188 ], [ 16.55528649, 48.26830889 ], [ 16.55567132, 48.26875367 ], [ 16.56064333, 48.27449938 ], [ 16.55525563, 48.27944122 ], [ 16.55532165, 48.27952454 ], [ 16.55558698, 48.27989239 ], [ 16.55585037, 48.28029593 ], [ 16.55608888, 48.28070631 ], [ 16.55617435, 48.28087325 ], [ 16.55628101, 48.28084049 ], [ 16.55689084, 48.28067295 ], [ 16.55719832, 48.28059333 ], [ 16.55751041, 48.28052215 ], [ 16.55813867, 48.28038833 ], [ 16.55845484, 48.2803257 ], [ 16.55877459, 48.28027173 ], [ 16.55941709, 48.28017254 ], [ 16.5600651, 48.28009091 ], [ 16.56041697, 48.28005644 ], [ 16.56445598, 48.27635131 ], [ 16.56473373, 48.27606511 ], [ 16.56507886, 48.27556717 ], [ 16.56528922, 48.27503678 ], [ 16.56535841, 48.27449007 ], [ 16.56528433, 48.27394365 ], [ 16.56506924, 48.27341411 ], [ 16.56472592, 48.27292474 ], [ 16.56419605, 48.27231255 ], [ 16.56065646, 48.26822257 ], [ 16.5590132, 48.26632353 ] ] ], [ [ [ 16.60189668, 48.26286706 ], [ 16.60188768, 48.26284952 ], [ 16.60174461, 48.2625705 ], [ 16.6015567, 48.26214858 ], [ 16.60146919, 48.26193635 ], [ 16.60142457, 48.26180786 ], [ 16.60128829, 48.26150188 ], [ 16.60120078, 48.26128964 ], [ 16.60112631, 48.2610752 ], [ 16.60099054, 48.26064446 ], [ 16.60092923, 48.26042816 ], [ 16.60088119, 48.26021037 ], [ 16.60079845, 48.25977368 ], [ 16.60074245, 48.2593351 ], [ 16.6007133, 48.25889536 ], [ 16.60070581, 48.25860139 ], [ 16.60070808, 48.25845364 ], [ 16.60070997, 48.25837978 ], [ 16.60072885, 48.25785315 ], [ 16.60073706, 48.25770699 ], [ 16.60075941, 48.25741487 ], [ 16.60080598, 48.25704985 ], [ 16.60088421, 48.25661279 ], [ 16.60093, 48.25639478 ], [ 16.60098906, 48.25617821 ], [ 16.60112037, 48.25574685 ], [ 16.60119261, 48.25553207 ], [ 16.60127791, 48.25531943 ], [ 16.60146143, 48.25489666 ], [ 16.60167061, 48.25447924 ], [ 16.60190511, 48.25406786 ], [ 16.60202864, 48.25386377 ], [ 16.60216454, 48.2536632 ], [ 16.60244846, 48.25326596 ], [ 16.60275639, 48.25287679 ], [ 16.60308784, 48.25249632 ], [ 16.60325938, 48.25230834 ], [ 16.60344225, 48.25212519 ], [ 16.60381902, 48.25176403 ], [ 16.60401293, 48.25158601 ], [ 16.60421754, 48.25141342 ], [ 16.60463713, 48.25107396 ], [ 16.60485211, 48.2509071 ], [ 16.6050771, 48.25074622 ], [ 16.60553671, 48.25043073 ], [ 16.60601519, 48.25012802 ], [ 16.60651177, 48.2498386 ], [ 16.60676448, 48.24969727 ], [ 16.60702561, 48.24956294 ], [ 16.60755584, 48.24930151 ], [ 16.60796801, 48.24911513 ], [ 16.60818202, 48.24896144 ], [ 16.60895117, 48.24847687 ], [ 16.60976611, 48.24802693 ], [ 16.61062335, 48.24761354 ], [ 16.61151922, 48.24723848 ], [ 16.61237047, 48.24692993 ], [ 16.61279469, 48.24678698 ], [ 16.6128741, 48.2467604 ], [ 16.61383558, 48.24646663 ], [ 16.61390093, 48.24644848 ], [ 16.61445008, 48.24629688 ], [ 16.6153729, 48.24606388 ], [ 16.61638354, 48.24585642 ], [ 16.61741232, 48.24569355 ], [ 16.61845484, 48.24557596 ], [ 16.61950663, 48.24550415 ], [ 16.62023798, 48.24550126 ], [ 16.6202313, 48.2454011 ], [ 16.62022336, 48.24518102 ], [ 16.62022886, 48.24496091 ], [ 16.6202533, 48.24452104 ], [ 16.62030459, 48.24408221 ], [ 16.62038262, 48.24364513 ], [ 16.62044807, 48.24334877 ], [ 16.6204893, 48.24319231 ], [ 16.62051077, 48.24311419 ], [ 16.62054807, 48.2429839 ], [ 16.62058414, 48.24239518 ], [ 16.62059163, 48.24229548 ], [ 16.62060937, 48.24209621 ], [ 16.62065196, 48.24177758 ], [ 16.62072999, 48.2413405 ], [ 16.62076048, 48.24119502 ], [ 16.61818445, 48.24104757 ], [ 16.61459675, 48.24084217 ], [ 16.61452501, 48.24083806 ], [ 16.61449374, 48.24083627 ], [ 16.61452081, 48.24087053 ], [ 16.61454588, 48.2409024 ], [ 16.61446867, 48.24086292 ], [ 16.6142861, 48.24083783 ], [ 16.6142155, 48.24083393 ], [ 16.61422408, 48.24088237 ], [ 16.61306774, 48.24082124 ], [ 16.61290549, 48.24086553 ], [ 16.61273171, 48.24089275 ], [ 16.61160533, 48.24083079 ], [ 16.60979562, 48.24072739 ], [ 16.60859114, 48.24065856 ], [ 16.60851975, 48.24058072 ], [ 16.6055044, 48.24042116 ], [ 16.60334063, 48.24021982 ], [ 16.60288013, 48.24019457 ], [ 16.60231309, 48.24017916 ], [ 16.6016556, 48.24032163 ], [ 16.60137913, 48.24030661 ], [ 16.60021974, 48.24024363 ], [ 16.59970511, 48.24021567 ], [ 16.59978551, 48.24036889 ], [ 16.59988408, 48.24057835 ], [ 16.59997239, 48.24078985 ], [ 16.60005036, 48.24100315 ], [ 16.60011788, 48.24121804 ], [ 16.6001749, 48.24143428 ], [ 16.60022136, 48.24165165 ], [ 16.6002572, 48.24186991 ], [ 16.60028238, 48.24208884 ], [ 16.60029688, 48.24230819 ], [ 16.60030069, 48.24252775 ], [ 16.6002938, 48.24274727 ], [ 16.60027621, 48.24296652 ], [ 16.60024794, 48.24318528 ], [ 16.60024442, 48.24320501 ], [ 16.60016644, 48.24359006 ], [ 16.60015952, 48.24362037 ], [ 16.60009946, 48.24383625 ], [ 16.6000289, 48.2440507 ], [ 16.59994794, 48.2442635 ], [ 16.59985664, 48.24447444 ], [ 16.59975512, 48.24468327 ], [ 16.59964347, 48.24488979 ], [ 16.59952181, 48.24509377 ], [ 16.59939028, 48.245295 ], [ 16.59924901, 48.24549326 ], [ 16.59909815, 48.24568834 ], [ 16.59893787, 48.24588004 ], [ 16.59876832, 48.24606816 ], [ 16.5985897, 48.24625249 ], [ 16.59840219, 48.24643283 ], [ 16.59820598, 48.24660901 ], [ 16.5980013, 48.24678082 ], [ 16.59778834, 48.2469481 ], [ 16.59756735, 48.24711065 ], [ 16.59733855, 48.24726832 ], [ 16.59710219, 48.24742092 ], [ 16.59685852, 48.24756831 ], [ 16.59660778, 48.24771032 ], [ 16.59635026, 48.2478468 ], [ 16.59608623, 48.24797761 ], [ 16.59581596, 48.24810262 ], [ 16.59553973, 48.24822168 ], [ 16.59525785, 48.24833467 ], [ 16.59497061, 48.24844147 ], [ 16.59467832, 48.24854197 ], [ 16.59438129, 48.24863606 ], [ 16.59407982, 48.24872364 ], [ 16.59377425, 48.24880463 ], [ 16.59346488, 48.24887892 ], [ 16.59315207, 48.24894645 ], [ 16.59283612, 48.24900715 ], [ 16.59251738, 48.24906094 ], [ 16.59219619, 48.24910777 ], [ 16.59187289, 48.2491476 ], [ 16.59154782, 48.24918037 ], [ 16.59122132, 48.24920606 ], [ 16.59089375, 48.24922464 ], [ 16.59056544, 48.24923608 ], [ 16.59023675, 48.24924039 ], [ 16.58990802, 48.24923754 ], [ 16.5895796, 48.24922754 ], [ 16.58941784, 48.24921909 ], [ 16.5894188, 48.24929653 ], [ 16.58941663, 48.24947458 ], [ 16.5894193, 48.24955989 ], [ 16.58942427, 48.24975229 ], [ 16.58942544, 48.24986165 ], [ 16.58942531, 48.24989303 ], [ 16.58942578, 48.24989302 ], [ 16.58943286, 48.25046966 ], [ 16.58943394, 48.25066413 ], [ 16.58942853, 48.25091111 ], [ 16.58940464, 48.25125434 ], [ 16.58935308, 48.25169317 ], [ 16.58927477, 48.25213022 ], [ 16.58916983, 48.25256479 ], [ 16.58903843, 48.25299613 ], [ 16.58888079, 48.25342353 ], [ 16.58879544, 48.25363616 ], [ 16.58869717, 48.25384629 ], [ 16.58848789, 48.25426368 ], [ 16.58825328, 48.25467503 ], [ 16.58799374, 48.25507965 ], [ 16.5877097, 48.25547686 ], [ 16.58740163, 48.255866 ], [ 16.58707004, 48.25624642 ], [ 16.58671549, 48.2566175 ], [ 16.58653254, 48.25680063 ], [ 16.58633855, 48.25697862 ], [ 16.58593987, 48.25732916 ], [ 16.58552011, 48.25766854 ], [ 16.58507996, 48.25799621 ], [ 16.58485488, 48.25815705 ], [ 16.58462015, 48.25831162 ], [ 16.58414146, 48.25861424 ], [ 16.58364469, 48.25890356 ], [ 16.58313064, 48.25917911 ], [ 16.58286939, 48.25931339 ], [ 16.58260017, 48.25944044 ], [ 16.58205418, 48.25968709 ], [ 16.58177742, 48.2598067 ], [ 16.58149357, 48.25991866 ], [ 16.58091928, 48.26013477 ], [ 16.58033227, 48.26033506 ], [ 16.57973351, 48.26051918 ], [ 16.57943132, 48.26060717 ], [ 16.57912399, 48.26068685 ], [ 16.57850473, 48.26083777 ], [ 16.57787678, 48.26097169 ], [ 16.57724115, 48.2610884 ], [ 16.57659894, 48.26118769 ], [ 16.57595117, 48.26126941 ], [ 16.57562603, 48.26130585 ], [ 16.57529894, 48.26133341 ], [ 16.57464335, 48.26137959 ], [ 16.57398551, 48.26140788 ], [ 16.57332647, 48.26141822 ], [ 16.57299679, 48.2614189 ], [ 16.57266733, 48.2614106 ], [ 16.57200922, 48.26138503 ], [ 16.57135323, 48.26134155 ], [ 16.57097788, 48.2613063 ], [ 16.57088773, 48.26134883 ], [ 16.57034167, 48.26159542 ], [ 16.57006486, 48.261715 ], [ 16.56978098, 48.26182694 ], [ 16.56920662, 48.26204299 ], [ 16.56861954, 48.26224322 ], [ 16.56802072, 48.26242728 ], [ 16.56771849, 48.26251524 ], [ 16.56741114, 48.26259489 ], [ 16.56679182, 48.26274574 ], [ 16.56616381, 48.2628796 ], [ 16.56552813, 48.26299624 ], [ 16.56488587, 48.26309547 ], [ 16.56423807, 48.26317712 ], [ 16.5639129, 48.26321354 ], [ 16.56358579, 48.26324106 ], [ 16.56293017, 48.26328718 ], [ 16.56231446, 48.26331466 ], [ 16.56173976, 48.26332563 ], [ 16.56145227, 48.26332769 ], [ 16.5610861, 48.26332597 ], [ 16.56835817, 48.27172868 ], [ 16.56813423, 48.2713133 ], [ 16.56810698, 48.27126241 ], [ 16.56798924, 48.27103597 ], [ 16.56788848, 48.27085721 ], [ 16.56785999, 48.27081405 ], [ 16.5673991, 48.27011564 ], [ 16.5672849, 48.26994257 ], [ 16.56700342, 48.26938611 ], [ 16.56678128, 48.26890524 ], [ 16.56649931, 48.26805812 ], [ 16.56633505, 48.26747651 ], [ 16.56627726, 48.26711483 ], [ 16.56628008, 48.26666247 ], [ 16.56713528, 48.26561963 ], [ 16.56753166, 48.26513626 ], [ 16.56783445, 48.26516623 ], [ 16.56799264, 48.26517859 ], [ 16.56809921, 48.26515611 ], [ 16.56818375, 48.26513828 ], [ 16.56909516, 48.26494605 ], [ 16.56991035, 48.26477411 ], [ 16.57047116, 48.26465583 ], [ 16.57057306, 48.26462905 ], [ 16.5723611, 48.26415912 ], [ 16.57236833, 48.26415722 ], [ 16.57498165, 48.26925612 ], [ 16.57516054, 48.26916803 ], [ 16.57570664, 48.26892142 ], [ 16.57626737, 48.26868987 ], [ 16.57667025, 48.26853403 ], [ 16.57690927, 48.26844762 ], [ 16.57702932, 48.26840508 ], [ 16.57792132, 48.26809542 ], [ 16.57809435, 48.26803709 ], [ 16.57844244, 48.26792324 ], [ 16.57891975, 48.26777973 ], [ 16.57952935, 48.26761206 ], [ 16.57983672, 48.26753238 ], [ 16.58014869, 48.26746114 ], [ 16.58077673, 48.2673272 ], [ 16.58109279, 48.26726451 ], [ 16.58141244, 48.26721047 ], [ 16.58205473, 48.26711115 ], [ 16.58270254, 48.2670294 ], [ 16.58335482, 48.26696536 ], [ 16.58401046, 48.26691913 ], [ 16.58466838, 48.26689078 ], [ 16.58499779, 48.26688109 ], [ 16.58532751, 48.26688038 ], [ 16.58579314, 48.26688377 ], [ 16.58628606, 48.26684491 ], [ 16.58658248, 48.26682768 ], [ 16.58673084, 48.26681997 ], [ 16.58712877, 48.26680176 ], [ 16.58743701, 48.26678743 ], [ 16.58749828, 48.26678474 ], [ 16.58762064, 48.26677968 ], [ 16.58768184, 48.2667773 ], [ 16.58796821, 48.2667669 ], [ 16.58824784, 48.2667566 ], [ 16.58842869, 48.26674994 ], [ 16.58857971, 48.26674313 ], [ 16.58883965, 48.26673144 ], [ 16.58890436, 48.26672865 ], [ 16.5891655, 48.26671782 ], [ 16.5894288, 48.26670698 ], [ 16.58976917, 48.26669299 ], [ 16.589968, 48.26668478 ], [ 16.59012133, 48.26667943 ], [ 16.59042807, 48.26667068 ], [ 16.59091124, 48.26666655 ], [ 16.59157044, 48.26667407 ], [ 16.5922286, 48.26669952 ], [ 16.59288469, 48.26674288 ], [ 16.59321208, 48.26676902 ], [ 16.5935376, 48.26680406 ], [ 16.59418621, 48.26688297 ], [ 16.59482945, 48.26697948 ], [ 16.595147, 48.26703861 ], [ 16.59546523, 48.26709602 ], [ 16.59578295, 48.26715472 ], [ 16.59609425, 48.26722713 ], [ 16.59640488, 48.26730081 ], [ 16.59671641, 48.2673728 ], [ 16.59702456, 48.26745113 ], [ 16.59732765, 48.26753778 ], [ 16.5979283, 48.26771928 ], [ 16.59851737, 48.26791697 ], [ 16.59909387, 48.26813053 ], [ 16.59937887, 48.26824125 ], [ 16.60455826, 48.26666378 ], [ 16.6045705, 48.26644491 ], [ 16.60461099, 48.26609943 ], [ 16.60453753, 48.26604085 ], [ 16.60433106, 48.26586922 ], [ 16.60413524, 48.26569211 ], [ 16.60375461, 48.26533271 ], [ 16.60356979, 48.26515042 ], [ 16.60339625, 48.26496324 ], [ 16.60306077, 48.26458432 ], [ 16.60274873, 48.26419659 ], [ 16.60246062, 48.26380067 ], [ 16.60232262, 48.26360074 ], [ 16.60219695, 48.26339722 ], [ 16.60206474, 48.26317007 ], [ 16.60195815, 48.26298694 ], [ 16.60189668, 48.26286706 ] ] ] ] } },
{ "type": "Feature", "properties": { "ID": 24, "ZONE": "WE27", "AREA_HA": 86.356149, "COMMUNITIES": "Untersiebenbrunn", "LEGALFOUNDATIONDATE": "2024-09-01T00:00:00", "LEGISLATIONCODE": "NÖ LGBl. Nr. 47/2024", "LEGISLATIONTITLE": "Sektorales Raumordnungsprogramm über die Windkraftnutzung in Niederösterreich - Änderung", "LASTUPDATE": "2024-09-03T00:00:00" }, "geometry": { "type": "Polygon", "coordinates": [ [ [ 16.76916204, 48.27018037 ], [ 16.76951662, 48.2712134 ], [ 16.76998846, 48.27261351 ], [ 16.76998851, 48.27261366 ], [ 16.77043794, 48.2739472 ], [ 16.77059662, 48.2744037 ], [ 16.77098288, 48.27551489 ], [ 16.77108149, 48.27579855 ], [ 16.77108368, 48.27580485 ], [ 16.77150658, 48.27702158 ], [ 16.77386789, 48.2758513 ], [ 16.77470112, 48.27543833 ], [ 16.77472712, 48.27544046 ], [ 16.77474639, 48.27544169 ], [ 16.77476841, 48.27544216 ], [ 16.77479043, 48.27544167 ], [ 16.77481238, 48.27544022 ], [ 16.77483412, 48.27543782 ], [ 16.77485558, 48.27543448 ], [ 16.77487666, 48.2754302 ], [ 16.7748973, 48.27542501 ], [ 16.77491737, 48.27541894 ], [ 16.77493679, 48.275412 ], [ 16.77495154, 48.27540597 ], [ 16.78255506, 48.27211447 ], [ 16.7826969, 48.27205306 ], [ 16.78143185, 48.27124121 ], [ 16.78000958, 48.27014365 ], [ 16.78002574, 48.27006602 ], [ 16.78034291, 48.26994142 ], [ 16.78035989, 48.26986154 ], [ 16.78061216, 48.26982628 ], [ 16.78357738, 48.27167201 ], [ 16.78549684, 48.27068019 ], [ 16.78562398, 48.27058794 ], [ 16.78576461, 48.2704859 ], [ 16.78576741, 48.27048387 ], [ 16.78546158, 48.27014035 ], [ 16.78523618, 48.26986979 ], [ 16.78511264, 48.26971092 ], [ 16.78505186, 48.26963114 ], [ 16.78494823, 48.2694923 ], [ 16.78480442, 48.26929969 ], [ 16.78467282, 48.26912341 ], [ 16.7845406, 48.26894639 ], [ 16.78440767, 48.26876833 ], [ 16.78427627, 48.26859231 ], [ 16.78423459, 48.26853652 ], [ 16.78403276, 48.26831059 ], [ 16.78386376, 48.26811196 ], [ 16.78371296, 48.26791621 ], [ 16.78342344, 48.26752075 ], [ 16.78328472, 48.26732104 ], [ 16.78315832, 48.26711772 ], [ 16.78291806, 48.26670782 ], [ 16.78270304, 48.26629172 ], [ 16.78251363, 48.2658701 ], [ 16.78242536, 48.265658 ], [ 16.78239445, 48.26556993 ], [ 16.78237335, 48.26551324 ], [ 16.78230045, 48.26530296 ], [ 16.78225962, 48.26517596 ], [ 16.78220521, 48.26499238 ], [ 16.78108409, 48.26537125 ], [ 16.7805966, 48.26452931 ], [ 16.78059658, 48.26452929 ], [ 16.78059655, 48.26452928 ], [ 16.7805965, 48.26452927 ], [ 16.78059645, 48.26452927 ], [ 16.78059379, 48.26453021 ], [ 16.78058366, 48.26453379 ], [ 16.78057353, 48.26453738 ], [ 16.78056342, 48.26454096 ], [ 16.78055332, 48.26454455 ], [ 16.78054324, 48.26454813 ], [ 16.78053317, 48.26455171 ], [ 16.78052312, 48.26455529 ], [ 16.78051308, 48.26455887 ], [ 16.78050305, 48.26456245 ], [ 16.78049304, 48.26456602 ], [ 16.78048304, 48.2645696 ], [ 16.78047305, 48.26457317 ], [ 16.78046308, 48.26457674 ], [ 16.78045312, 48.26458032 ], [ 16.78044318, 48.26458389 ], [ 16.78043325, 48.26458746 ], [ 16.78042333, 48.26459103 ], [ 16.78041343, 48.26459459 ], [ 16.78040355, 48.26459816 ], [ 16.78039367, 48.26460172 ], [ 16.78038381, 48.26460529 ], [ 16.78037397, 48.26460885 ], [ 16.78036414, 48.26461242 ], [ 16.78035432, 48.26461598 ], [ 16.78034452, 48.26461954 ], [ 16.78033473, 48.2646231 ], [ 16.78032496, 48.26462666 ], [ 16.78031479, 48.26463036 ], [ 16.77992966, 48.26477416 ], [ 16.77954888, 48.26492303 ], [ 16.77917261, 48.26507693 ], [ 16.77880098, 48.26523578 ], [ 16.77843415, 48.26539953 ], [ 16.77807227, 48.26556811 ], [ 16.77771547, 48.26574145 ], [ 16.77770289, 48.26574769 ], [ 16.77769411, 48.26575205 ], [ 16.77768515, 48.26575651 ], [ 16.77767616, 48.26576099 ], [ 16.77766716, 48.26576548 ], [ 16.77765814, 48.26576998 ], [ 16.7776491, 48.26577449 ], [ 16.77764004, 48.26577902 ], [ 16.77763097, 48.26578356 ], [ 16.77762188, 48.26578811 ], [ 16.77761277, 48.26579268 ], [ 16.77760364, 48.26579726 ], [ 16.7775945, 48.26580185 ], [ 16.77758533, 48.26580646 ], [ 16.77757615, 48.26581108 ], [ 16.77756695, 48.26581571 ], [ 16.77755774, 48.26582035 ], [ 16.7775485, 48.26582501 ], [ 16.77753925, 48.26582968 ], [ 16.77752998, 48.26583437 ], [ 16.77752069, 48.26583906 ], [ 16.77751138, 48.26584378 ], [ 16.77750206, 48.2658485 ], [ 16.77749271, 48.26585323 ], [ 16.77748335, 48.26585798 ], [ 16.77747397, 48.26586274 ], [ 16.77746457, 48.26586752 ], [ 16.77745515, 48.2658723 ], [ 16.77744572, 48.2658771 ], [ 16.77743627, 48.26588192 ], [ 16.77742679, 48.26588674 ], [ 16.7774173, 48.26589158 ], [ 16.77740779, 48.26589643 ], [ 16.77739827, 48.26590129 ], [ 16.77738872, 48.26590617 ], [ 16.77737916, 48.26591105 ], [ 16.77736958, 48.26591595 ], [ 16.77735998, 48.26592087 ], [ 16.77735035, 48.26592579 ], [ 16.77734072, 48.26593073 ], [ 16.77733106, 48.26593568 ], [ 16.77732138, 48.26594064 ], [ 16.77731169, 48.26594562 ], [ 16.77730198, 48.26595061 ], [ 16.77729224, 48.26595561 ], [ 16.77728249, 48.26596062 ], [ 16.77727272, 48.26596564 ], [ 16.77726293, 48.26597068 ], [ 16.77725313, 48.26597573 ], [ 16.7772433, 48.26598079 ], [ 16.77723346, 48.26598586 ], [ 16.77722359, 48.26599094 ], [ 16.77721371, 48.26599604 ], [ 16.7772038, 48.26600115 ], [ 16.77719388, 48.26600627 ], [ 16.77718394, 48.2660114 ], [ 16.77717398, 48.26601655 ], [ 16.777164, 48.2660217 ], [ 16.777154, 48.26602687 ], [ 16.77714398, 48.26603205 ], [ 16.77713395, 48.26603724 ], [ 16.77712389, 48.26604245 ], [ 16.77711381, 48.26604766 ], [ 16.77710372, 48.26605289 ], [ 16.7770936, 48.26605813 ], [ 16.77708347, 48.26606338 ], [ 16.77707332, 48.26606864 ], [ 16.77706314, 48.26607391 ], [ 16.77705295, 48.2660792 ], [ 16.77704273, 48.26608449 ], [ 16.7770325, 48.2660898 ], [ 16.77702225, 48.26609512 ], [ 16.77701197, 48.26610045 ], [ 16.77700168, 48.26610579 ], [ 16.77699137, 48.26611115 ], [ 16.77698104, 48.26611651 ], [ 16.77697068, 48.26612189 ], [ 16.77696031, 48.26612727 ], [ 16.77683427, 48.26619278 ], [ 16.77565225, 48.2668072 ], [ 16.77794, 48.26817398 ], [ 16.77765594, 48.2684109 ], [ 16.77750534, 48.2685365 ], [ 16.7771015, 48.26846948 ], [ 16.77513687, 48.26707509 ], [ 16.77062909, 48.26941797 ], [ 16.76916204, 48.27018037 ] ] ] } },
{ "type": "Feature", "properties": { "ID": 21, "ZONE": "WE28", "AREA_HA": 143.187963, "COMMUNITIES": "Leopoldsdorf im Marchfeld, Untersiebenbrunn", "LEGALFOUNDATIONDATE": "2024-09-01T00:00:00", "LEGISLATIONCODE": "NÖ LGBl. Nr. 47/2024", "LEGISLATIONTITLE": "Sektorales Raumordnungsprogramm über die Windkraftnutzung in Niederösterreich - Änderung", "LASTUPDATE": "2024-09-03T00:00:00" }, "geometry": { "type": "MultiPolygon", "coordinates": [ [ [ [ 16.72259309, 48.22461528 ], [ 16.72334497, 48.22435774 ], [ 16.72382242, 48.2241936 ], [ 16.72383453, 48.22418947 ], [ 16.72481368, 48.22385701 ], [ 16.72482876, 48.22385193 ], [ 16.72539487, 48.22366269 ], [ 16.72546039, 48.22364152 ], [ 16.72551398, 48.22362538 ], [ 16.7202495, 48.2212782 ], [ 16.72014117, 48.2212299 ], [ 16.72002272, 48.22117708 ], [ 16.7199218, 48.22113208 ], [ 16.71903266, 48.22073561 ], [ 16.71794803, 48.22025195 ], [ 16.7133253, 48.21819035 ], [ 16.71333008, 48.218431 ], [ 16.71332086, 48.21877021 ], [ 16.71329569, 48.21910907 ], [ 16.7132546, 48.21944723 ], [ 16.71319762, 48.21978436 ], [ 16.71312482, 48.22012012 ], [ 16.71303627, 48.2204542 ], [ 16.71293205, 48.22078624 ], [ 16.71281603, 48.22110555 ], [ 16.71301286, 48.22134032 ], [ 16.71324599, 48.22164001 ], [ 16.71346498, 48.22194443 ], [ 16.71352686, 48.22203782 ], [ 16.7137574, 48.22223785 ], [ 16.71405842, 48.222517 ], [ 16.71434597, 48.22280241 ], [ 16.71461977, 48.2230938 ], [ 16.71487953, 48.22339088 ], [ 16.715125, 48.22369333 ], [ 16.71535592, 48.22400086 ], [ 16.71557206, 48.22431315 ], [ 16.71577319, 48.22462988 ], [ 16.7158283, 48.22472498 ], [ 16.71665086, 48.22460502 ], [ 16.71672664, 48.22459508 ], [ 16.71680281, 48.2245866 ], [ 16.71687932, 48.22457958 ], [ 16.7172371, 48.22455025 ], [ 16.71732468, 48.22454403 ], [ 16.71741251, 48.22453974 ], [ 16.7175005, 48.22453737 ], [ 16.71758856, 48.22453692 ], [ 16.7176766, 48.2245384 ], [ 16.71776452, 48.2245418 ], [ 16.71813801, 48.22456034 ], [ 16.71816255, 48.22456164 ], [ 16.71838326, 48.22457395 ], [ 16.71845785, 48.22457812 ], [ 16.71854212, 48.22458372 ], [ 16.71862608, 48.22459109 ], [ 16.71870966, 48.22460022 ], [ 16.71879277, 48.2246111 ], [ 16.71887532, 48.22462373 ], [ 16.71895724, 48.22463808 ], [ 16.71903844, 48.22465415 ], [ 16.71911885, 48.22467191 ], [ 16.71919838, 48.22469136 ], [ 16.71927696, 48.22471247 ], [ 16.7193545, 48.22473522 ], [ 16.71943094, 48.22475959 ], [ 16.71950618, 48.22478555 ], [ 16.71958018, 48.22481308 ], [ 16.7195933, 48.22481833 ], [ 16.7198102, 48.22485939 ], [ 16.72011824, 48.2249177 ], [ 16.72034542, 48.2249445 ], [ 16.7206137, 48.22496263 ], [ 16.72077479, 48.22496247 ], [ 16.72102029, 48.22494647 ], [ 16.72132491, 48.2249131 ], [ 16.72157957, 48.22487657 ], [ 16.72187633, 48.22481212 ], [ 16.72225533, 48.22472134 ], [ 16.7223299, 48.22469794 ], [ 16.72259309, 48.22461528 ] ] ], [ [ [ 16.71919674, 48.22671905 ], [ 16.71853692, 48.22659055 ], [ 16.7168809, 48.22761303 ], [ 16.71684875, 48.22763009 ], [ 16.71698504, 48.22814474 ], [ 16.71703161, 48.22846854 ], [ 16.71704941, 48.22864989 ], [ 16.71709546, 48.22911905 ], [ 16.71711267, 48.2294454 ], [ 16.71710701, 48.22960221 ], [ 16.71710134, 48.22975919 ], [ 16.71706515, 48.23021307 ], [ 16.71705138, 48.23038578 ], [ 16.71702536, 48.2305965 ], [ 16.71694698, 48.23100937 ], [ 16.71681972, 48.23152904 ], [ 16.7167792, 48.2316697 ], [ 16.71674675, 48.23176644 ], [ 16.71669894, 48.23190898 ], [ 16.71652274, 48.23236856 ], [ 16.71652594, 48.23237503 ], [ 16.71657066, 48.23246546 ], [ 16.71662807, 48.23258804 ], [ 16.71665413, 48.23264694 ], [ 16.71666269, 48.23266629 ], [ 16.71674596, 48.23286718 ], [ 16.7169088, 48.2332937 ], [ 16.71704548, 48.2337243 ], [ 16.71715575, 48.23415827 ], [ 16.71723944, 48.23459488 ], [ 16.7172964, 48.2350334 ], [ 16.71731819, 48.23525306 ], [ 16.71732654, 48.23547312 ], [ 16.71732982, 48.2359133 ], [ 16.71732546, 48.23610198 ], [ 16.71732326, 48.23615081 ], [ 16.71730621, 48.23635319 ], [ 16.71725576, 48.23679208 ], [ 16.71717856, 48.23722922 ], [ 16.71707473, 48.23766389 ], [ 16.71694444, 48.23809538 ], [ 16.71690741, 48.23819655 ], [ 16.71737348, 48.2384865 ], [ 16.71751678, 48.23857937 ], [ 16.71767985, 48.2386889 ], [ 16.71783697, 48.23879938 ], [ 16.71828098, 48.23912463 ], [ 16.71870475, 48.23946169 ], [ 16.7191076, 48.23981002 ], [ 16.71924981, 48.23993831 ], [ 16.71934183, 48.24002442 ], [ 16.71948887, 48.24016905 ], [ 16.71984788, 48.24053816 ], [ 16.72018406, 48.24091673 ], [ 16.72033209, 48.24110007 ], [ 16.72052762, 48.24133943 ], [ 16.7205812, 48.24141519 ], [ 16.72099473, 48.24174837 ], [ 16.72138229, 48.24210584 ], [ 16.72173403, 48.24247947 ], [ 16.72198191, 48.24278554 ], [ 16.72211379, 48.24292562 ], [ 16.7224282, 48.24331382 ], [ 16.72270393, 48.24371492 ], [ 16.7229398, 48.24412721 ], [ 16.7231348, 48.24454892 ], [ 16.72322041, 48.24478871 ], [ 16.72322664, 48.24478905 ], [ 16.72864601, 48.24508497 ], [ 16.72974625, 48.24518603 ], [ 16.72980784, 48.24508091 ], [ 16.73000541, 48.24477062 ], [ 16.73007242, 48.24466537 ], [ 16.7301755, 48.24450348 ], [ 16.73027805, 48.24435459 ], [ 16.73033073, 48.24427422 ], [ 16.72985979, 48.24342532 ], [ 16.72986087, 48.24342403 ], [ 16.72973242, 48.24319162 ], [ 16.72945857, 48.24269604 ], [ 16.72758534, 48.23930598 ], [ 16.72758412, 48.23930376 ], [ 16.72756078, 48.23926147 ], [ 16.72753207, 48.23920357 ], [ 16.72750872, 48.23916138 ], [ 16.72698066, 48.23820792 ], [ 16.72637385, 48.23711216 ], [ 16.72613345, 48.23667806 ], [ 16.72590214, 48.23626034 ], [ 16.72564685, 48.23579934 ], [ 16.72541081, 48.23537308 ], [ 16.72517019, 48.23493853 ], [ 16.72469506, 48.23408045 ], [ 16.72449535, 48.23371976 ], [ 16.72422458, 48.23323074 ], [ 16.72375544, 48.23238342 ], [ 16.72328723, 48.23153778 ], [ 16.72326389, 48.2314956 ], [ 16.72323306, 48.23143976 ], [ 16.72319471, 48.23138827 ], [ 16.72200568, 48.22923157 ], [ 16.72186022, 48.22896771 ], [ 16.72181109, 48.2288786 ], [ 16.72080767, 48.22705839 ], [ 16.72072232, 48.22690358 ], [ 16.72072575, 48.22686373 ], [ 16.72062547, 48.22685988 ], [ 16.72016266, 48.22684211 ], [ 16.71922164, 48.2267239 ], [ 16.71919674, 48.22671905 ] ] ] ] } },
{ "type": "Feature", "properties": { "ID": 17, "ZONE": "WE29", "AREA_HA": 422.699792, "COMMUNITIES": "Andlersdorf, Groß-Enzersdorf, Leopoldsdorf im Marchfeld, Orth an der Donau", "LEGALFOUNDATIONDATE": "2024-09-01T00:00:00", "LEGISLATIONCODE": "NÖ LGBl. Nr. 47/2024", "LEGISLATIONTITLE": "Sektorales Raumordnungsprogramm über die Windkraftnutzung in Niederösterreich - Änderung", "LASTUPDATE": "2024-09-03T00:00:00" }, "geometry": { "type": "MultiPolygon", "coordinates": [ [ [ [ 16.68153707, 48.19376749 ], [ 16.68152603, 48.19369916 ], [ 16.68151301, 48.19361862 ], [ 16.68131738, 48.19240845 ], [ 16.68121118, 48.19174673 ], [ 16.68110499, 48.19108502 ], [ 16.68110351, 48.19107576 ], [ 16.68110204, 48.1910665 ], [ 16.68110297, 48.19106626 ], [ 16.68156439, 48.19094705 ], [ 16.68293421, 48.19059315 ], [ 16.6832887, 48.19050156 ], [ 16.683317, 48.19049425 ], [ 16.68540148, 48.19000356 ], [ 16.68642156, 48.18973659 ], [ 16.68644959, 48.18960189 ], [ 16.68650822, 48.18938528 ], [ 16.68663864, 48.18895382 ], [ 16.68669952, 48.18877163 ], [ 16.68640163, 48.18854936 ], [ 16.68562041, 48.18789233 ], [ 16.68465683, 48.18712622 ], [ 16.68390318, 48.18652701 ], [ 16.68340174, 48.18612831 ], [ 16.68306159, 48.18585784 ], [ 16.68275193, 48.18561162 ], [ 16.68251625, 48.18575722 ], [ 16.68221119, 48.18591586 ], [ 16.68162309, 48.18622168 ], [ 16.6814355, 48.18631923 ], [ 16.68135922, 48.18635553 ], [ 16.68132882, 48.18637 ], [ 16.68101754, 48.18676368 ], [ 16.68046388, 48.18736504 ], [ 16.67985259, 48.1879409 ], [ 16.67918626, 48.1884888 ], [ 16.67846776, 48.18900637 ], [ 16.67770016, 48.18949141 ], [ 16.67688674, 48.18994183 ], [ 16.676031, 48.19035571 ], [ 16.67513659, 48.19073127 ], [ 16.67420735, 48.19106691 ], [ 16.67324726, 48.19136118 ], [ 16.67226043, 48.19161283 ], [ 16.67125109, 48.19182078 ], [ 16.67022356, 48.19198413 ], [ 16.66918225, 48.19210219 ], [ 16.66902125, 48.19211513 ], [ 16.66899747, 48.19219846 ], [ 16.66891602, 48.19239441 ], [ 16.66883456, 48.19259036 ], [ 16.66870602, 48.19291829 ], [ 16.66867034, 48.19298539 ], [ 16.66866014, 48.19300992 ], [ 16.66864071, 48.19305668 ], [ 16.66841777, 48.19346042 ], [ 16.66832351, 48.19363769 ], [ 16.66839153, 48.19372163 ], [ 16.66859583, 48.19397733 ], [ 16.66879915, 48.1942318 ], [ 16.66931262, 48.19404779 ], [ 16.669762, 48.19388673 ], [ 16.66979421, 48.19389554 ], [ 16.67006748, 48.19397074 ], [ 16.67060811, 48.19451533 ], [ 16.67063032, 48.19453767 ], [ 16.67109093, 48.19500117 ], [ 16.67116521, 48.19507592 ], [ 16.67143909, 48.19535149 ], [ 16.67147817, 48.1953908 ], [ 16.6717858, 48.19572067 ], [ 16.67205415, 48.19600839 ], [ 16.67213702, 48.19615199 ], [ 16.67237442, 48.19656332 ], [ 16.67251633, 48.19680914 ], [ 16.67285016, 48.19790992 ], [ 16.6730429, 48.19854545 ], [ 16.67305765, 48.19859945 ], [ 16.67312003, 48.19882761 ], [ 16.6734404, 48.19999929 ], [ 16.67351841, 48.20032435 ], [ 16.67388972, 48.20143455 ], [ 16.67392499, 48.20154002 ], [ 16.67404658, 48.20190389 ], [ 16.67407718, 48.20199526 ], [ 16.6741364, 48.20215313 ], [ 16.67422994, 48.20240247 ], [ 16.67425724, 48.20247524 ], [ 16.67464243, 48.20311226 ], [ 16.67469575, 48.20320204 ], [ 16.67492841, 48.20359813 ], [ 16.67521388, 48.20402483 ], [ 16.67540696, 48.20431321 ], [ 16.67577331, 48.2042552 ], [ 16.67579979, 48.20425098 ], [ 16.67619647, 48.20491826 ], [ 16.6731282, 48.20700497 ], [ 16.67308251, 48.20703604 ], [ 16.67347358, 48.20725265 ], [ 16.67374979, 48.20740563 ], [ 16.67401471, 48.20725958 ], [ 16.67456404, 48.20695673 ], [ 16.67469702, 48.2068977 ], [ 16.67600895, 48.20631534 ], [ 16.67602469, 48.20632996 ], [ 16.67632805, 48.20649303 ], [ 16.67685916, 48.20677854 ], [ 16.67688479, 48.20679249 ], [ 16.67705134, 48.2068843 ], [ 16.67741661, 48.20708566 ], [ 16.677478, 48.20712054 ], [ 16.67753779, 48.20715663 ], [ 16.67759594, 48.20719391 ], [ 16.6776524, 48.20723233 ], [ 16.67770711, 48.20727186 ], [ 16.67776002, 48.20731247 ], [ 16.67781109, 48.20735412 ], [ 16.67787712, 48.20740964 ], [ 16.67798899, 48.20750376 ], [ 16.67803484, 48.20754346 ], [ 16.67807902, 48.20758401 ], [ 16.67812149, 48.20762536 ], [ 16.67833455, 48.20783912 ], [ 16.67834919, 48.20785397 ], [ 16.67856061, 48.2080707 ], [ 16.67871549, 48.20822617 ], [ 16.67903512, 48.20854723 ], [ 16.68202047, 48.20765305 ], [ 16.68206943, 48.20764041 ], [ 16.68254811, 48.20752825 ], [ 16.68303181, 48.2074262 ], [ 16.68352007, 48.20733435 ], [ 16.68401241, 48.20725279 ], [ 16.68450833, 48.2071816 ], [ 16.68500735, 48.20712085 ], [ 16.68550898, 48.20707061 ], [ 16.68601271, 48.20703093 ], [ 16.68651807, 48.20700183 ], [ 16.68702454, 48.20698335 ], [ 16.68753163, 48.20697552 ], [ 16.6878824, 48.20697746 ], [ 16.68826285, 48.20685664 ], [ 16.6887225, 48.20672219 ], [ 16.68918817, 48.20659735 ], [ 16.68965942, 48.20648224 ], [ 16.69013579, 48.20637697 ], [ 16.69061681, 48.20628164 ], [ 16.69110204, 48.20619635 ], [ 16.69159099, 48.20612116 ], [ 16.6920832, 48.20605617 ], [ 16.69257819, 48.20600142 ], [ 16.69307549, 48.20595698 ], [ 16.69309687, 48.2059553 ], [ 16.69359433, 48.20592129 ], [ 16.69409312, 48.20589761 ], [ 16.69459278, 48.20588425 ], [ 16.69488166, 48.20588251 ], [ 16.69468958, 48.20566229 ], [ 16.69444638, 48.20536201 ], [ 16.69421751, 48.20505674 ], [ 16.6940032, 48.20474679 ], [ 16.69380367, 48.20443246 ], [ 16.6936191, 48.20411407 ], [ 16.69344971, 48.20379194 ], [ 16.69329563, 48.20346638 ], [ 16.69315704, 48.20313773 ], [ 16.69304791, 48.20284361 ], [ 16.69258587, 48.20257077 ], [ 16.6918398, 48.20234933 ], [ 16.6909399, 48.20208223 ], [ 16.68887308, 48.20160332 ], [ 16.686552, 48.20109902 ], [ 16.68658352, 48.20108558 ], [ 16.68643861, 48.20088826 ], [ 16.68643819, 48.20088769 ], [ 16.68668787, 48.20074269 ], [ 16.6864292, 48.20043983 ], [ 16.68559348, 48.19946133 ], [ 16.68548953, 48.19933962 ], [ 16.6854829, 48.19933185 ], [ 16.6854517, 48.19929531 ], [ 16.68531288, 48.19911785 ], [ 16.68524098, 48.19904855 ], [ 16.68477289, 48.19850039 ], [ 16.68466514, 48.19836033 ], [ 16.68428226, 48.19787586 ], [ 16.68389999, 48.19738909 ], [ 16.68366026, 48.19708382 ], [ 16.68328157, 48.19660203 ], [ 16.68275062, 48.19584047 ], [ 16.68271626, 48.19579111 ], [ 16.68196928, 48.19594526 ], [ 16.68166118, 48.1944763 ], [ 16.68165758, 48.19447632 ], [ 16.68165145, 48.19443864 ], [ 16.68164608, 48.19440573 ], [ 16.68159369, 48.19408419 ], [ 16.68157684, 48.19398081 ], [ 16.68154213, 48.19376779 ], [ 16.68153813, 48.19376755 ], [ 16.68153707, 48.19376749 ] ] ], [ [ [ 16.69709564, 48.18111271 ], [ 16.69761303, 48.18099799 ], [ 16.6976159, 48.1810003 ], [ 16.69776776, 48.18096769 ], [ 16.69808315, 48.18090467 ], [ 16.69840213, 48.18085031 ], [ 16.69904311, 48.18075034 ], [ 16.69968964, 48.18066793 ], [ 16.70034067, 48.18060323 ], [ 16.70079573, 48.18057062 ], [ 16.70137155, 48.18053355 ], [ 16.70162218, 48.18052297 ], [ 16.70212894, 48.18051223 ], [ 16.70263596, 48.18051214 ], [ 16.70314272, 48.1805227 ], [ 16.70344176, 48.18053207 ], [ 16.7036328, 48.18053806 ], [ 16.70361554, 48.18049616 ], [ 16.70351934, 48.18026662 ], [ 16.70321184, 48.17953092 ], [ 16.70307438, 48.17919355 ], [ 16.70299147, 48.17899007 ], [ 16.70275631, 48.17840852 ], [ 16.7025175, 48.17771023 ], [ 16.70217627, 48.17701852 ], [ 16.70073118, 48.17351845 ], [ 16.70061347, 48.17321133 ], [ 16.69926702, 48.16738425 ], [ 16.69914862, 48.16687174 ], [ 16.69895401, 48.16567369 ], [ 16.69888811, 48.16526796 ], [ 16.69803462, 48.16528968 ], [ 16.69675405, 48.16527467 ], [ 16.69517431, 48.16520348 ], [ 16.69372255, 48.16512234 ], [ 16.69274135, 48.16519202 ], [ 16.6918027, 48.16524252 ], [ 16.69056507, 48.16526537 ], [ 16.68961199, 48.16528734 ], [ 16.68818954, 48.16532978 ], [ 16.68621197, 48.16533582 ], [ 16.68454682, 48.16525522 ], [ 16.68271018, 48.1650609 ], [ 16.68140998, 48.16487566 ], [ 16.68174843, 48.16604791 ], [ 16.68185386, 48.16640687 ], [ 16.68200818, 48.16693224 ], [ 16.68229857, 48.16762452 ], [ 16.68256752, 48.16812186 ], [ 16.68269277, 48.16819575 ], [ 16.68302604, 48.16841668 ], [ 16.68367284, 48.16887115 ], [ 16.68398636, 48.16910468 ], [ 16.68427905, 48.16935001 ], [ 16.68444682, 48.16949934 ], [ 16.68446368, 48.16949691 ], [ 16.68468848, 48.16969541 ], [ 16.6849798, 48.16997004 ], [ 16.68511565, 48.17010696 ], [ 16.68525818, 48.17025061 ], [ 16.68552334, 48.17053684 ], [ 16.68577502, 48.17082848 ], [ 16.68601299, 48.17112522 ], [ 16.68623702, 48.17142678 ], [ 16.68644687, 48.17173286 ], [ 16.68664235, 48.17204318 ], [ 16.68677248, 48.17226921 ], [ 16.68676436, 48.17227068 ], [ 16.68686892, 48.17246112 ], [ 16.68692253, 48.17256184 ], [ 16.68703026, 48.17277076 ], [ 16.68708378, 48.17287819 ], [ 16.68718743, 48.17309377 ], [ 16.68732527, 48.1734141 ], [ 16.68748769, 48.17384067 ], [ 16.68762395, 48.17427131 ], [ 16.68773385, 48.17470531 ], [ 16.68774697, 48.17476586 ], [ 16.68778235, 48.17489824 ], [ 16.6878012, 48.17494936 ], [ 16.68792262, 48.17534036 ], [ 16.68803252, 48.17577436 ], [ 16.68804432, 48.17583617 ], [ 16.68804987, 48.17585595 ], [ 16.68805775, 48.17590654 ], [ 16.68811586, 48.17621099 ], [ 16.6881677, 48.17661234 ], [ 16.68818646, 48.17673274 ], [ 16.68819266, 48.17692022 ], [ 16.68820173, 48.17704213 ], [ 16.68820862, 48.17738805 ], [ 16.68820857, 48.17740141 ], [ 16.68821449, 48.17758065 ], [ 16.68821552, 48.17761157 ], [ 16.6882156, 48.17761406 ], [ 16.68821444, 48.17765557 ], [ 16.68821236, 48.17772972 ], [ 16.6881872, 48.17800443 ], [ 16.68814629, 48.1784512 ], [ 16.68814407, 48.17847544 ], [ 16.68813907, 48.17853001 ], [ 16.6881338, 48.17858751 ], [ 16.68813262, 48.17860041 ], [ 16.68813196, 48.17860494 ], [ 16.68813009, 48.17862801 ], [ 16.68812867, 48.17864351 ], [ 16.68810104, 48.17876915 ], [ 16.68792947, 48.17954927 ], [ 16.68777284, 48.17999488 ], [ 16.6876162, 48.18044048 ], [ 16.6871911, 48.18131073 ], [ 16.68665722, 48.18215374 ], [ 16.68634735, 48.18254651 ], [ 16.68610384, 48.18285517 ], [ 16.68601841, 48.18296346 ], [ 16.6859601, 48.18302425 ], [ 16.68569141, 48.18330437 ], [ 16.68555138, 48.18345035 ], [ 16.68577938, 48.18363164 ], [ 16.68611954, 48.1839021 ], [ 16.68644942, 48.1841644 ], [ 16.68684823, 48.18448149 ], [ 16.68730862, 48.18484754 ], [ 16.68735495, 48.18488438 ], [ 16.68744247, 48.18487564 ], [ 16.68748753, 48.18487115 ], [ 16.68750096, 48.1848694 ], [ 16.68751469, 48.1848676 ], [ 16.68748, 48.18481814 ], [ 16.68750688, 48.18481464 ], [ 16.6875617, 48.18480745 ], [ 16.68986175, 48.1845067 ], [ 16.69003715, 48.18436429 ], [ 16.69014307, 48.18427829 ], [ 16.69035749, 48.18411127 ], [ 16.69058192, 48.18395022 ], [ 16.69104041, 48.18363439 ], [ 16.69151777, 48.18333133 ], [ 16.69201321, 48.18304153 ], [ 16.69226536, 48.18290002 ], [ 16.69252592, 48.18276549 ], [ 16.69305503, 48.18250366 ], [ 16.69359965, 48.18225649 ], [ 16.6941589, 48.18202437 ], [ 16.69444207, 48.18191212 ], [ 16.69473185, 48.18180769 ], [ 16.69531752, 48.18160682 ], [ 16.69591494, 48.1814221 ], [ 16.69652313, 48.18125381 ], [ 16.6968298, 48.18117382 ], [ 16.69709564, 48.18111271 ] ] ] ] } },
{ "type": "Feature", "properties": { "ID": 18, "ZONE": "WE31", "AREA_HA": 239.113019, "COMMUNITIES": "Engelhartstetten", "LEGALFOUNDATIONDATE": "2024-09-01T00:00:00", "LEGISLATIONCODE": "NÖ LGBl. Nr. 47/2024", "LEGISLATIONTITLE": "Sektorales Raumordnungsprogramm über die Windkraftnutzung in Niederösterreich - Änderung", "LASTUPDATE": "2024-09-03T00:00:00" }, "geometry": { "type": "MultiPolygon", "coordinates": [ [ [ [ 16.86041407, 48.18740675 ], [ 16.86107533, 48.1872947 ], [ 16.86203896, 48.18729029 ], [ 16.8619558, 48.18712963 ], [ 16.86189194, 48.1869878 ], [ 16.86176795, 48.18675689 ], [ 16.86177333, 48.18675785 ], [ 16.86172143, 48.18663175 ], [ 16.86167229, 48.18650426 ], [ 16.86162239, 48.18636551 ], [ 16.86144345, 48.18641221 ], [ 16.86102606, 48.18650956 ], [ 16.86063708, 48.18658976 ], [ 16.86071784, 48.18659963 ], [ 16.86060924, 48.18661334 ], [ 16.85913849, 48.18684847 ], [ 16.85817908, 48.18698133 ], [ 16.85687736, 48.18704434 ], [ 16.85642437, 48.18704639 ], [ 16.85644472, 48.18709066 ], [ 16.85653141, 48.18730354 ], [ 16.85660775, 48.18751818 ], [ 16.85667366, 48.18773437 ], [ 16.85672906, 48.18795187 ], [ 16.85674476, 48.18802843 ], [ 16.85704074, 48.18797829 ], [ 16.85752971, 48.18789544 ], [ 16.8586163, 48.18771136 ], [ 16.86041407, 48.18740675 ] ] ], [ [ [ 16.88609231, 48.2093592 ], [ 16.88632902, 48.20938148 ], [ 16.88668444, 48.20845601 ], [ 16.88682936, 48.20802701 ], [ 16.8876104, 48.20716666 ], [ 16.88792738, 48.20685105 ], [ 16.8885635, 48.20641969 ], [ 16.88926321, 48.20594519 ], [ 16.89060407, 48.20551043 ], [ 16.8911154, 48.20539374 ], [ 16.8923951, 48.20523051 ], [ 16.89299308, 48.20522762 ], [ 16.89436068, 48.20529237 ], [ 16.89476739, 48.20537605 ], [ 16.89505405, 48.20545926 ], [ 16.89579277, 48.2051692 ], [ 16.89672532, 48.20480302 ], [ 16.89672317, 48.20480155 ], [ 16.89666967, 48.20476272 ], [ 16.8965066, 48.20464438 ], [ 16.89650076, 48.20464014 ], [ 16.89642814, 48.20458387 ], [ 16.89629558, 48.20448115 ], [ 16.89628633, 48.20447399 ], [ 16.89621165, 48.20441216 ], [ 16.89609246, 48.20431349 ], [ 16.89600777, 48.20423922 ], [ 16.89589747, 48.20414156 ], [ 16.89581399, 48.20406338 ], [ 16.8957108, 48.20396556 ], [ 16.89562958, 48.2038842 ], [ 16.89553263, 48.20378564 ], [ 16.89545431, 48.20370158 ], [ 16.89536316, 48.203602 ], [ 16.89528817, 48.20351558 ], [ 16.89520255, 48.20341482 ], [ 16.8951312, 48.2033263 ], [ 16.89505097, 48.20322429 ], [ 16.89498349, 48.20313389 ], [ 16.89490858, 48.2030306 ], [ 16.89484516, 48.20293851 ], [ 16.89477551, 48.20283396 ], [ 16.89471632, 48.20274035 ], [ 16.89465192, 48.20263454 ], [ 16.89459706, 48.2025396 ], [ 16.89453791, 48.20243256 ], [ 16.89448751, 48.20233644 ], [ 16.89443362, 48.20222821 ], [ 16.89438777, 48.20213108 ], [ 16.89433915, 48.2020217 ], [ 16.89429791, 48.20192373 ], [ 16.8942546, 48.20181322 ], [ 16.89421803, 48.20171458 ], [ 16.89418005, 48.20160297 ], [ 16.89414822, 48.20150385 ], [ 16.89411559, 48.20139116 ], [ 16.89408853, 48.20129176 ], [ 16.89406129, 48.20117795 ], [ 16.89403901, 48.20107852 ], [ 16.89401721, 48.20096354 ], [ 16.89399973, 48.20086433 ], [ 16.89398341, 48.20074806 ], [ 16.89397072, 48.20064943 ], [ 16.89395995, 48.20053162 ], [ 16.89395201, 48.20043403 ], [ 16.8939435, 48.20023467 ], [ 16.89394463, 48.20004748 ], [ 16.89394482, 48.20001523 ], [ 16.89395683, 48.19979594 ], [ 16.89397949, 48.19957702 ], [ 16.8940128, 48.19935871 ], [ 16.89405671, 48.19914124 ], [ 16.89411118, 48.19892484 ], [ 16.89417615, 48.19870974 ], [ 16.89425155, 48.19849617 ], [ 16.8943373, 48.19828434 ], [ 16.89436533, 48.19822309 ], [ 16.89443331, 48.1980745 ], [ 16.89453949, 48.19786685 ], [ 16.89460567, 48.19774999 ], [ 16.89461761, 48.1977289 ], [ 16.89462395, 48.1972529 ], [ 16.89459762, 48.19358867 ], [ 16.89460638, 48.19348755 ], [ 16.89407456, 48.19361991 ], [ 16.89363004, 48.19372079 ], [ 16.89341204, 48.19376098 ], [ 16.8931775, 48.19380422 ], [ 16.8922659, 48.19395335 ], [ 16.89180685, 48.19401904 ], [ 16.89142147, 48.19405869 ], [ 16.89134287, 48.19406677 ], [ 16.89133293, 48.1940676 ], [ 16.89041154, 48.19414412 ], [ 16.89019896, 48.19415758 ], [ 16.89009326, 48.19417707 ], [ 16.88918165, 48.19432617 ], [ 16.8887226, 48.19439185 ], [ 16.8882586, 48.19443957 ], [ 16.88732726, 48.19451689 ], [ 16.88685992, 48.19454648 ], [ 16.88663308, 48.19455426 ], [ 16.88617917, 48.19456556 ], [ 16.88595213, 48.19456907 ], [ 16.88573804, 48.19457036 ], [ 16.88573763, 48.19457037 ], [ 16.88551815, 48.19457168 ], [ 16.88551734, 48.19457169 ], [ 16.88513859, 48.19457395 ], [ 16.88509726, 48.19457416 ], [ 16.88495157, 48.19457478 ], [ 16.88486583, 48.19458551 ], [ 16.88417541, 48.19476933 ], [ 16.88415522, 48.19477471 ], [ 16.88374342, 48.19486812 ], [ 16.8837431, 48.19486757 ], [ 16.8836966, 48.19487735 ], [ 16.88363693, 48.19488919 ], [ 16.88361705, 48.19489349 ], [ 16.88298295, 48.19501188 ], [ 16.88234216, 48.19511288 ], [ 16.88169574, 48.19519631 ], [ 16.88137124, 48.19523362 ], [ 16.88104474, 48.19526205 ], [ 16.88039029, 48.19530997 ], [ 16.87973348, 48.19534 ], [ 16.87907536, 48.19535209 ], [ 16.87874611, 48.19535365 ], [ 16.87841704, 48.19534622 ], [ 16.87775964, 48.1953224 ], [ 16.87710425, 48.19528066 ], [ 16.87645194, 48.19522108 ], [ 16.87580383, 48.19514377 ], [ 16.87516097, 48.19504883 ], [ 16.87484097, 48.19499698 ], [ 16.87452442, 48.19493644 ], [ 16.87389527, 48.19480678 ], [ 16.87358267, 48.19473766 ], [ 16.87327455, 48.19466007 ], [ 16.87266331, 48.19449655 ], [ 16.87206257, 48.19431649 ], [ 16.87147331, 48.1941202 ], [ 16.87118167, 48.19401803 ], [ 16.8708965, 48.19390799 ], [ 16.87033314, 48.19368023 ], [ 16.8697993, 48.1934446 ], [ 16.869295, 48.19320227 ], [ 16.86904634, 48.19307787 ], [ 16.86901317, 48.19306059 ], [ 16.86867822, 48.19292517 ], [ 16.86812925, 48.19268223 ], [ 16.86759555, 48.19242451 ], [ 16.86733263, 48.19229201 ], [ 16.86707802, 48.19215245 ], [ 16.86657753, 48.1918665 ], [ 16.86624383, 48.19165951 ], [ 16.86623635, 48.19168547 ], [ 16.86598422, 48.1925598 ], [ 16.86550553, 48.19253394 ], [ 16.8652301, 48.19251907 ], [ 16.86544267, 48.19268051 ], [ 16.86564742, 48.19284641 ], [ 16.86584415, 48.19301659 ], [ 16.86603266, 48.19319088 ], [ 16.86621275, 48.19336911 ], [ 16.86638424, 48.19355108 ], [ 16.86654696, 48.19373663 ], [ 16.86670074, 48.19392555 ], [ 16.86684543, 48.19411766 ], [ 16.86698087, 48.19431276 ], [ 16.86710692, 48.19451064 ], [ 16.86722347, 48.19471112 ], [ 16.86733039, 48.19491398 ], [ 16.86742757, 48.19511902 ], [ 16.86751491, 48.19532604 ], [ 16.86759233, 48.1955348 ], [ 16.86765974, 48.19574512 ], [ 16.86771707, 48.19595676 ], [ 16.86776428, 48.19616953 ], [ 16.8678013, 48.19638319 ], [ 16.8678281, 48.19659753 ], [ 16.86784466, 48.19681233 ], [ 16.86785095, 48.19702738 ], [ 16.86784697, 48.19724245 ], [ 16.86798357, 48.19740485 ], [ 16.8681134, 48.19756972 ], [ 16.86823635, 48.19773693 ], [ 16.86828431, 48.19780547 ], [ 16.86841538, 48.19800392 ], [ 16.86853682, 48.1982051 ], [ 16.86864851, 48.19840878 ], [ 16.86875033, 48.19861476 ], [ 16.86884219, 48.19882283 ], [ 16.86892397, 48.19903277 ], [ 16.8689956, 48.19924435 ], [ 16.869057, 48.19945737 ], [ 16.86910811, 48.1996716 ], [ 16.86914888, 48.19988683 ], [ 16.86917926, 48.20010281 ], [ 16.86919922, 48.20031934 ], [ 16.86920875, 48.20053619 ], [ 16.86920782, 48.20075312 ], [ 16.86919645, 48.20096993 ], [ 16.86917464, 48.20118638 ], [ 16.86914241, 48.20140225 ], [ 16.8690998, 48.20161731 ], [ 16.86904686, 48.20183134 ], [ 16.86898364, 48.20204412 ], [ 16.8689102, 48.20225543 ], [ 16.86882661, 48.20246505 ], [ 16.86873298, 48.20267276 ], [ 16.86862938, 48.20287835 ], [ 16.86851594, 48.20308161 ], [ 16.86839277, 48.20328231 ], [ 16.86825999, 48.20348026 ], [ 16.86861411, 48.20343694 ], [ 16.86900859, 48.2033954 ], [ 16.86940448, 48.20336039 ], [ 16.86980155, 48.20333194 ], [ 16.87019955, 48.20331006 ], [ 16.87059824, 48.20329476 ], [ 16.87099737, 48.20328606 ], [ 16.8713967, 48.20328397 ], [ 16.87179598, 48.20328847 ], [ 16.87219498, 48.20329957 ], [ 16.87259345, 48.20331727 ], [ 16.87299113, 48.20334155 ], [ 16.8733878, 48.20337239 ], [ 16.87378321, 48.20340979 ], [ 16.87417711, 48.20345371 ], [ 16.87456927, 48.20350412 ], [ 16.87462616, 48.20351186 ], [ 16.87462402, 48.20351725 ], [ 16.8746903, 48.20352107 ], [ 16.87500045, 48.20356664 ], [ 16.87518587, 48.20359593 ], [ 16.87549373, 48.203648 ], [ 16.87567768, 48.20368118 ], [ 16.87598293, 48.2037397 ], [ 16.87616523, 48.20377673 ], [ 16.87646758, 48.20384164 ], [ 16.87664804, 48.20388249 ], [ 16.87694718, 48.20395372 ], [ 16.87712564, 48.20399835 ], [ 16.87742128, 48.20407584 ], [ 16.87759755, 48.20412419 ], [ 16.8778894, 48.20420787 ], [ 16.8780633, 48.2042599 ], [ 16.87835107, 48.20434967 ], [ 16.87852244, 48.20440534 ], [ 16.87880584, 48.20450112 ], [ 16.8789745, 48.20456037 ], [ 16.87925326, 48.20466206 ], [ 16.87941905, 48.20472482 ], [ 16.87969288, 48.20483232 ], [ 16.87985564, 48.20489854 ], [ 16.88012427, 48.20501175 ], [ 16.88028383, 48.20508136 ], [ 16.88054701, 48.20520016 ], [ 16.88070321, 48.2052731 ], [ 16.88096067, 48.20539737 ], [ 16.88097446, 48.20540425 ], [ 16.88099979, 48.20541828 ], [ 16.88130005, 48.20557468 ], [ 16.8820234, 48.20597459 ], [ 16.88237638, 48.20618158 ], [ 16.88271075, 48.20640193 ], [ 16.88335978, 48.20685526 ], [ 16.88367444, 48.20708824 ], [ 16.88397508, 48.20733906 ], [ 16.88455319, 48.20785196 ], [ 16.88473228, 48.2080211 ], [ 16.88483055, 48.2081139 ], [ 16.88485446, 48.20813811 ], [ 16.88504676, 48.20833279 ], [ 16.88545836, 48.20874945 ], [ 16.88546256, 48.2087537 ], [ 16.88546327, 48.20875442 ], [ 16.88566527, 48.20895902 ], [ 16.88582776, 48.20912359 ], [ 16.88605624, 48.20935499 ], [ 16.88609231, 48.2093592 ] ] ] ] } },
{ "type": "Feature", "properties": { "ID": 29, "ZONE": "WE32", "AREA_HA": 33.144062, "COMMUNITIES": "Gerasdorf bei Wien, Hagenbrunn", "LEGALFOUNDATIONDATE": "2024-09-01T00:00:00", "LEGISLATIONCODE": "NÖ LGBl. Nr. 47/2024", "LEGISLATIONTITLE": "Sektorales Raumordnungsprogramm über die Windkraftnutzung in Niederösterreich - Änderung", "LASTUPDATE": "2024-09-03T00:00:00" }, "geometry": { "type": "Polygon", "coordinates": [ [ [ 16.4443695, 48.33992723 ], [ 16.44427909, 48.339855 ], [ 16.44413119, 48.33983264 ], [ 16.44381072, 48.33977958 ], [ 16.44349378, 48.33971786 ], [ 16.44286394, 48.33958585 ], [ 16.44255104, 48.33951556 ], [ 16.4422427, 48.33943681 ], [ 16.44163111, 48.339271 ], [ 16.44103018, 48.3390887 ], [ 16.4404409, 48.33889021 ], [ 16.44014929, 48.33878695 ], [ 16.43986424, 48.33867584 ], [ 16.4393012, 48.33844597 ], [ 16.43875271, 48.33820099 ], [ 16.43821965, 48.33794129 ], [ 16.43795709, 48.33780781 ], [ 16.43770292, 48.3376673 ], [ 16.4372034, 48.33737949 ], [ 16.43672192, 48.33707833 ], [ 16.43625926, 48.33676433 ], [ 16.43603273, 48.33660418 ], [ 16.43581618, 48.33643799 ], [ 16.43576214, 48.33639477 ], [ 16.43569267, 48.33634096 ], [ 16.43542434, 48.3361269 ], [ 16.43532014, 48.33604544 ], [ 16.43505494, 48.33582685 ], [ 16.43502003, 48.33579519 ], [ 16.43485944, 48.33564946 ], [ 16.43447947, 48.33528951 ], [ 16.434295, 48.33510695 ], [ 16.43412184, 48.33491952 ], [ 16.43378715, 48.33454011 ], [ 16.43347596, 48.33415192 ], [ 16.43318877, 48.33375558 ], [ 16.43305124, 48.33355545 ], [ 16.43292607, 48.33335175 ], [ 16.43274705, 48.33304258 ], [ 16.43272408, 48.33308078 ], [ 16.43259167, 48.33328181 ], [ 16.43244951, 48.33347987 ], [ 16.43229776, 48.33367473 ], [ 16.43213657, 48.3338662 ], [ 16.43196612, 48.33405406 ], [ 16.43178659, 48.33423813 ], [ 16.43159817, 48.3344182 ], [ 16.43194683, 48.33615082 ], [ 16.43200263, 48.33736427 ], [ 16.43191829, 48.33806388 ], [ 16.43180172, 48.33870642 ], [ 16.43168443, 48.33896349 ], [ 16.43140732, 48.33964185 ], [ 16.43116028, 48.34023176 ], [ 16.43170488, 48.34014841 ], [ 16.43235386, 48.34006751 ], [ 16.43300725, 48.34000432 ], [ 16.43366397, 48.33995894 ], [ 16.43432292, 48.33993146 ], [ 16.43465282, 48.3399222 ], [ 16.43498302, 48.33992191 ], [ 16.43564313, 48.33993031 ], [ 16.43630216, 48.33995666 ], [ 16.43695906, 48.34000091 ], [ 16.43728684, 48.3400275 ], [ 16.43761272, 48.34006298 ], [ 16.43826202, 48.34014276 ], [ 16.43890589, 48.34024014 ], [ 16.43954328, 48.34035494 ], [ 16.44017312, 48.34048697 ], [ 16.44079436, 48.34063601 ], [ 16.44110271, 48.34071476 ], [ 16.44140597, 48.34080182 ], [ 16.44200693, 48.34098413 ], [ 16.44259624, 48.34118261 ], [ 16.44317292, 48.34139696 ], [ 16.44373601, 48.34162681 ], [ 16.44380145, 48.34165603 ], [ 16.44398423, 48.34171799 ], [ 16.44583025, 48.34109002 ], [ 16.44578997, 48.34105758 ], [ 16.44574494, 48.34102187 ], [ 16.44539362, 48.34074406 ], [ 16.44531824, 48.34068355 ], [ 16.44522437, 48.34060705 ], [ 16.44518031, 48.34057188 ], [ 16.44503905, 48.34045963 ], [ 16.44484594, 48.34030491 ], [ 16.44481814, 48.34028339 ], [ 16.44470859, 48.3401977 ], [ 16.44465413, 48.34015464 ], [ 16.4445072, 48.34003725 ], [ 16.4443695, 48.33992723 ] ] ] } }
]
}
